[2026-04-30 12:25:25] [info] phone-bridge: connecting to wss://pbx12127.onpbx.ru:3342/?key=OGV3MWNuVkw0VWJuZHc3c1lUeFViaWVJYnA5UXdGaXM
[2026-04-30 12:25:25] [info] phone-bridge: connected, subscribing to user_registration,user_blf,user_status
[2026-05-16 00:24:48] [warning] phone-bridge: no events for 330s — forcing reconnect
[2026-05-16 00:24:48] [warning] phone-bridge: connection closed (code=1000 reason=)
[2026-05-16 00:24:48] [info] phone-bridge: reconnecting in 1s
[2026-05-16 00:24:50] [info] phone-bridge: connected, subscribing to user_registration,user_blf,user_status
[2026-05-16 00:30:20] [warning] phone-bridge: no events for 330s — forcing reconnect
[2026-05-16 00:30:20] [warning] phone-bridge: connection closed (code=1000 reason=)
[2026-05-16 00:30:20] [info] phone-bridge: reconnecting in 1s
[2026-05-16 00:30:21] [info] phone-bridge: connected, subscribing to user_registration,user_blf,user_status
[2026-05-16 00:35:51] [warning] phone-bridge: no events for 317s — forcing reconnect
[2026-05-16 00:35:51] [warning] phone-bridge: connection closed (code=1000 reason=)
[2026-05-16 00:35:51] [info] phone-bridge: reconnecting in 1s
[2026-05-16 00:35:53] [info] phone-bridge: connected, subscribing to user_registration,user_blf,user_status
[2026-05-16 00:41:53] [warning] phone-bridge: no events for 303s — forcing reconnect
[2026-05-16 00:41:53] [warning] phone-bridge: connection closed (code=1000 reason=)
[2026-05-16 00:41:53] [info] phone-bridge: reconnecting in 1s
[2026-05-16 00:41:55] [info] phone-bridge: connected, subscribing to user_registration,user_blf,user_status
[2026-05-16 00:50:55] [warning] phone-bridge: no events for 305s — forcing reconnect
[2026-05-16 00:50:55] [warning] phone-bridge: connection closed (code=1000 reason=)
[2026-05-16 00:50:55] [info] phone-bridge: reconnecting in 1s
[2026-05-16 00:50:56] [info] phone-bridge: connected, subscribing to user_registration,user_blf,user_status
[2026-05-16 00:59:56] [warning] phone-bridge: no events for 306s — forcing reconnect
[2026-05-16 00:59:56] [warning] phone-bridge: connection closed (code=1000 reason=)
[2026-05-16 00:59:56] [info] phone-bridge: reconnecting in 1s
[2026-05-16 00:59:58] [info] phone-bridge: connected, subscribing to user_registration,user_blf,user_status
[2026-05-16 01:08:58] [warning] phone-bridge: no events for 308s — forcing reconnect
[2026-05-16 01:08:58] [warning] phone-bridge: connection closed (code=1000 reason=)
[2026-05-16 01:08:58] [info] phone-bridge: reconnecting in 1s
[2026-05-16 01:09:00] [info] phone-bridge: connected, subscribing to user_registration,user_blf,user_status
[2026-05-16 01:18:00] [warning] phone-bridge: no events for 309s — forcing reconnect
[2026-05-16 01:18:00] [warning] phone-bridge: connection closed (code=1000 reason=)
[2026-05-16 01:18:00] [info] phone-bridge: reconnecting in 1s
[2026-05-16 01:18:01] [info] phone-bridge: connected, subscribing to user_registration,user_blf,user_status
[2026-05-16 01:27:02] [warning] phone-bridge: no events for 311s — forcing reconnect
[2026-05-16 01:27:02] [warning] phone-bridge: connection closed (code=1000 reason=)
[2026-05-16 01:27:02] [info] phone-bridge: reconnecting in 1s
[2026-05-16 01:27:03] [info] phone-bridge: connected, subscribing to user_registration,user_blf,user_status
[2026-05-16 01:36:03] [warning] phone-bridge: no events for 312s — forcing reconnect
[2026-05-16 01:36:03] [warning] phone-bridge: connection closed (code=1000 reason=)
[2026-05-16 01:36:03] [info] phone-bridge: reconnecting in 1s
[2026-05-16 01:36:05] [info] phone-bridge: connected, subscribing to user_registration,user_blf,user_status
[2026-05-16 01:41:35] [warning] phone-bridge: no events for 330s — forcing reconnect
[2026-05-16 01:41:35] [warning] phone-bridge: connection closed (code=1000 reason=)
[2026-05-16 01:41:35] [info] phone-bridge: reconnecting in 1s
[2026-05-16 01:41:36] [info] phone-bridge: connected, subscribing to user_registration,user_blf,user_status
[2026-05-16 01:47:36] [warning] phone-bridge: no events for 320s — forcing reconnect
[2026-05-16 01:47:36] [warning] phone-bridge: connection closed (code=1000 reason=)
[2026-05-16 01:47:36] [info] phone-bridge: reconnecting in 1s
[2026-05-16 01:47:38] [info] phone-bridge: connected, subscribing to user_registration,user_blf,user_status
[2026-05-16 01:53:08] [warning] phone-bridge: no events for 330s — forcing reconnect
[2026-05-16 01:53:08] [warning] phone-bridge: connection closed (code=1000 reason=)
[2026-05-16 01:53:08] [info] phone-bridge: reconnecting in 1s
[2026-05-16 01:53:10] [info] phone-bridge: connected, subscribing to user_registration,user_blf,user_status
[2026-05-16 01:58:40] [warning] phone-bridge: no events for 330s — forcing reconnect
[2026-05-16 01:58:40] [warning] phone-bridge: connection closed (code=1000 reason=)
[2026-05-16 01:58:40] [info] phone-bridge: reconnecting in 1s
[2026-05-16 01:58:41] [info] phone-bridge: connected, subscribing to user_registration,user_blf,user_status
[2026-05-16 02:04:11] [warning] phone-bridge: no events for 330s — forcing reconnect
[2026-05-16 02:04:11] [warning] phone-bridge: connection closed (code=1000 reason=)
[2026-05-16 02:04:11] [info] phone-bridge: reconnecting in 1s
[2026-05-16 02:04:13] [info] phone-bridge: connected, subscribing to user_registration,user_blf,user_status
[2026-05-16 02:09:43] [warning] phone-bridge: no events for 330s — forcing reconnect
[2026-05-16 02:09:43] [warning] phone-bridge: connection closed (code=1000 reason=)
[2026-05-16 02:09:43] [info] phone-bridge: reconnecting in 1s
[2026-05-16 02:09:45] [info] phone-bridge: connected, subscribing to user_registration,user_blf,user_status
[2026-05-16 02:15:15] [warning] phone-bridge: no events for 330s — forcing reconnect
[2026-05-16 02:15:15] [warning] phone-bridge: connection closed (code=1000 reason=)
[2026-05-16 02:15:15] [info] phone-bridge: reconnecting in 1s
[2026-05-16 02:15:16] [info] phone-bridge: connected, subscribing to user_registration,user_blf,user_status
[2026-05-16 02:20:46] [warning] phone-bridge: no events for 330s — forcing reconnect
[2026-05-16 02:20:46] [warning] phone-bridge: connection closed (code=1000 reason=)
[2026-05-16 02:20:46] [info] phone-bridge: reconnecting in 1s
[2026-05-16 02:20:48] [info] phone-bridge: connected, subscribing to user_registration,user_blf,user_status
[2026-05-16 02:26:18] [warning] phone-bridge: no events for 330s — forcing reconnect
[2026-05-16 02:26:18] [warning] phone-bridge: connection closed (code=1000 reason=)
[2026-05-16 02:26:18] [info] phone-bridge: reconnecting in 1s
[2026-05-16 02:26:19] [info] phone-bridge: connected, subscribing to user_registration,user_blf,user_status
[2026-05-16 02:31:49] [warning] phone-bridge: no events for 330s — forcing reconnect
[2026-05-16 02:31:49] [warning] phone-bridge: connection closed (code=1000 reason=)
[2026-05-16 02:31:49] [info] phone-bridge: reconnecting in 1s
[2026-05-16 02:31:51] [info] phone-bridge: connected, subscribing to user_registration,user_blf,user_status
[2026-05-16 02:37:21] [warning] phone-bridge: no events for 330s — forcing reconnect
[2026-05-16 02:37:21] [warning] phone-bridge: connection closed (code=1000 reason=)
[2026-05-16 02:37:21] [info] phone-bridge: reconnecting in 1s
[2026-05-16 02:37:23] [info] phone-bridge: connected, subscribing to user_registration,user_blf,user_status
[2026-05-16 02:42:53] [warning] phone-bridge: no events for 330s — forcing reconnect
[2026-05-16 02:42:53] [warning] phone-bridge: connection closed (code=1000 reason=)
[2026-05-16 02:42:53] [info] phone-bridge: reconnecting in 1s
[2026-05-16 02:42:54] [info] phone-bridge: connected, subscribing to user_registration,user_blf,user_status
[2026-05-16 02:48:25] [warning] phone-bridge: no events for 330s — forcing reconnect
[2026-05-16 02:48:25] [warning] phone-bridge: connection closed (code=1000 reason=)
[2026-05-16 02:48:25] [info] phone-bridge: reconnecting in 1s
[2026-05-16 02:48:26] [info] phone-bridge: connected, subscribing to user_registration,user_blf,user_status
[2026-05-16 02:53:56] [warning] phone-bridge: no events for 330s — forcing reconnect
[2026-05-16 02:53:56] [warning] phone-bridge: connection closed (code=1000 reason=)
[2026-05-16 02:53:56] [info] phone-bridge: reconnecting in 1s
[2026-05-16 02:53:58] [info] phone-bridge: connected, subscribing to user_registration,user_blf,user_status
[2026-05-16 02:59:28] [warning] phone-bridge: no events for 330s — forcing reconnect
[2026-05-16 02:59:28] [warning] phone-bridge: connection closed (code=1000 reason=)
[2026-05-16 02:59:28] [info] phone-bridge: reconnecting in 1s
[2026-05-16 02:59:29] [info] phone-bridge: connected, subscribing to user_registration,user_blf,user_status
[2026-05-16 03:04:59] [warning] phone-bridge: no events for 330s — forcing reconnect
[2026-05-16 03:04:59] [warning] phone-bridge: connection closed (code=1000 reason=)
[2026-05-16 03:04:59] [info] phone-bridge: reconnecting in 1s
[2026-05-16 03:05:01] [info] phone-bridge: connected, subscribing to user_registration,user_blf,user_status
[2026-05-16 03:10:31] [warning] phone-bridge: no events for 330s — forcing reconnect
[2026-05-16 03:10:31] [warning] phone-bridge: connection closed (code=1000 reason=)
[2026-05-16 03:10:31] [info] phone-bridge: reconnecting in 1s
[2026-05-16 03:10:33] [info] phone-bridge: connected, subscribing to user_registration,user_blf,user_status
[2026-05-16 03:16:03] [warning] phone-bridge: no events for 330s — forcing reconnect
[2026-05-16 03:16:03] [warning] phone-bridge: connection closed (code=1000 reason=)
[2026-05-16 03:16:03] [info] phone-bridge: reconnecting in 1s
[2026-05-16 03:16:04] [info] phone-bridge: connected, subscribing to user_registration,user_blf,user_status
[2026-05-16 03:21:34] [warning] phone-bridge: no events for 330s — forcing reconnect
[2026-05-16 03:21:34] [warning] phone-bridge: connection closed (code=1000 reason=)
[2026-05-16 03:21:34] [info] phone-bridge: reconnecting in 1s
[2026-05-16 03:21:36] [info] phone-bridge: connected, subscribing to user_registration,user_blf,user_status
[2026-05-16 03:27:06] [warning] phone-bridge: no events for 330s — forcing reconnect
[2026-05-16 03:27:06] [warning] phone-bridge: connection closed (code=1000 reason=)
[2026-05-16 03:27:06] [info] phone-bridge: reconnecting in 1s
[2026-05-16 03:27:07] [info] phone-bridge: connected, subscribing to user_registration,user_blf,user_status
[2026-05-16 03:32:38] [warning] phone-bridge: no events for 330s — forcing reconnect
[2026-05-16 03:32:38] [warning] phone-bridge: connection closed (code=1000 reason=)
[2026-05-16 03:32:38] [info] phone-bridge: reconnecting in 1s
[2026-05-16 03:32:39] [info] phone-bridge: connected, subscribing to user_registration,user_blf,user_status
[2026-05-16 03:38:09] [warning] phone-bridge: no events for 330s — forcing reconnect
[2026-05-16 03:38:09] [warning] phone-bridge: connection closed (code=1000 reason=)
[2026-05-16 03:38:09] [info] phone-bridge: reconnecting in 1s
[2026-05-16 03:38:11] [info] phone-bridge: connected, subscribing to user_registration,user_blf,user_status
[2026-05-16 03:43:41] [warning] phone-bridge: no events for 330s — forcing reconnect
[2026-05-16 03:43:41] [warning] phone-bridge: connection closed (code=1000 reason=)
[2026-05-16 03:43:41] [info] phone-bridge: reconnecting in 1s
[2026-05-16 03:43:42] [info] phone-bridge: connected, subscribing to user_registration,user_blf,user_status
[2026-05-16 03:49:12] [warning] phone-bridge: no events for 330s — forcing reconnect
[2026-05-16 03:49:12] [warning] phone-bridge: connection closed (code=1000 reason=)
[2026-05-16 03:49:12] [info] phone-bridge: reconnecting in 1s
[2026-05-16 03:49:14] [info] phone-bridge: connected, subscribing to user_registration,user_blf,user_status
[2026-05-16 03:54:44] [warning] phone-bridge: no events for 330s — forcing reconnect
[2026-05-16 03:54:44] [warning] phone-bridge: connection closed (code=1000 reason=)
[2026-05-16 03:54:44] [info] phone-bridge: reconnecting in 1s
[2026-05-16 03:54:45] [info] phone-bridge: connected, subscribing to user_registration,user_blf,user_status
[2026-05-16 04:00:16] [warning] phone-bridge: no events for 330s — forcing reconnect
[2026-05-16 04:00:16] [warning] phone-bridge: connection closed (code=1000 reason=)
[2026-05-16 04:00:16] [info] phone-bridge: reconnecting in 1s
[2026-05-16 04:00:17] [info] phone-bridge: connected, subscribing to user_registration,user_blf,user_status
[2026-05-16 04:05:47] [warning] phone-bridge: no events for 330s — forcing reconnect
[2026-05-16 04:05:47] [warning] phone-bridge: connection closed (code=1000 reason=)
[2026-05-16 04:05:47] [info] phone-bridge: reconnecting in 1s
[2026-05-16 04:05:49] [info] phone-bridge: connected, subscribing to user_registration,user_blf,user_status
[2026-05-16 04:11:19] [warning] phone-bridge: no events for 330s — forcing reconnect
[2026-05-16 04:11:19] [warning] phone-bridge: connection closed (code=1000 reason=)
[2026-05-16 04:11:19] [info] phone-bridge: reconnecting in 1s
[2026-05-16 04:11:20] [info] phone-bridge: connected, subscribing to user_registration,user_blf,user_status
[2026-05-16 04:16:50] [warning] phone-bridge: no events for 330s — forcing reconnect
[2026-05-16 04:16:50] [warning] phone-bridge: connection closed (code=1000 reason=)
[2026-05-16 04:16:50] [info] phone-bridge: reconnecting in 1s
[2026-05-16 04:16:52] [info] phone-bridge: connected, subscribing to user_registration,user_blf,user_status
[2026-05-16 04:22:22] [warning] phone-bridge: no events for 330s — forcing reconnect
[2026-05-16 04:22:22] [warning] phone-bridge: connection closed (code=1000 reason=)
[2026-05-16 04:22:22] [info] phone-bridge: reconnecting in 1s
[2026-05-16 04:22:24] [info] phone-bridge: connected, subscribing to user_registration,user_blf,user_status
[2026-05-16 04:27:54] [warning] phone-bridge: no events for 330s — forcing reconnect
[2026-05-16 04:27:54] [warning] phone-bridge: connection closed (code=1000 reason=)
[2026-05-16 04:27:54] [info] phone-bridge: reconnecting in 1s
[2026-05-16 04:27:55] [info] phone-bridge: connected, subscribing to user_registration,user_blf,user_status
[2026-05-16 04:33:25] [warning] phone-bridge: no events for 330s — forcing reconnect
[2026-05-16 04:33:25] [warning] phone-bridge: connection closed (code=1000 reason=)
[2026-05-16 04:33:25] [info] phone-bridge: reconnecting in 1s
[2026-05-16 04:33:27] [info] phone-bridge: connected, subscribing to user_registration,user_blf,user_status
[2026-05-16 04:38:57] [warning] phone-bridge: no events for 330s — forcing reconnect
[2026-05-16 04:38:57] [warning] phone-bridge: connection closed (code=1000 reason=)
[2026-05-16 04:38:57] [info] phone-bridge: reconnecting in 1s
[2026-05-16 04:38:58] [info] phone-bridge: connected, subscribing to user_registration,user_blf,user_status
[2026-05-16 04:44:29] [warning] phone-bridge: no events for 330s — forcing reconnect
[2026-05-16 04:44:29] [warning] phone-bridge: connection closed (code=1000 reason=)
[2026-05-16 04:44:29] [info] phone-bridge: reconnecting in 1s
[2026-05-16 04:44:30] [info] phone-bridge: connected, subscribing to user_registration,user_blf,user_status
[2026-05-16 04:50:00] [warning] phone-bridge: no events for 330s — forcing reconnect
[2026-05-16 04:50:00] [warning] phone-bridge: connection closed (code=1000 reason=)
[2026-05-16 04:50:00] [info] phone-bridge: reconnecting in 1s
[2026-05-16 04:50:02] [info] phone-bridge: connected, subscribing to user_registration,user_blf,user_status
[2026-05-16 04:55:32] [warning] phone-bridge: no events for 330s — forcing reconnect
[2026-05-16 04:55:32] [warning] phone-bridge: connection closed (code=1000 reason=)
[2026-05-16 04:55:32] [info] phone-bridge: reconnecting in 1s
[2026-05-16 04:55:33] [info] phone-bridge: connected, subscribing to user_registration,user_blf,user_status
[2026-05-16 05:01:03] [warning] phone-bridge: no events for 330s — forcing reconnect
[2026-05-16 05:01:03] [warning] phone-bridge: connection closed (code=1000 reason=)
[2026-05-16 05:01:03] [info] phone-bridge: reconnecting in 1s
[2026-05-16 05:01:05] [info] phone-bridge: connected, subscribing to user_registration,user_blf,user_status
[2026-05-16 05:06:35] [warning] phone-bridge: no events for 330s — forcing reconnect
[2026-05-16 05:06:35] [warning] phone-bridge: connection closed (code=1000 reason=)
[2026-05-16 05:06:35] [info] phone-bridge: reconnecting in 1s
[2026-05-16 05:06:36] [info] phone-bridge: connected, subscribing to user_registration,user_blf,user_status
[2026-05-16 05:12:07] [warning] phone-bridge: no events for 330s — forcing reconnect
[2026-05-16 05:12:07] [warning] phone-bridge: connection closed (code=1000 reason=)
[2026-05-16 05:12:07] [info] phone-bridge: reconnecting in 1s
[2026-05-16 05:12:08] [info] phone-bridge: connected, subscribing to user_registration,user_blf,user_status
[2026-05-16 05:17:38] [warning] phone-bridge: no events for 330s — forcing reconnect
[2026-05-16 05:17:38] [warning] phone-bridge: connection closed (code=1000 reason=)
[2026-05-16 05:17:38] [info] phone-bridge: reconnecting in 1s
[2026-05-16 05:17:40] [info] phone-bridge: connected, subscribing to user_registration,user_blf,user_status
[2026-05-16 05:23:10] [warning] phone-bridge: no events for 330s — forcing reconnect
[2026-05-16 05:23:10] [warning] phone-bridge: connection closed (code=1000 reason=)
[2026-05-16 05:23:10] [info] phone-bridge: reconnecting in 1s
[2026-05-16 05:23:11] [info] phone-bridge: connected, subscribing to user_registration,user_blf,user_status
[2026-05-16 05:28:41] [warning] phone-bridge: no events for 330s — forcing reconnect
[2026-05-16 05:28:41] [warning] phone-bridge: connection closed (code=1000 reason=)
[2026-05-16 05:28:41] [info] phone-bridge: reconnecting in 1s
[2026-05-16 05:28:43] [info] phone-bridge: connected, subscribing to user_registration,user_blf,user_status
[2026-05-16 05:34:13] [warning] phone-bridge: no events for 330s — forcing reconnect
[2026-05-16 05:34:13] [warning] phone-bridge: connection closed (code=1000 reason=)
[2026-05-16 05:34:13] [info] phone-bridge: reconnecting in 1s
[2026-05-16 05:34:15] [info] phone-bridge: connected, subscribing to user_registration,user_blf,user_status
[2026-05-16 05:39:45] [warning] phone-bridge: no events for 330s — forcing reconnect
[2026-05-16 05:39:45] [warning] phone-bridge: connection closed (code=1000 reason=)
[2026-05-16 05:39:45] [info] phone-bridge: reconnecting in 1s
[2026-05-16 05:39:46] [info] phone-bridge: connected, subscribing to user_registration,user_blf,user_status
[2026-05-16 05:45:16] [warning] phone-bridge: no events for 330s — forcing reconnect
[2026-05-16 05:45:16] [warning] phone-bridge: connection closed (code=1000 reason=)
[2026-05-16 05:45:16] [info] phone-bridge: reconnecting in 1s
[2026-05-16 05:45:18] [info] phone-bridge: connected, subscribing to user_registration,user_blf,user_status
[2026-05-16 05:50:48] [warning] phone-bridge: no events for 330s — forcing reconnect
[2026-05-16 05:50:48] [warning] phone-bridge: connection closed (code=1000 reason=)
[2026-05-16 05:50:48] [info] phone-bridge: reconnecting in 1s
[2026-05-16 05:50:49] [info] phone-bridge: connected, subscribing to user_registration,user_blf,user_status
[2026-05-16 05:56:20] [warning] phone-bridge: no events for 330s — forcing reconnect
[2026-05-16 05:56:20] [warning] phone-bridge: connection closed (code=1000 reason=)
[2026-05-16 05:56:20] [info] phone-bridge: reconnecting in 1s
[2026-05-16 05:56:21] [info] phone-bridge: connected, subscribing to user_registration,user_blf,user_status
[2026-05-16 06:01:51] [warning] phone-bridge: no events for 330s — forcing reconnect
[2026-05-16 06:01:51] [warning] phone-bridge: connection closed (code=1000 reason=)
[2026-05-16 06:01:51] [info] phone-bridge: reconnecting in 1s
[2026-05-16 06:01:53] [info] phone-bridge: connected, subscribing to user_registration,user_blf,user_status
[2026-05-16 06:07:23] [warning] phone-bridge: no events for 330s — forcing reconnect
[2026-05-16 06:07:23] [warning] phone-bridge: connection closed (code=1000 reason=)
[2026-05-16 06:07:23] [info] phone-bridge: reconnecting in 1s
[2026-05-16 06:07:24] [info] phone-bridge: connected, subscribing to user_registration,user_blf,user_status
[2026-05-16 06:12:55] [warning] phone-bridge: no events for 330s — forcing reconnect
[2026-05-16 06:12:55] [warning] phone-bridge: connection closed (code=1000 reason=)
[2026-05-16 06:12:55] [info] phone-bridge: reconnecting in 1s
[2026-05-16 06:12:56] [info] phone-bridge: connected, subscribing to user_registration,user_blf,user_status
[2026-05-16 06:18:26] [warning] phone-bridge: no events for 330s — forcing reconnect
[2026-05-16 06:18:26] [warning] phone-bridge: connection closed (code=1000 reason=)
[2026-05-16 06:18:26] [info] phone-bridge: reconnecting in 1s
[2026-05-16 06:18:28] [info] phone-bridge: connected, subscribing to user_registration,user_blf,user_status
[2026-05-16 06:23:58] [warning] phone-bridge: no events for 330s — forcing reconnect
[2026-05-16 06:23:58] [warning] phone-bridge: connection closed (code=1000 reason=)
[2026-05-16 06:23:58] [info] phone-bridge: reconnecting in 1s
[2026-05-16 06:23:59] [info] phone-bridge: connected, subscribing to user_registration,user_blf,user_status
[2026-05-16 06:29:29] [warning] phone-bridge: no events for 330s — forcing reconnect
[2026-05-16 06:29:29] [warning] phone-bridge: connection closed (code=1000 reason=)
[2026-05-16 06:29:29] [info] phone-bridge: reconnecting in 1s
[2026-05-16 06:29:31] [info] phone-bridge: connected, subscribing to user_registration,user_blf,user_status
[2026-05-16 06:35:01] [warning] phone-bridge: no events for 330s — forcing reconnect
[2026-05-16 06:35:01] [warning] phone-bridge: connection closed (code=1000 reason=)
[2026-05-16 06:35:01] [info] phone-bridge: reconnecting in 1s
[2026-05-16 06:35:03] [info] phone-bridge: connected, subscribing to user_registration,user_blf,user_status
[2026-05-16 06:40:33] [warning] phone-bridge: no events for 330s — forcing reconnect
[2026-05-16 06:40:33] [warning] phone-bridge: connection closed (code=1000 reason=)
[2026-05-16 06:40:33] [info] phone-bridge: reconnecting in 1s
[2026-05-16 06:40:34] [info] phone-bridge: connected, subscribing to user_registration,user_blf,user_status
[2026-05-16 06:46:04] [warning] phone-bridge: no events for 330s — forcing reconnect
[2026-05-16 06:46:04] [warning] phone-bridge: connection closed (code=1000 reason=)
[2026-05-16 06:46:04] [info] phone-bridge: reconnecting in 1s
[2026-05-16 06:46:06] [info] phone-bridge: connected, subscribing to user_registration,user_blf,user_status
[2026-05-16 06:51:36] [warning] phone-bridge: no events for 330s — forcing reconnect
[2026-05-16 06:51:36] [warning] phone-bridge: connection closed (code=1000 reason=)
[2026-05-16 06:51:36] [info] phone-bridge: reconnecting in 1s
[2026-05-16 06:51:37] [info] phone-bridge: connected, subscribing to user_registration,user_blf,user_status
[2026-05-16 06:57:08] [warning] phone-bridge: no events for 330s — forcing reconnect
[2026-05-16 06:57:08] [warning] phone-bridge: connection closed (code=1000 reason=)
[2026-05-16 06:57:08] [info] phone-bridge: reconnecting in 1s
[2026-05-16 06:57:09] [info] phone-bridge: connected, subscribing to user_registration,user_blf,user_status
[2026-05-16 07:02:39] [warning] phone-bridge: no events for 330s — forcing reconnect
[2026-05-16 07:02:39] [warning] phone-bridge: connection closed (code=1000 reason=)
[2026-05-16 07:02:39] [info] phone-bridge: reconnecting in 1s
[2026-05-16 07:02:41] [info] phone-bridge: connected, subscribing to user_registration,user_blf,user_status
[2026-05-16 07:08:11] [warning] phone-bridge: no events for 330s — forcing reconnect
[2026-05-16 07:08:11] [warning] phone-bridge: connection closed (code=1000 reason=)
[2026-05-16 07:08:11] [info] phone-bridge: reconnecting in 1s
[2026-05-16 07:08:13] [info] phone-bridge: connected, subscribing to user_registration,user_blf,user_status
[2026-05-16 07:13:43] [warning] phone-bridge: no events for 330s — forcing reconnect
[2026-05-16 07:13:43] [warning] phone-bridge: connection closed (code=1000 reason=)
[2026-05-16 07:13:43] [info] phone-bridge: reconnecting in 1s
[2026-05-16 07:13:44] [info] phone-bridge: connected, subscribing to user_registration,user_blf,user_status
[2026-05-16 07:19:14] [warning] phone-bridge: no events for 330s — forcing reconnect
[2026-05-16 07:19:14] [warning] phone-bridge: connection closed (code=1000 reason=)
[2026-05-16 07:19:14] [info] phone-bridge: reconnecting in 1s
[2026-05-16 07:19:16] [info] phone-bridge: connected, subscribing to user_registration,user_blf,user_status
[2026-05-16 07:24:46] [warning] phone-bridge: no events for 330s — forcing reconnect
[2026-05-16 07:24:46] [warning] phone-bridge: connection closed (code=1000 reason=)
[2026-05-16 07:24:46] [info] phone-bridge: reconnecting in 1s
[2026-05-16 07:24:47] [info] phone-bridge: connected, subscribing to user_registration,user_blf,user_status
[2026-05-16 07:30:18] [warning] phone-bridge: no events for 330s — forcing reconnect
[2026-05-16 07:30:18] [warning] phone-bridge: connection closed (code=1000 reason=)
[2026-05-16 07:30:18] [info] phone-bridge: reconnecting in 1s
[2026-05-16 07:30:19] [info] phone-bridge: connected, subscribing to user_registration,user_blf,user_status
[2026-05-16 07:35:49] [warning] phone-bridge: no events for 330s — forcing reconnect
[2026-05-16 07:35:49] [warning] phone-bridge: connection closed (code=1000 reason=)
[2026-05-16 07:35:49] [info] phone-bridge: reconnecting in 1s
[2026-05-16 07:35:51] [info] phone-bridge: connected, subscribing to user_registration,user_blf,user_status
[2026-05-16 07:41:21] [warning] phone-bridge: no events for 330s — forcing reconnect
[2026-05-16 07:41:21] [warning] phone-bridge: connection closed (code=1000 reason=)
[2026-05-16 07:41:21] [info] phone-bridge: reconnecting in 1s
[2026-05-16 07:41:22] [info] phone-bridge: connected, subscribing to user_registration,user_blf,user_status
[2026-05-16 07:46:52] [warning] phone-bridge: no events for 330s — forcing reconnect
[2026-05-16 07:46:52] [warning] phone-bridge: connection closed (code=1000 reason=)
[2026-05-16 07:46:52] [info] phone-bridge: reconnecting in 1s
[2026-05-16 07:46:54] [info] phone-bridge: connected, subscribing to user_registration,user_blf,user_status
[2026-05-16 07:52:24] [warning] phone-bridge: no events for 330s — forcing reconnect
[2026-05-16 07:52:24] [warning] phone-bridge: connection closed (code=1000 reason=)
[2026-05-16 07:52:24] [info] phone-bridge: reconnecting in 1s
[2026-05-16 07:52:26] [info] phone-bridge: connected, subscribing to user_registration,user_blf,user_status
[2026-05-16 07:57:56] [warning] phone-bridge: no events for 330s — forcing reconnect
[2026-05-16 07:57:56] [warning] phone-bridge: connection closed (code=1000 reason=)
[2026-05-16 07:57:56] [info] phone-bridge: reconnecting in 1s
[2026-05-16 07:57:57] [info] phone-bridge: connected, subscribing to user_registration,user_blf,user_status
[2026-05-16 08:03:27] [warning] phone-bridge: no events for 330s — forcing reconnect
[2026-05-16 08:03:27] [warning] phone-bridge: connection closed (code=1000 reason=)
[2026-05-16 08:03:27] [info] phone-bridge: reconnecting in 1s
[2026-05-16 08:03:29] [info] phone-bridge: connected, subscribing to user_registration,user_blf,user_status
[2026-05-16 08:08:59] [warning] phone-bridge: no events for 330s — forcing reconnect
[2026-05-16 08:08:59] [warning] phone-bridge: connection closed (code=1000 reason=)
[2026-05-16 08:08:59] [info] phone-bridge: reconnecting in 1s
[2026-05-16 08:09:00] [info] phone-bridge: connected, subscribing to user_registration,user_blf,user_status
[2026-05-16 08:14:31] [warning] phone-bridge: no events for 330s — forcing reconnect
[2026-05-16 08:14:31] [warning] phone-bridge: connection closed (code=1000 reason=)
[2026-05-16 08:14:31] [info] phone-bridge: reconnecting in 1s
[2026-05-16 08:14:32] [info] phone-bridge: connected, subscribing to user_registration,user_blf,user_status
[2026-05-16 08:20:02] [warning] phone-bridge: no events for 330s — forcing reconnect
[2026-05-16 08:20:02] [warning] phone-bridge: connection closed (code=1000 reason=)
[2026-05-16 08:20:02] [info] phone-bridge: reconnecting in 1s
[2026-05-16 08:20:04] [info] phone-bridge: connected, subscribing to user_registration,user_blf,user_status
[2026-05-16 08:25:34] [warning] phone-bridge: no events for 330s — forcing reconnect
[2026-05-16 08:25:34] [warning] phone-bridge: connection closed (code=1000 reason=)
[2026-05-16 08:25:34] [info] phone-bridge: reconnecting in 1s
[2026-05-16 08:25:35] [info] phone-bridge: connected, subscribing to user_registration,user_blf,user_status
[2026-05-16 08:31:06] [warning] phone-bridge: no events for 330s — forcing reconnect
[2026-05-16 08:31:06] [warning] phone-bridge: connection closed (code=1000 reason=)
[2026-05-16 08:31:06] [info] phone-bridge: reconnecting in 1s
[2026-05-16 08:31:07] [info] phone-bridge: connected, subscribing to user_registration,user_blf,user_status
[2026-05-16 08:36:37] [warning] phone-bridge: no events for 330s — forcing reconnect
[2026-05-16 08:36:37] [warning] phone-bridge: connection closed (code=1000 reason=)
[2026-05-16 08:36:37] [info] phone-bridge: reconnecting in 1s
[2026-05-16 08:36:39] [info] phone-bridge: connected, subscribing to user_registration,user_blf,user_status
[2026-05-16 18:30:45] [warning] phone-bridge: no events for 319s — forcing reconnect
[2026-05-16 18:30:45] [warning] phone-bridge: connection closed (code=1000 reason=)
[2026-05-16 18:30:45] [info] phone-bridge: reconnecting in 1s
[2026-05-16 18:30:47] [info] phone-bridge: connected, subscribing to user_registration,user_blf,user_status
[2026-05-16 18:57:48] [warning] phone-bridge: no events for 321s — forcing reconnect
[2026-05-16 18:57:48] [warning] phone-bridge: connection closed (code=1000 reason=)
[2026-05-16 18:57:48] [info] phone-bridge: reconnecting in 1s
[2026-05-16 18:57:49] [info] phone-bridge: connected, subscribing to user_registration,user_blf,user_status
[2026-05-16 19:06:49] [warning] phone-bridge: no events for 322s — forcing reconnect
[2026-05-16 19:06:49] [warning] phone-bridge: connection closed (code=1000 reason=)
[2026-05-16 19:06:49] [info] phone-bridge: reconnecting in 1s
[2026-05-16 19:06:51] [info] phone-bridge: connected, subscribing to user_registration,user_blf,user_status
[2026-05-16 19:24:51] [warning] phone-bridge: no events for 302s — forcing reconnect
[2026-05-16 19:24:51] [warning] phone-bridge: connection closed (code=1000 reason=)
[2026-05-16 19:24:51] [info] phone-bridge: reconnecting in 1s
[2026-05-16 19:24:53] [info] phone-bridge: connected, subscribing to user_registration,user_blf,user_status
[2026-05-16 19:33:53] [warning] phone-bridge: no events for 325s — forcing reconnect
[2026-05-16 19:33:53] [warning] phone-bridge: connection closed (code=1000 reason=)
[2026-05-16 19:33:53] [info] phone-bridge: reconnecting in 1s
[2026-05-16 19:33:54] [info] phone-bridge: connected, subscribing to user_registration,user_blf,user_status
[2026-05-16 20:00:25] [warning] phone-bridge: no events for 319s — forcing reconnect
[2026-05-16 20:00:25] [warning] phone-bridge: connection closed (code=1000 reason=)
[2026-05-16 20:00:25] [info] phone-bridge: reconnecting in 1s
[2026-05-16 20:00:26] [info] phone-bridge: connected, subscribing to user_registration,user_blf,user_status
[2026-05-16 20:10:26] [warning] phone-bridge: no events for 326s — forcing reconnect
[2026-05-16 20:10:26] [warning] phone-bridge: connection closed (code=1000 reason=)
[2026-05-16 20:10:26] [info] phone-bridge: reconnecting in 1s
[2026-05-16 20:10:28] [info] phone-bridge: connected, subscribing to user_registration,user_blf,user_status
[2026-05-16 20:15:58] [warning] phone-bridge: no events for 330s — forcing reconnect
[2026-05-16 20:15:58] [warning] phone-bridge: connection closed (code=1000 reason=)
[2026-05-16 20:15:58] [info] phone-bridge: reconnecting in 1s
[2026-05-16 20:16:00] [info] phone-bridge: connected, subscribing to user_registration,user_blf,user_status
[2026-05-16 20:21:30] [warning] phone-bridge: no events for 330s — forcing reconnect
[2026-05-16 20:21:30] [warning] phone-bridge: connection closed (code=1000 reason=)
[2026-05-16 20:21:30] [info] phone-bridge: reconnecting in 1s
[2026-05-16 20:21:31] [info] phone-bridge: connected, subscribing to user_registration,user_blf,user_status
[2026-05-16 20:27:01] [warning] phone-bridge: no events for 330s — forcing reconnect
[2026-05-16 20:27:01] [warning] phone-bridge: connection closed (code=1000 reason=)
[2026-05-16 20:27:01] [info] phone-bridge: reconnecting in 1s
[2026-05-16 20:27:03] [info] phone-bridge: connected, subscribing to user_registration,user_blf,user_status
[2026-05-16 20:32:33] [warning] phone-bridge: no events for 330s — forcing reconnect
[2026-05-16 20:32:33] [warning] phone-bridge: connection closed (code=1000 reason=)
[2026-05-16 20:32:33] [info] phone-bridge: reconnecting in 1s
[2026-05-16 20:32:35] [info] phone-bridge: connected, subscribing to user_registration,user_blf,user_status
[2026-05-16 20:38:05] [warning] phone-bridge: no events for 330s — forcing reconnect
[2026-05-16 20:38:05] [warning] phone-bridge: connection closed (code=1000 reason=)
[2026-05-16 20:38:05] [info] phone-bridge: reconnecting in 1s
[2026-05-16 20:38:06] [info] phone-bridge: connected, subscribing to user_registration,user_blf,user_status
[2026-05-16 20:43:36] [warning] phone-bridge: no events for 330s — forcing reconnect
[2026-05-16 20:43:36] [warning] phone-bridge: connection closed (code=1000 reason=)
[2026-05-16 20:43:36] [info] phone-bridge: reconnecting in 1s
[2026-05-16 20:43:38] [info] phone-bridge: connected, subscribing to user_registration,user_blf,user_status
[2026-05-16 20:49:08] [warning] phone-bridge: no events for 330s — forcing reconnect
[2026-05-16 20:49:08] [warning] phone-bridge: connection closed (code=1000 reason=)
[2026-05-16 20:49:08] [info] phone-bridge: reconnecting in 1s
[2026-05-16 20:49:10] [info] phone-bridge: connected, subscribing to user_registration,user_blf,user_status
[2026-05-16 20:54:40] [warning] phone-bridge: no events for 330s — forcing reconnect
[2026-05-16 20:54:40] [warning] phone-bridge: connection closed (code=1000 reason=)
[2026-05-16 20:54:40] [info] phone-bridge: reconnecting in 1s
[2026-05-16 20:54:41] [info] phone-bridge: connected, subscribing to user_registration,user_blf,user_status
[2026-05-16 21:00:11] [warning] phone-bridge: no events for 330s — forcing reconnect
[2026-05-16 21:00:11] [warning] phone-bridge: connection closed (code=1000 reason=)
[2026-05-16 21:00:11] [info] phone-bridge: reconnecting in 1s
[2026-05-16 21:00:13] [info] phone-bridge: connected, subscribing to user_registration,user_blf,user_status
[2026-05-16 21:05:43] [warning] phone-bridge: no events for 330s — forcing reconnect
[2026-05-16 21:05:43] [warning] phone-bridge: connection closed (code=1000 reason=)
[2026-05-16 21:05:43] [info] phone-bridge: reconnecting in 1s
[2026-05-16 21:05:45] [info] phone-bridge: connected, subscribing to user_registration,user_blf,user_status
[2026-05-16 21:11:15] [warning] phone-bridge: no events for 330s — forcing reconnect
[2026-05-16 21:11:15] [warning] phone-bridge: connection closed (code=1000 reason=)
[2026-05-16 21:11:15] [info] phone-bridge: reconnecting in 1s
[2026-05-16 21:11:16] [info] phone-bridge: connected, subscribing to user_registration,user_blf,user_status
[2026-05-16 21:16:46] [warning] phone-bridge: no events for 330s — forcing reconnect
[2026-05-16 21:16:46] [warning] phone-bridge: connection closed (code=1000 reason=)
[2026-05-16 21:16:46] [info] phone-bridge: reconnecting in 1s
[2026-05-16 21:16:48] [info] phone-bridge: connected, subscribing to user_registration,user_blf,user_status
[2026-05-16 21:22:18] [warning] phone-bridge: no events for 330s — forcing reconnect
[2026-05-16 21:22:18] [warning] phone-bridge: connection closed (code=1000 reason=)
[2026-05-16 21:22:18] [info] phone-bridge: reconnecting in 1s
[2026-05-16 21:22:19] [info] phone-bridge: connected, subscribing to user_registration,user_blf,user_status
[2026-05-16 21:27:50] [warning] phone-bridge: no events for 330s — forcing reconnect
[2026-05-16 21:27:50] [warning] phone-bridge: connection closed (code=1000 reason=)
[2026-05-16 21:27:50] [info] phone-bridge: reconnecting in 1s
[2026-05-16 21:27:51] [info] phone-bridge: connected, subscribing to user_registration,user_blf,user_status
[2026-05-16 21:33:21] [warning] phone-bridge: no events for 330s — forcing reconnect
[2026-05-16 21:33:21] [warning] phone-bridge: connection closed (code=1000 reason=)
[2026-05-16 21:33:21] [info] phone-bridge: reconnecting in 1s
[2026-05-16 21:33:23] [info] phone-bridge: connected, subscribing to user_registration,user_blf,user_status
[2026-05-16 21:38:53] [warning] phone-bridge: no events for 330s — forcing reconnect
[2026-05-16 21:38:53] [warning] phone-bridge: connection closed (code=1000 reason=)
[2026-05-16 21:38:53] [info] phone-bridge: reconnecting in 1s
[2026-05-16 21:38:54] [info] phone-bridge: connected, subscribing to user_registration,user_blf,user_status
[2026-05-16 21:44:25] [warning] phone-bridge: no events for 330s — forcing reconnect
[2026-05-16 21:44:25] [warning] phone-bridge: connection closed (code=1000 reason=)
[2026-05-16 21:44:25] [info] phone-bridge: reconnecting in 1s
[2026-05-16 21:44:26] [info] phone-bridge: connected, subscribing to user_registration,user_blf,user_status
[2026-05-16 21:49:56] [warning] phone-bridge: no events for 330s — forcing reconnect
[2026-05-16 21:49:56] [warning] phone-bridge: connection closed (code=1000 reason=)
[2026-05-16 21:49:56] [info] phone-bridge: reconnecting in 1s
[2026-05-16 21:49:58] [info] phone-bridge: connected, subscribing to user_registration,user_blf,user_status
[2026-05-16 21:55:28] [warning] phone-bridge: no events for 330s — forcing reconnect
[2026-05-16 21:55:28] [warning] phone-bridge: connection closed (code=1000 reason=)
[2026-05-16 21:55:28] [info] phone-bridge: reconnecting in 1s
[2026-05-16 21:55:29] [info] phone-bridge: connected, subscribing to user_registration,user_blf,user_status
[2026-05-16 22:00:59] [warning] phone-bridge: no events for 330s — forcing reconnect
[2026-05-16 22:00:59] [warning] phone-bridge: connection closed (code=1000 reason=)
[2026-05-16 22:00:59] [info] phone-bridge: reconnecting in 1s
[2026-05-16 22:01:01] [info] phone-bridge: connected, subscribing to user_registration,user_blf,user_status
[2026-05-16 22:06:31] [warning] phone-bridge: no events for 330s — forcing reconnect
[2026-05-16 22:06:31] [warning] phone-bridge: connection closed (code=1000 reason=)
[2026-05-16 22:06:31] [info] phone-bridge: reconnecting in 1s
[2026-05-16 22:06:33] [info] phone-bridge: connected, subscribing to user_registration,user_blf,user_status
[2026-05-16 22:12:03] [warning] phone-bridge: no events for 330s — forcing reconnect
[2026-05-16 22:12:03] [warning] phone-bridge: connection closed (code=1000 reason=)
[2026-05-16 22:12:03] [info] phone-bridge: reconnecting in 1s
[2026-05-16 22:12:04] [info] phone-bridge: connected, subscribing to user_registration,user_blf,user_status
[2026-05-16 22:17:34] [warning] phone-bridge: no events for 330s — forcing reconnect
[2026-05-16 22:17:34] [warning] phone-bridge: connection closed (code=1000 reason=)
[2026-05-16 22:17:34] [info] phone-bridge: reconnecting in 1s
[2026-05-16 22:17:36] [info] phone-bridge: connected, subscribing to user_registration,user_blf,user_status
[2026-05-16 22:23:06] [warning] phone-bridge: no events for 330s — forcing reconnect
[2026-05-16 22:23:06] [warning] phone-bridge: connection closed (code=1000 reason=)
[2026-05-16 22:23:06] [info] phone-bridge: reconnecting in 1s
[2026-05-16 22:23:07] [info] phone-bridge: connected, subscribing to user_registration,user_blf,user_status
[2026-05-16 22:28:38] [warning] phone-bridge: no events for 330s — forcing reconnect
[2026-05-16 22:28:38] [warning] phone-bridge: connection closed (code=1000 reason=)
[2026-05-16 22:28:38] [info] phone-bridge: reconnecting in 1s
[2026-05-16 22:28:39] [info] phone-bridge: connected, subscribing to user_registration,user_blf,user_status
[2026-05-16 22:34:09] [warning] phone-bridge: no events for 330s — forcing reconnect
[2026-05-16 22:34:09] [warning] phone-bridge: connection closed (code=1000 reason=)
[2026-05-16 22:34:09] [info] phone-bridge: reconnecting in 1s
[2026-05-16 22:34:11] [info] phone-bridge: connected, subscribing to user_registration,user_blf,user_status
[2026-05-16 22:39:41] [warning] phone-bridge: no events for 330s — forcing reconnect
[2026-05-16 22:39:41] [warning] phone-bridge: connection closed (code=1000 reason=)
[2026-05-16 22:39:41] [info] phone-bridge: reconnecting in 1s
[2026-05-16 22:39:43] [info] phone-bridge: connected, subscribing to user_registration,user_blf,user_status
[2026-05-16 22:45:13] [warning] phone-bridge: no events for 330s — forcing reconnect
[2026-05-16 22:45:13] [warning] phone-bridge: connection closed (code=1000 reason=)
[2026-05-16 22:45:13] [info] phone-bridge: reconnecting in 1s
[2026-05-16 22:45:14] [info] phone-bridge: connected, subscribing to user_registration,user_blf,user_status
[2026-05-16 22:50:44] [warning] phone-bridge: no events for 330s — forcing reconnect
[2026-05-16 22:50:44] [warning] phone-bridge: connection closed (code=1000 reason=)
[2026-05-16 22:50:44] [info] phone-bridge: reconnecting in 1s
[2026-05-16 22:50:46] [info] phone-bridge: connected, subscribing to user_registration,user_blf,user_status
[2026-05-16 22:56:16] [warning] phone-bridge: no events for 330s — forcing reconnect
[2026-05-16 22:56:16] [warning] phone-bridge: connection closed (code=1000 reason=)
[2026-05-16 22:56:16] [info] phone-bridge: reconnecting in 1s
[2026-05-16 22:56:18] [info] phone-bridge: connected, subscribing to user_registration,user_blf,user_status
[2026-05-16 23:01:48] [warning] phone-bridge: no events for 330s — forcing reconnect
[2026-05-16 23:01:48] [warning] phone-bridge: connection closed (code=1000 reason=)
[2026-05-16 23:01:48] [info] phone-bridge: reconnecting in 1s
[2026-05-16 23:01:49] [info] phone-bridge: connected, subscribing to user_registration,user_blf,user_status
[2026-05-16 23:07:19] [warning] phone-bridge: no events for 330s — forcing reconnect
[2026-05-16 23:07:19] [warning] phone-bridge: connection closed (code=1000 reason=)
[2026-05-16 23:07:19] [info] phone-bridge: reconnecting in 1s
[2026-05-16 23:07:21] [info] phone-bridge: connected, subscribing to user_registration,user_blf,user_status
[2026-05-16 23:12:51] [warning] phone-bridge: no events for 330s — forcing reconnect
[2026-05-16 23:12:51] [warning] phone-bridge: connection closed (code=1000 reason=)
[2026-05-16 23:12:51] [info] phone-bridge: reconnecting in 1s
[2026-05-16 23:12:53] [info] phone-bridge: connected, subscribing to user_registration,user_blf,user_status
[2026-05-16 23:18:23] [warning] phone-bridge: no events for 330s — forcing reconnect
[2026-05-16 23:18:23] [warning] phone-bridge: connection closed (code=1000 reason=)
[2026-05-16 23:18:23] [info] phone-bridge: reconnecting in 1s
[2026-05-16 23:18:24] [info] phone-bridge: connected, subscribing to user_registration,user_blf,user_status
[2026-05-16 23:23:54] [warning] phone-bridge: no events for 330s — forcing reconnect
[2026-05-16 23:23:54] [warning] phone-bridge: connection closed (code=1000 reason=)
[2026-05-16 23:23:54] [info] phone-bridge: reconnecting in 1s
[2026-05-16 23:23:56] [info] phone-bridge: connected, subscribing to user_registration,user_blf,user_status
[2026-05-16 23:29:26] [warning] phone-bridge: no events for 330s — forcing reconnect
[2026-05-16 23:29:26] [warning] phone-bridge: connection closed (code=1000 reason=)
[2026-05-16 23:29:26] [info] phone-bridge: reconnecting in 1s
[2026-05-16 23:29:27] [info] phone-bridge: connected, subscribing to user_registration,user_blf,user_status
[2026-05-16 23:34:57] [warning] phone-bridge: no events for 329s — forcing reconnect
[2026-05-16 23:34:57] [warning] phone-bridge: connection closed (code=1000 reason=)
[2026-05-16 23:34:57] [info] phone-bridge: reconnecting in 1s
[2026-05-16 23:34:59] [info] phone-bridge: connected, subscribing to user_registration,user_blf,user_status
[2026-05-16 23:40:29] [warning] phone-bridge: no events for 330s — forcing reconnect
[2026-05-16 23:40:29] [warning] phone-bridge: connection closed (code=1000 reason=)
[2026-05-16 23:40:29] [info] phone-bridge: reconnecting in 1s
[2026-05-16 23:40:31] [info] phone-bridge: connected, subscribing to user_registration,user_blf,user_status
[2026-05-17 01:35:32] [warning] phone-bridge: no events for 330s — forcing reconnect
[2026-05-17 01:35:32] [warning] phone-bridge: connection closed (code=1000 reason=)
[2026-05-17 01:35:32] [info] phone-bridge: reconnecting in 1s
[2026-05-17 01:35:34] [info] phone-bridge: connected, subscribing to user_registration,user_blf,user_status
[2026-05-17 01:41:04] [warning] phone-bridge: no events for 330s — forcing reconnect
[2026-05-17 01:41:04] [warning] phone-bridge: connection closed (code=1000 reason=)
[2026-05-17 01:41:04] [info] phone-bridge: reconnecting in 1s
[2026-05-17 01:41:05] [info] phone-bridge: connected, subscribing to user_registration,user_blf,user_status
[2026-05-17 01:46:36] [warning] phone-bridge: no events for 330s — forcing reconnect
[2026-05-17 01:46:36] [warning] phone-bridge: connection closed (code=1000 reason=)
[2026-05-17 01:46:36] [info] phone-bridge: reconnecting in 1s
[2026-05-17 01:46:37] [info] phone-bridge: connected, subscribing to user_registration,user_blf,user_status
[2026-05-17 01:52:07] [warning] phone-bridge: no events for 330s — forcing reconnect
[2026-05-17 01:52:07] [warning] phone-bridge: connection closed (code=1000 reason=)
[2026-05-17 01:52:07] [info] phone-bridge: reconnecting in 1s
[2026-05-17 01:52:09] [info] phone-bridge: connected, subscribing to user_registration,user_blf,user_status
[2026-05-17 01:57:39] [warning] phone-bridge: no events for 330s — forcing reconnect
[2026-05-17 01:57:39] [warning] phone-bridge: connection closed (code=1000 reason=)
[2026-05-17 01:57:39] [info] phone-bridge: reconnecting in 1s
[2026-05-17 01:57:40] [info] phone-bridge: connected, subscribing to user_registration,user_blf,user_status
[2026-05-17 02:03:10] [warning] phone-bridge: no events for 330s — forcing reconnect
[2026-05-17 02:03:10] [warning] phone-bridge: connection closed (code=1000 reason=)
[2026-05-17 02:03:10] [info] phone-bridge: reconnecting in 1s
[2026-05-17 02:03:12] [info] phone-bridge: connected, subscribing to user_registration,user_blf,user_status
[2026-05-17 02:08:42] [warning] phone-bridge: no events for 330s — forcing reconnect
[2026-05-17 02:08:42] [warning] phone-bridge: connection closed (code=1000 reason=)
[2026-05-17 02:08:42] [info] phone-bridge: reconnecting in 1s
[2026-05-17 02:08:44] [info] phone-bridge: connected, subscribing to user_registration,user_blf,user_status
[2026-05-17 02:14:14] [warning] phone-bridge: no events for 330s — forcing reconnect
[2026-05-17 02:14:14] [warning] phone-bridge: connection closed (code=1000 reason=)
[2026-05-17 02:14:14] [info] phone-bridge: reconnecting in 1s
[2026-05-17 02:14:15] [info] phone-bridge: connected, subscribing to user_registration,user_blf,user_status
[2026-05-17 02:19:45] [warning] phone-bridge: no events for 330s — forcing reconnect
[2026-05-17 02:19:45] [warning] phone-bridge: connection closed (code=1000 reason=)
[2026-05-17 02:19:45] [info] phone-bridge: reconnecting in 1s
[2026-05-17 02:19:47] [info] phone-bridge: connected, subscribing to user_registration,user_blf,user_status
[2026-05-17 02:25:17] [warning] phone-bridge: no events for 330s — forcing reconnect
[2026-05-17 02:25:17] [warning] phone-bridge: connection closed (code=1000 reason=)
[2026-05-17 02:25:17] [info] phone-bridge: reconnecting in 1s
[2026-05-17 02:25:19] [info] phone-bridge: connected, subscribing to user_registration,user_blf,user_status
[2026-05-17 02:30:49] [warning] phone-bridge: no events for 330s — forcing reconnect
[2026-05-17 02:30:49] [warning] phone-bridge: connection closed (code=1000 reason=)
[2026-05-17 02:30:49] [info] phone-bridge: reconnecting in 1s
[2026-05-17 02:30:50] [info] phone-bridge: connected, subscribing to user_registration,user_blf,user_status
[2026-05-17 02:36:20] [warning] phone-bridge: no events for 330s — forcing reconnect
[2026-05-17 02:36:20] [warning] phone-bridge: connection closed (code=1000 reason=)
[2026-05-17 02:36:20] [info] phone-bridge: reconnecting in 1s
[2026-05-17 02:36:22] [info] phone-bridge: connected, subscribing to user_registration,user_blf,user_status
[2026-05-17 02:41:52] [warning] phone-bridge: no events for 330s — forcing reconnect
[2026-05-17 02:41:52] [warning] phone-bridge: connection closed (code=1000 reason=)
[2026-05-17 02:41:52] [info] phone-bridge: reconnecting in 1s
[2026-05-17 02:41:54] [info] phone-bridge: connected, subscribing to user_registration,user_blf,user_status
[2026-05-17 02:47:24] [warning] phone-bridge: no events for 330s — forcing reconnect
[2026-05-17 02:47:24] [warning] phone-bridge: connection closed (code=1000 reason=)
[2026-05-17 02:47:24] [info] phone-bridge: reconnecting in 1s
[2026-05-17 02:47:25] [info] phone-bridge: connected, subscribing to user_registration,user_blf,user_status
[2026-05-17 02:52:55] [warning] phone-bridge: no events for 330s — forcing reconnect
[2026-05-17 02:52:55] [warning] phone-bridge: connection closed (code=1000 reason=)
[2026-05-17 02:52:55] [info] phone-bridge: reconnecting in 1s
[2026-05-17 02:52:57] [info] phone-bridge: connected, subscribing to user_registration,user_blf,user_status
[2026-05-17 02:58:27] [warning] phone-bridge: no events for 330s — forcing reconnect
[2026-05-17 02:58:27] [warning] phone-bridge: connection closed (code=1000 reason=)
[2026-05-17 02:58:27] [info] phone-bridge: reconnecting in 1s
[2026-05-17 02:58:29] [info] phone-bridge: connected, subscribing to user_registration,user_blf,user_status
[2026-05-17 03:03:59] [warning] phone-bridge: no events for 330s — forcing reconnect
[2026-05-17 03:03:59] [warning] phone-bridge: connection closed (code=1000 reason=)
[2026-05-17 03:03:59] [info] phone-bridge: reconnecting in 1s
[2026-05-17 03:04:00] [info] phone-bridge: connected, subscribing to user_registration,user_blf,user_status
[2026-05-17 03:09:30] [warning] phone-bridge: no events for 330s — forcing reconnect
[2026-05-17 03:09:30] [warning] phone-bridge: connection closed (code=1000 reason=)
[2026-05-17 03:09:30] [info] phone-bridge: reconnecting in 1s
[2026-05-17 03:09:32] [info] phone-bridge: connected, subscribing to user_registration,user_blf,user_status
[2026-05-17 03:15:02] [warning] phone-bridge: no events for 330s — forcing reconnect
[2026-05-17 03:15:02] [warning] phone-bridge: connection closed (code=1000 reason=)
[2026-05-17 03:15:02] [info] phone-bridge: reconnecting in 1s
[2026-05-17 03:15:04] [info] phone-bridge: connected, subscribing to user_registration,user_blf,user_status
[2026-05-17 03:20:34] [warning] phone-bridge: no events for 330s — forcing reconnect
[2026-05-17 03:20:34] [warning] phone-bridge: connection closed (code=1000 reason=)
[2026-05-17 03:20:34] [info] phone-bridge: reconnecting in 1s
[2026-05-17 03:20:35] [info] phone-bridge: connected, subscribing to user_registration,user_blf,user_status
[2026-05-17 03:26:05] [warning] phone-bridge: no events for 330s — forcing reconnect
[2026-05-17 03:26:05] [warning] phone-bridge: connection closed (code=1000 reason=)
[2026-05-17 03:26:05] [info] phone-bridge: reconnecting in 1s
[2026-05-17 03:26:07] [info] phone-bridge: connected, subscribing to user_registration,user_blf,user_status
[2026-05-17 03:31:37] [warning] phone-bridge: no events for 330s — forcing reconnect
[2026-05-17 03:31:37] [warning] phone-bridge: connection closed (code=1000 reason=)
[2026-05-17 03:31:37] [info] phone-bridge: reconnecting in 1s
[2026-05-17 03:31:39] [info] phone-bridge: connected, subscribing to user_registration,user_blf,user_status
[2026-05-17 03:37:09] [warning] phone-bridge: no events for 330s — forcing reconnect
[2026-05-17 03:37:09] [warning] phone-bridge: connection closed (code=1000 reason=)
[2026-05-17 03:37:09] [info] phone-bridge: reconnecting in 1s
[2026-05-17 03:37:10] [info] phone-bridge: connected, subscribing to user_registration,user_blf,user_status
[2026-05-17 03:42:41] [warning] phone-bridge: no events for 330s — forcing reconnect
[2026-05-17 03:42:41] [warning] phone-bridge: connection closed (code=1000 reason=)
[2026-05-17 03:42:41] [info] phone-bridge: reconnecting in 1s
[2026-05-17 03:42:42] [info] phone-bridge: connected, subscribing to user_registration,user_blf,user_status
[2026-05-17 03:48:12] [warning] phone-bridge: no events for 330s — forcing reconnect
[2026-05-17 03:48:12] [warning] phone-bridge: connection closed (code=1000 reason=)
[2026-05-17 03:48:12] [info] phone-bridge: reconnecting in 1s
[2026-05-17 03:48:14] [info] phone-bridge: connected, subscribing to user_registration,user_blf,user_status
[2026-05-17 03:53:44] [warning] phone-bridge: no events for 330s — forcing reconnect
[2026-05-17 03:53:44] [warning] phone-bridge: connection closed (code=1000 reason=)
[2026-05-17 03:53:44] [info] phone-bridge: reconnecting in 1s
[2026-05-17 03:53:46] [info] phone-bridge: connected, subscribing to user_registration,user_blf,user_status
[2026-05-17 03:59:16] [warning] phone-bridge: no events for 330s — forcing reconnect
[2026-05-17 03:59:16] [warning] phone-bridge: connection closed (code=1000 reason=)
[2026-05-17 03:59:16] [info] phone-bridge: reconnecting in 1s
[2026-05-17 03:59:17] [info] phone-bridge: connected, subscribing to user_registration,user_blf,user_status
[2026-05-17 04:04:47] [warning] phone-bridge: no events for 330s — forcing reconnect
[2026-05-17 04:04:47] [warning] phone-bridge: connection closed (code=1000 reason=)
[2026-05-17 04:04:47] [info] phone-bridge: reconnecting in 1s
[2026-05-17 04:04:49] [info] phone-bridge: connected, subscribing to user_registration,user_blf,user_status
[2026-05-17 04:10:19] [warning] phone-bridge: no events for 330s — forcing reconnect
[2026-05-17 04:10:19] [warning] phone-bridge: connection closed (code=1000 reason=)
[2026-05-17 04:10:19] [info] phone-bridge: reconnecting in 1s
[2026-05-17 04:10:20] [info] phone-bridge: connected, subscribing to user_registration,user_blf,user_status
[2026-05-17 04:15:51] [warning] phone-bridge: no events for 330s — forcing reconnect
[2026-05-17 04:15:51] [warning] phone-bridge: connection closed (code=1000 reason=)
[2026-05-17 04:15:51] [info] phone-bridge: reconnecting in 1s
[2026-05-17 04:15:52] [info] phone-bridge: connected, subscribing to user_registration,user_blf,user_status
[2026-05-17 04:21:22] [warning] phone-bridge: no events for 330s — forcing reconnect
[2026-05-17 04:21:22] [warning] phone-bridge: connection closed (code=1000 reason=)
[2026-05-17 04:21:22] [info] phone-bridge: reconnecting in 1s
[2026-05-17 04:21:24] [info] phone-bridge: connected, subscribing to user_registration,user_blf,user_status
[2026-05-17 04:26:54] [warning] phone-bridge: no events for 330s — forcing reconnect
[2026-05-17 04:26:54] [warning] phone-bridge: connection closed (code=1000 reason=)
[2026-05-17 04:26:54] [info] phone-bridge: reconnecting in 1s
[2026-05-17 04:26:55] [info] phone-bridge: connected, subscribing to user_registration,user_blf,user_status
[2026-05-17 04:32:25] [warning] phone-bridge: no events for 330s — forcing reconnect
[2026-05-17 04:32:25] [warning] phone-bridge: connection closed (code=1000 reason=)
[2026-05-17 04:32:25] [info] phone-bridge: reconnecting in 1s
[2026-05-17 04:32:27] [info] phone-bridge: connected, subscribing to user_registration,user_blf,user_status
[2026-05-17 04:37:57] [warning] phone-bridge: no events for 330s — forcing reconnect
[2026-05-17 04:37:57] [warning] phone-bridge: connection closed (code=1000 reason=)
[2026-05-17 04:37:57] [info] phone-bridge: reconnecting in 1s
[2026-05-17 04:37:59] [info] phone-bridge: connected, subscribing to user_registration,user_blf,user_status
[2026-05-17 04:43:29] [warning] phone-bridge: no events for 330s — forcing reconnect
[2026-05-17 04:43:29] [warning] phone-bridge: connection closed (code=1000 reason=)
[2026-05-17 04:43:29] [info] phone-bridge: reconnecting in 1s
[2026-05-17 04:43:30] [info] phone-bridge: connected, subscribing to user_registration,user_blf,user_status
[2026-05-17 04:49:00] [warning] phone-bridge: no events for 330s — forcing reconnect
[2026-05-17 04:49:00] [warning] phone-bridge: connection closed (code=1000 reason=)
[2026-05-17 04:49:00] [info] phone-bridge: reconnecting in 1s
[2026-05-17 04:49:02] [info] phone-bridge: connected, subscribing to user_registration,user_blf,user_status
[2026-05-17 04:54:32] [warning] phone-bridge: no events for 330s — forcing reconnect
[2026-05-17 04:54:32] [warning] phone-bridge: connection closed (code=1000 reason=)
[2026-05-17 04:54:32] [info] phone-bridge: reconnecting in 1s
[2026-05-17 04:54:34] [info] phone-bridge: connected, subscribing to user_registration,user_blf,user_status
[2026-05-17 05:00:04] [warning] phone-bridge: no events for 330s — forcing reconnect
[2026-05-17 05:00:04] [warning] phone-bridge: connection closed (code=1000 reason=)
[2026-05-17 05:00:04] [info] phone-bridge: reconnecting in 1s
[2026-05-17 05:00:05] [info] phone-bridge: connected, subscribing to user_registration,user_blf,user_status
[2026-05-17 05:05:35] [warning] phone-bridge: no events for 330s — forcing reconnect
[2026-05-17 05:05:35] [warning] phone-bridge: connection closed (code=1000 reason=)
[2026-05-17 05:05:35] [info] phone-bridge: reconnecting in 1s
[2026-05-17 05:05:37] [info] phone-bridge: connected, subscribing to user_registration,user_blf,user_status
[2026-05-17 05:11:07] [warning] phone-bridge: no events for 330s — forcing reconnect
[2026-05-17 05:11:07] [warning] phone-bridge: connection closed (code=1000 reason=)
[2026-05-17 05:11:07] [info] phone-bridge: reconnecting in 1s
[2026-05-17 05:11:08] [info] phone-bridge: connected, subscribing to user_registration,user_blf,user_status
[2026-05-17 05:16:39] [warning] phone-bridge: no events for 330s — forcing reconnect
[2026-05-17 05:16:39] [warning] phone-bridge: connection closed (code=1000 reason=)
[2026-05-17 05:16:39] [info] phone-bridge: reconnecting in 1s
[2026-05-17 05:16:40] [info] phone-bridge: connected, subscribing to user_registration,user_blf,user_status
[2026-05-17 05:22:10] [warning] phone-bridge: no events for 330s — forcing reconnect
[2026-05-17 05:22:10] [warning] phone-bridge: connection closed (code=1000 reason=)
[2026-05-17 05:22:10] [info] phone-bridge: reconnecting in 1s
[2026-05-17 05:22:12] [info] phone-bridge: connected, subscribing to user_registration,user_blf,user_status
[2026-05-17 05:27:42] [warning] phone-bridge: no events for 330s — forcing reconnect
[2026-05-17 05:27:42] [warning] phone-bridge: connection closed (code=1000 reason=)
[2026-05-17 05:27:42] [info] phone-bridge: reconnecting in 1s
[2026-05-17 05:27:43] [info] phone-bridge: connected, subscribing to user_registration,user_blf,user_status
[2026-05-17 05:33:14] [warning] phone-bridge: no events for 330s — forcing reconnect
[2026-05-17 05:33:14] [warning] phone-bridge: connection closed (code=1000 reason=)
[2026-05-17 05:33:14] [info] phone-bridge: reconnecting in 1s
[2026-05-17 05:33:15] [info] phone-bridge: connected, subscribing to user_registration,user_blf,user_status
[2026-05-17 05:38:45] [warning] phone-bridge: no events for 330s — forcing reconnect
[2026-05-17 05:38:45] [warning] phone-bridge: connection closed (code=1000 reason=)
[2026-05-17 05:38:45] [info] phone-bridge: reconnecting in 1s
[2026-05-17 05:38:47] [info] phone-bridge: connected, subscribing to user_registration,user_blf,user_status
[2026-05-17 05:44:17] [warning] phone-bridge: no events for 330s — forcing reconnect
[2026-05-17 05:44:17] [warning] phone-bridge: connection closed (code=1000 reason=)
[2026-05-17 05:44:17] [info] phone-bridge: reconnecting in 1s
[2026-05-17 05:44:18] [info] phone-bridge: connected, subscribing to user_registration,user_blf,user_status
[2026-05-17 05:49:48] [warning] phone-bridge: no events for 330s — forcing reconnect
[2026-05-17 05:49:48] [warning] phone-bridge: connection closed (code=1000 reason=)
[2026-05-17 05:49:48] [info] phone-bridge: reconnecting in 1s
[2026-05-17 05:49:50] [info] phone-bridge: connected, subscribing to user_registration,user_blf,user_status
[2026-05-17 05:55:20] [warning] phone-bridge: no events for 330s — forcing reconnect
[2026-05-17 05:55:20] [warning] phone-bridge: connection closed (code=1000 reason=)
[2026-05-17 05:55:20] [info] phone-bridge: reconnecting in 1s
[2026-05-17 05:55:22] [info] phone-bridge: connected, subscribing to user_registration,user_blf,user_status
[2026-05-17 06:00:52] [warning] phone-bridge: no events for 330s — forcing reconnect
[2026-05-17 06:00:52] [warning] phone-bridge: connection closed (code=1000 reason=)
[2026-05-17 06:00:52] [info] phone-bridge: reconnecting in 1s
[2026-05-17 06:00:53] [info] phone-bridge: connected, subscribing to user_registration,user_blf,user_status
[2026-05-17 06:06:23] [warning] phone-bridge: no events for 330s — forcing reconnect
[2026-05-17 06:06:23] [warning] phone-bridge: connection closed (code=1000 reason=)
[2026-05-17 06:06:23] [info] phone-bridge: reconnecting in 1s
[2026-05-17 06:06:25] [info] phone-bridge: connected, subscribing to user_registration,user_blf,user_status
[2026-05-17 06:11:55] [warning] phone-bridge: no events for 330s — forcing reconnect
[2026-05-17 06:11:55] [warning] phone-bridge: connection closed (code=1000 reason=)
[2026-05-17 06:11:55] [info] phone-bridge: reconnecting in 1s
[2026-05-17 06:11:56] [info] phone-bridge: connected, subscribing to user_registration,user_blf,user_status
[2026-05-17 06:17:27] [warning] phone-bridge: no events for 330s — forcing reconnect
[2026-05-17 06:17:27] [warning] phone-bridge: connection closed (code=1000 reason=)
[2026-05-17 06:17:27] [info] phone-bridge: reconnecting in 1s
[2026-05-17 06:17:28] [info] phone-bridge: connected, subscribing to user_registration,user_blf,user_status
[2026-05-17 06:22:58] [warning] phone-bridge: no events for 330s — forcing reconnect
[2026-05-17 06:22:58] [warning] phone-bridge: connection closed (code=1000 reason=)
[2026-05-17 06:22:58] [info] phone-bridge: reconnecting in 1s
[2026-05-17 06:23:00] [info] phone-bridge: connected, subscribing to user_registration,user_blf,user_status
[2026-05-17 06:28:30] [warning] phone-bridge: no events for 330s — forcing reconnect
[2026-05-17 06:28:30] [warning] phone-bridge: connection closed (code=1000 reason=)
[2026-05-17 06:28:30] [info] phone-bridge: reconnecting in 1s
[2026-05-17 06:28:31] [info] phone-bridge: connected, subscribing to user_registration,user_blf,user_status
[2026-05-17 06:30:06] [warning] phone-bridge: connection closed (code=1006 reason=Underlying connection closed)
[2026-05-17 06:30:06] [info] phone-bridge: reconnecting in 1s
[2026-05-17 06:30:08] [error] phone-bridge: reconnect failed: Connection to tls://pbx12127.onpbx.ru:3342 failed: Last error for IPv4: Connection to tcp://185.228.89.114:3342 failed: Connection refused (ECONNREFUSED). Previous error for IPv6: DNS query for pbx12127.onpbx.ru (AAAA) did not return a valid answer (NOERROR / NODATA)
[2026-05-17 06:30:08] [info] phone-bridge: reconnecting in 2s
[2026-05-17 06:30:10] [error] phone-bridge: reconnect failed: Connection to tls://pbx12127.onpbx.ru:3342 failed: Last error for IPv4: Connection to tcp://185.228.89.114:3342 failed: Connection refused (ECONNREFUSED). Previous error for IPv6: DNS query for pbx12127.onpbx.ru (AAAA) did not return a valid answer (NOERROR / NODATA)
[2026-05-17 06:30:10] [info] phone-bridge: reconnecting in 4s
[2026-05-17 06:30:14] [error] phone-bridge: reconnect failed: Connection to tls://pbx12127.onpbx.ru:3342 failed: Last error for IPv4: Connection to tcp://185.228.89.114:3342 failed: Connection refused (ECONNREFUSED). Previous error for IPv6: DNS query for pbx12127.onpbx.ru (AAAA) did not return a valid answer (NOERROR / NODATA)
[2026-05-17 06:30:14] [info] phone-bridge: reconnecting in 8s
[2026-05-17 06:30:22] [error] phone-bridge: reconnect failed: Connection to tls://pbx12127.onpbx.ru:3342 failed: Last error for IPv4: Connection to tcp://185.228.89.114:3342 failed: Connection refused (ECONNREFUSED). Previous error for IPv6: DNS query for pbx12127.onpbx.ru (AAAA) did not return a valid answer (NOERROR / NODATA)
[2026-05-17 06:30:22] [info] phone-bridge: reconnecting in 16s
[2026-05-17 06:30:38] [error] phone-bridge: reconnect failed: Connection to tls://pbx12127.onpbx.ru:3342 failed: Last error for IPv4: Connection to tcp://185.228.89.114:3342 failed: Connection refused (ECONNREFUSED). Previous error for IPv6: DNS query for pbx12127.onpbx.ru (AAAA) did not return a valid answer (NOERROR / NODATA)
[2026-05-17 06:30:38] [info] phone-bridge: reconnecting in 30s
[2026-05-17 06:31:08] [error] phone-bridge: reconnect failed: Connection to tls://pbx12127.onpbx.ru:3342 failed: Last error for IPv4: Connection to tcp://185.228.89.114:3342 failed: Connection refused (ECONNREFUSED). Previous error for IPv6: DNS query for pbx12127.onpbx.ru (AAAA) did not return a valid answer (NOERROR / NODATA)
[2026-05-17 06:31:08] [info] phone-bridge: reconnecting in 30s
[2026-05-17 06:31:38] [error] phone-bridge: reconnect failed: Connection to tls://pbx12127.onpbx.ru:3342 failed: Last error for IPv4: Connection to tcp://185.228.89.114:3342 failed: Connection refused (ECONNREFUSED). Previous error for IPv6: DNS query for pbx12127.onpbx.ru (AAAA) did not return a valid answer (NOERROR / NODATA)
[2026-05-17 06:31:38] [info] phone-bridge: reconnecting in 30s
[2026-05-17 06:32:08] [error] phone-bridge: reconnect failed: Connection to tls://pbx12127.onpbx.ru:3342 failed: Last error for IPv4: Connection to tcp://185.228.89.114:3342 failed: Connection refused (ECONNREFUSED). Previous error for IPv6: DNS query for pbx12127.onpbx.ru (AAAA) did not return a valid answer (NOERROR / NODATA)
[2026-05-17 06:32:08] [info] phone-bridge: reconnecting in 30s
[2026-05-17 06:32:39] [error] phone-bridge: reconnect failed: Connection to tls://pbx12127.onpbx.ru:3342 failed: Last error for IPv4: Connection to tcp://185.228.89.114:3342 failed: Connection refused (ECONNREFUSED). Previous error for IPv6: DNS query for pbx12127.onpbx.ru (AAAA) did not return a valid answer (NOERROR / NODATA)
[2026-05-17 06:32:39] [info] phone-bridge: reconnecting in 30s
[2026-05-17 06:33:09] [error] phone-bridge: reconnect failed: Connection to tls://pbx12127.onpbx.ru:3342 failed: Last error for IPv4: Connection to tcp://185.228.89.114:3342 failed: Connection refused (ECONNREFUSED). Previous error for IPv6: DNS query for pbx12127.onpbx.ru (AAAA) did not return a valid answer (NOERROR / NODATA)
[2026-05-17 06:33:09] [info] phone-bridge: reconnecting in 30s
[2026-05-17 06:33:39] [error] phone-bridge: reconnect failed: Connection to tls://pbx12127.onpbx.ru:3342 failed: Last error for IPv4: Connection to tcp://185.228.89.114:3342 failed: Connection refused (ECONNREFUSED). Previous error for IPv6: DNS query for pbx12127.onpbx.ru (AAAA) did not return a valid answer (NOERROR / NODATA)
[2026-05-17 06:33:39] [info] phone-bridge: reconnecting in 30s
[2026-05-17 06:34:09] [error] phone-bridge: reconnect failed: Connection to tls://pbx12127.onpbx.ru:3342 failed: Last error for IPv4: Connection to tcp://185.228.89.114:3342 failed: Connection refused (ECONNREFUSED). Previous error for IPv6: DNS query for pbx12127.onpbx.ru (AAAA) did not return a valid answer (NOERROR / NODATA)
[2026-05-17 06:34:09] [info] phone-bridge: reconnecting in 30s
[2026-05-17 06:34:39] [error] phone-bridge: reconnect failed: Connection to tls://pbx12127.onpbx.ru:3342 failed: Last error for IPv4: Connection to tcp://185.228.89.114:3342 failed: Connection refused (ECONNREFUSED). Previous error for IPv6: DNS query for pbx12127.onpbx.ru (AAAA) did not return a valid answer (NOERROR / NODATA)
[2026-05-17 06:34:39] [info] phone-bridge: reconnecting in 30s
[2026-05-17 06:35:10] [info] phone-bridge: connected, subscribing to user_registration,user_blf,user_status
[2026-05-17 06:40:40] [warning] phone-bridge: no events for 330s — forcing reconnect
[2026-05-17 06:40:40] [warning] phone-bridge: connection closed (code=1000 reason=)
[2026-05-17 06:40:40] [info] phone-bridge: reconnecting in 1s
[2026-05-17 06:40:41] [info] phone-bridge: connected, subscribing to user_registration,user_blf,user_status
[2026-05-17 06:46:11] [warning] phone-bridge: no events for 330s — forcing reconnect
[2026-05-17 06:46:11] [warning] phone-bridge: connection closed (code=1000 reason=)
[2026-05-17 06:46:11] [info] phone-bridge: reconnecting in 1s
[2026-05-17 06:46:13] [info] phone-bridge: connected, subscribing to user_registration,user_blf,user_status
[2026-05-17 06:51:43] [warning] phone-bridge: no events for 330s — forcing reconnect
[2026-05-17 06:51:43] [warning] phone-bridge: connection closed (code=1000 reason=)
[2026-05-17 06:51:43] [info] phone-bridge: reconnecting in 1s
[2026-05-17 06:51:44] [info] phone-bridge: connected, subscribing to user_registration,user_blf,user_status
[2026-05-17 06:57:15] [warning] phone-bridge: no events for 330s — forcing reconnect
[2026-05-17 06:57:15] [warning] phone-bridge: connection closed (code=1000 reason=)
[2026-05-17 06:57:15] [info] phone-bridge: reconnecting in 1s
[2026-05-17 06:57:16] [info] phone-bridge: connected, subscribing to user_registration,user_blf,user_status
[2026-05-17 07:02:46] [warning] phone-bridge: no events for 330s — forcing reconnect
[2026-05-17 07:02:46] [warning] phone-bridge: connection closed (code=1000 reason=)
[2026-05-17 07:02:46] [info] phone-bridge: reconnecting in 1s
[2026-05-17 07:02:48] [info] phone-bridge: connected, subscribing to user_registration,user_blf,user_status
[2026-05-17 07:08:18] [warning] phone-bridge: no events for 330s — forcing reconnect
[2026-05-17 07:08:18] [warning] phone-bridge: connection closed (code=1000 reason=)
[2026-05-17 07:08:18] [info] phone-bridge: reconnecting in 1s
[2026-05-17 07:08:19] [info] phone-bridge: connected, subscribing to user_registration,user_blf,user_status
[2026-05-17 07:13:50] [warning] phone-bridge: no events for 330s — forcing reconnect
[2026-05-17 07:13:50] [warning] phone-bridge: connection closed (code=1000 reason=)
[2026-05-17 07:13:50] [info] phone-bridge: reconnecting in 1s
[2026-05-17 07:13:51] [info] phone-bridge: connected, subscribing to user_registration,user_blf,user_status
[2026-05-17 07:19:21] [warning] phone-bridge: no events for 330s — forcing reconnect
[2026-05-17 07:19:21] [warning] phone-bridge: connection closed (code=1000 reason=)
[2026-05-17 07:19:21] [info] phone-bridge: reconnecting in 1s
[2026-05-17 07:19:23] [info] phone-bridge: connected, subscribing to user_registration,user_blf,user_status
[2026-05-17 07:24:53] [warning] phone-bridge: no events for 330s — forcing reconnect
[2026-05-17 07:24:53] [warning] phone-bridge: connection closed (code=1000 reason=)
[2026-05-17 07:24:53] [info] phone-bridge: reconnecting in 1s
[2026-05-17 07:24:54] [info] phone-bridge: connected, subscribing to user_registration,user_blf,user_status
[2026-05-17 07:30:24] [warning] phone-bridge: no events for 330s — forcing reconnect
[2026-05-17 07:30:24] [warning] phone-bridge: connection closed (code=1000 reason=)
[2026-05-17 07:30:24] [info] phone-bridge: reconnecting in 1s
[2026-05-17 07:30:26] [info] phone-bridge: connected, subscribing to user_registration,user_blf,user_status
[2026-05-17 07:35:56] [warning] phone-bridge: no events for 330s — forcing reconnect
[2026-05-17 07:35:56] [warning] phone-bridge: connection closed (code=1000 reason=)
[2026-05-17 07:35:56] [info] phone-bridge: reconnecting in 1s
[2026-05-17 07:35:57] [info] phone-bridge: connected, subscribing to user_registration,user_blf,user_status
[2026-05-17 07:41:27] [warning] phone-bridge: no events for 330s — forcing reconnect
[2026-05-17 07:41:27] [warning] phone-bridge: connection closed (code=1000 reason=)
[2026-05-17 07:41:27] [info] phone-bridge: reconnecting in 1s
[2026-05-17 07:41:29] [info] phone-bridge: connected, subscribing to user_registration,user_blf,user_status
[2026-05-17 07:46:59] [warning] phone-bridge: no events for 330s — forcing reconnect
[2026-05-17 07:46:59] [warning] phone-bridge: connection closed (code=1000 reason=)
[2026-05-17 07:46:59] [info] phone-bridge: reconnecting in 1s
[2026-05-17 07:47:01] [info] phone-bridge: connected, subscribing to user_registration,user_blf,user_status
[2026-05-17 07:52:31] [warning] phone-bridge: no events for 330s — forcing reconnect
[2026-05-17 07:52:31] [warning] phone-bridge: connection closed (code=1000 reason=)
[2026-05-17 07:52:31] [info] phone-bridge: reconnecting in 1s
[2026-05-17 07:52:32] [info] phone-bridge: connected, subscribing to user_registration,user_blf,user_status
[2026-05-17 07:58:03] [warning] phone-bridge: no events for 330s — forcing reconnect
[2026-05-17 07:58:03] [warning] phone-bridge: connection closed (code=1000 reason=)
[2026-05-17 07:58:03] [info] phone-bridge: reconnecting in 1s
[2026-05-17 07:58:04] [info] phone-bridge: connected, subscribing to user_registration,user_blf,user_status
[2026-05-17 08:03:34] [warning] phone-bridge: no events for 330s — forcing reconnect
[2026-05-17 08:03:34] [warning] phone-bridge: connection closed (code=1000 reason=)
[2026-05-17 08:03:34] [info] phone-bridge: reconnecting in 1s
[2026-05-17 08:03:36] [info] phone-bridge: connected, subscribing to user_registration,user_blf,user_status
[2026-05-17 08:09:06] [warning] phone-bridge: no events for 330s — forcing reconnect
[2026-05-17 08:09:06] [warning] phone-bridge: connection closed (code=1000 reason=)
[2026-05-17 08:09:06] [info] phone-bridge: reconnecting in 1s
[2026-05-17 08:09:08] [info] phone-bridge: connected, subscribing to user_registration,user_blf,user_status
[2026-05-17 08:14:38] [warning] phone-bridge: no events for 330s — forcing reconnect
[2026-05-17 08:14:38] [warning] phone-bridge: connection closed (code=1000 reason=)
[2026-05-17 08:14:38] [info] phone-bridge: reconnecting in 1s
[2026-05-17 08:14:39] [info] phone-bridge: connected, subscribing to user_registration,user_blf,user_status
[2026-05-17 08:20:09] [warning] phone-bridge: no events for 330s — forcing reconnect
[2026-05-17 08:20:09] [warning] phone-bridge: connection closed (code=1000 reason=)
[2026-05-17 08:20:09] [info] phone-bridge: reconnecting in 1s
[2026-05-17 08:20:11] [info] phone-bridge: connected, subscribing to user_registration,user_blf,user_status
[2026-05-17 08:25:41] [warning] phone-bridge: no events for 330s — forcing reconnect
[2026-05-17 08:25:41] [warning] phone-bridge: connection closed (code=1000 reason=)
[2026-05-17 08:25:41] [info] phone-bridge: reconnecting in 1s
[2026-05-17 08:25:42] [info] phone-bridge: connected, subscribing to user_registration,user_blf,user_status
[2026-05-17 08:31:12] [warning] phone-bridge: no events for 330s — forcing reconnect
[2026-05-17 08:31:12] [warning] phone-bridge: connection closed (code=1000 reason=)
[2026-05-17 08:31:12] [info] phone-bridge: reconnecting in 1s
[2026-05-17 08:31:14] [info] phone-bridge: connected, subscribing to user_registration,user_blf,user_status
[2026-05-17 08:36:44] [warning] phone-bridge: no events for 330s — forcing reconnect
[2026-05-17 08:36:44] [warning] phone-bridge: connection closed (code=1000 reason=)
[2026-05-17 08:36:44] [info] phone-bridge: reconnecting in 1s
[2026-05-17 08:36:46] [info] phone-bridge: connected, subscribing to user_registration,user_blf,user_status
[2026-05-17 08:42:16] [warning] phone-bridge: no events for 330s — forcing reconnect
[2026-05-17 08:42:16] [warning] phone-bridge: connection closed (code=1000 reason=)
[2026-05-17 08:42:16] [info] phone-bridge: reconnecting in 1s
[2026-05-17 08:42:17] [info] phone-bridge: connected, subscribing to user_registration,user_blf,user_status
[2026-05-17 08:47:47] [warning] phone-bridge: no events for 330s — forcing reconnect
[2026-05-17 08:47:47] [warning] phone-bridge: connection closed (code=1000 reason=)
[2026-05-17 08:47:47] [info] phone-bridge: reconnecting in 1s
[2026-05-17 08:47:49] [info] phone-bridge: connected, subscribing to user_registration,user_blf,user_status
[2026-05-17 18:27:56] [warning] phone-bridge: no events for 325s — forcing reconnect
[2026-05-17 18:27:56] [warning] phone-bridge: connection closed (code=1000 reason=)
[2026-05-17 18:27:56] [info] phone-bridge: reconnecting in 1s
[2026-05-17 18:27:58] [info] phone-bridge: connected, subscribing to user_registration,user_blf,user_status
[2026-05-17 18:36:58] [warning] phone-bridge: no events for 327s — forcing reconnect
[2026-05-17 18:36:58] [warning] phone-bridge: connection closed (code=1000 reason=)
[2026-05-17 18:36:58] [info] phone-bridge: reconnecting in 1s
[2026-05-17 18:37:00] [info] phone-bridge: connected, subscribing to user_registration,user_blf,user_status
[2026-05-17 18:46:00] [warning] phone-bridge: no events for 329s — forcing reconnect
[2026-05-17 18:46:00] [warning] phone-bridge: connection closed (code=1000 reason=)
[2026-05-17 18:46:00] [info] phone-bridge: reconnecting in 1s
[2026-05-17 18:46:01] [info] phone-bridge: connected, subscribing to user_registration,user_blf,user_status
[2026-05-17 18:55:01] [warning] phone-bridge: no events for 329s — forcing reconnect
[2026-05-17 18:55:01] [warning] phone-bridge: connection closed (code=1000 reason=)
[2026-05-17 18:55:01] [info] phone-bridge: reconnecting in 1s
[2026-05-17 18:55:03] [info] phone-bridge: connected, subscribing to user_registration,user_blf,user_status
[2026-05-17 19:03:33] [warning] phone-bridge: no events for 301s — forcing reconnect
[2026-05-17 19:03:33] [warning] phone-bridge: connection closed (code=1000 reason=)
[2026-05-17 19:03:33] [info] phone-bridge: reconnecting in 1s
[2026-05-17 19:03:35] [info] phone-bridge: connected, subscribing to user_registration,user_blf,user_status
[2026-05-17 19:12:35] [warning] phone-bridge: no events for 303s — forcing reconnect
[2026-05-17 19:12:35] [warning] phone-bridge: connection closed (code=1000 reason=)
[2026-05-17 19:12:35] [info] phone-bridge: reconnecting in 1s
[2026-05-17 19:12:36] [info] phone-bridge: connected, subscribing to user_registration,user_blf,user_status
[2026-05-17 19:21:36] [warning] phone-bridge: no events for 304s — forcing reconnect
[2026-05-17 19:21:36] [warning] phone-bridge: connection closed (code=1000 reason=)
[2026-05-17 19:21:36] [info] phone-bridge: reconnecting in 1s
[2026-05-17 19:21:38] [info] phone-bridge: connected, subscribing to user_registration,user_blf,user_status
[2026-05-17 19:30:38] [warning] phone-bridge: no events for 305s — forcing reconnect
[2026-05-17 19:30:38] [warning] phone-bridge: connection closed (code=1000 reason=)
[2026-05-17 19:30:38] [info] phone-bridge: reconnecting in 1s
[2026-05-17 19:30:40] [info] phone-bridge: connected, subscribing to user_registration,user_blf,user_status
[2026-05-17 19:39:40] [warning] phone-bridge: no events for 307s — forcing reconnect
[2026-05-17 19:39:40] [warning] phone-bridge: connection closed (code=1000 reason=)
[2026-05-17 19:39:40] [info] phone-bridge: reconnecting in 1s
[2026-05-17 19:39:41] [info] phone-bridge: connected, subscribing to user_registration,user_blf,user_status
[2026-05-17 19:48:42] [warning] phone-bridge: no events for 309s — forcing reconnect
[2026-05-17 19:48:42] [warning] phone-bridge: connection closed (code=1000 reason=)
[2026-05-17 19:48:42] [info] phone-bridge: reconnecting in 1s
[2026-05-17 19:48:43] [info] phone-bridge: connected, subscribing to user_registration,user_blf,user_status
[2026-05-17 19:54:13] [warning] phone-bridge: no events for 310s — forcing reconnect
[2026-05-17 19:54:13] [warning] phone-bridge: connection closed (code=1000 reason=)
[2026-05-17 19:54:13] [info] phone-bridge: reconnecting in 1s
[2026-05-17 19:54:15] [info] phone-bridge: connected, subscribing to user_registration,user_blf,user_status
[2026-05-17 20:03:15] [warning] phone-bridge: no events for 312s — forcing reconnect
[2026-05-17 20:03:15] [warning] phone-bridge: connection closed (code=1000 reason=)
[2026-05-17 20:03:15] [info] phone-bridge: reconnecting in 1s
[2026-05-17 20:03:17] [info] phone-bridge: connected, subscribing to user_registration,user_blf,user_status
[2026-05-17 20:10:17] [warning] phone-bridge: no events for 326s — forcing reconnect
[2026-05-17 20:10:17] [warning] phone-bridge: connection closed (code=1000 reason=)
[2026-05-17 20:10:17] [info] phone-bridge: reconnecting in 1s
[2026-05-17 20:10:18] [info] phone-bridge: connected, subscribing to user_registration,user_blf,user_status
[2026-05-17 20:15:48] [warning] phone-bridge: no events for 330s — forcing reconnect
[2026-05-17 20:15:48] [warning] phone-bridge: connection closed (code=1000 reason=)
[2026-05-17 20:15:48] [info] phone-bridge: reconnecting in 1s
[2026-05-17 20:15:50] [info] phone-bridge: connected, subscribing to user_registration,user_blf,user_status
[2026-05-17 20:21:20] [warning] phone-bridge: no events for 330s — forcing reconnect
[2026-05-17 20:21:20] [warning] phone-bridge: connection closed (code=1000 reason=)
[2026-05-17 20:21:20] [info] phone-bridge: reconnecting in 1s
[2026-05-17 20:21:21] [info] phone-bridge: connected, subscribing to user_registration,user_blf,user_status
[2026-05-17 20:26:52] [warning] phone-bridge: no events for 330s — forcing reconnect
[2026-05-17 20:26:52] [warning] phone-bridge: connection closed (code=1000 reason=)
[2026-05-17 20:26:52] [info] phone-bridge: reconnecting in 1s
[2026-05-17 20:26:53] [info] phone-bridge: connected, subscribing to user_registration,user_blf,user_status
[2026-05-17 23:44:56] [warning] phone-bridge: no events for 313s — forcing reconnect
[2026-05-17 23:44:56] [warning] phone-bridge: connection closed (code=1000 reason=)
[2026-05-17 23:44:56] [info] phone-bridge: reconnecting in 1s
[2026-05-17 23:44:57] [info] phone-bridge: connected, subscribing to user_registration,user_blf,user_status
[2026-05-17 23:50:27] [warning] phone-bridge: no events for 330s — forcing reconnect
[2026-05-17 23:50:27] [warning] phone-bridge: connection closed (code=1000 reason=)
[2026-05-17 23:50:27] [info] phone-bridge: reconnecting in 1s
[2026-05-17 23:50:29] [info] phone-bridge: connected, subscribing to user_registration,user_blf,user_status
[2026-05-17 23:55:59] [warning] phone-bridge: no events for 330s — forcing reconnect
[2026-05-17 23:55:59] [warning] phone-bridge: connection closed (code=1000 reason=)
[2026-05-17 23:55:59] [info] phone-bridge: reconnecting in 1s
[2026-05-17 23:56:01] [info] phone-bridge: connected, subscribing to user_registration,user_blf,user_status
[2026-05-18 00:01:31] [warning] phone-bridge: no events for 330s — forcing reconnect
[2026-05-18 00:01:31] [warning] phone-bridge: connection closed (code=1000 reason=)
[2026-05-18 00:01:31] [info] phone-bridge: reconnecting in 1s
[2026-05-18 00:01:32] [info] phone-bridge: connected, subscribing to user_registration,user_blf,user_status
[2026-05-18 00:07:02] [warning] phone-bridge: no events for 330s — forcing reconnect
[2026-05-18 00:07:02] [warning] phone-bridge: connection closed (code=1000 reason=)
[2026-05-18 00:07:02] [info] phone-bridge: reconnecting in 1s
[2026-05-18 00:07:04] [info] phone-bridge: connected, subscribing to user_registration,user_blf,user_status
[2026-05-18 00:12:34] [warning] phone-bridge: no events for 330s — forcing reconnect
[2026-05-18 00:12:34] [warning] phone-bridge: connection closed (code=1000 reason=)
[2026-05-18 00:12:34] [info] phone-bridge: reconnecting in 1s
[2026-05-18 00:12:36] [info] phone-bridge: connected, subscribing to user_registration,user_blf,user_status
[2026-05-18 00:18:06] [warning] phone-bridge: no events for 330s — forcing reconnect
[2026-05-18 00:18:06] [warning] phone-bridge: connection closed (code=1000 reason=)
[2026-05-18 00:18:06] [info] phone-bridge: reconnecting in 1s
[2026-05-18 00:18:07] [info] phone-bridge: connected, subscribing to user_registration,user_blf,user_status
[2026-05-18 00:23:37] [warning] phone-bridge: no events for 330s — forcing reconnect
[2026-05-18 00:23:37] [warning] phone-bridge: connection closed (code=1000 reason=)
[2026-05-18 00:23:37] [info] phone-bridge: reconnecting in 1s
[2026-05-18 00:23:39] [info] phone-bridge: connected, subscribing to user_registration,user_blf,user_status
[2026-05-18 00:29:09] [warning] phone-bridge: no events for 330s — forcing reconnect
[2026-05-18 00:29:09] [warning] phone-bridge: connection closed (code=1000 reason=)
[2026-05-18 00:29:09] [info] phone-bridge: reconnecting in 1s
[2026-05-18 00:29:10] [info] phone-bridge: connected, subscribing to user_registration,user_blf,user_status
[2026-05-18 00:34:41] [warning] phone-bridge: no events for 330s — forcing reconnect
[2026-05-18 00:34:41] [warning] phone-bridge: connection closed (code=1000 reason=)
[2026-05-18 00:34:41] [info] phone-bridge: reconnecting in 1s
[2026-05-18 00:34:42] [info] phone-bridge: connected, subscribing to user_registration,user_blf,user_status
[2026-05-18 00:40:12] [warning] phone-bridge: no events for 330s — forcing reconnect
[2026-05-18 00:40:12] [warning] phone-bridge: connection closed (code=1000 reason=)
[2026-05-18 00:40:12] [info] phone-bridge: reconnecting in 1s
[2026-05-18 00:40:14] [info] phone-bridge: connected, subscribing to user_registration,user_blf,user_status
[2026-05-18 00:45:44] [warning] phone-bridge: no events for 330s — forcing reconnect
[2026-05-18 00:45:44] [warning] phone-bridge: connection closed (code=1000 reason=)
[2026-05-18 00:45:44] [info] phone-bridge: reconnecting in 1s
[2026-05-18 00:45:45] [info] phone-bridge: connected, subscribing to user_registration,user_blf,user_status
[2026-05-18 00:51:15] [warning] phone-bridge: no events for 330s — forcing reconnect
[2026-05-18 00:51:15] [warning] phone-bridge: connection closed (code=1000 reason=)
[2026-05-18 00:51:15] [info] phone-bridge: reconnecting in 1s
[2026-05-18 00:51:17] [info] phone-bridge: connected, subscribing to user_registration,user_blf,user_status
[2026-05-18 00:56:47] [warning] phone-bridge: no events for 330s — forcing reconnect
[2026-05-18 00:56:47] [warning] phone-bridge: connection closed (code=1000 reason=)
[2026-05-18 00:56:47] [info] phone-bridge: reconnecting in 1s
[2026-05-18 00:56:49] [info] phone-bridge: connected, subscribing to user_registration,user_blf,user_status
[2026-05-18 01:02:19] [warning] phone-bridge: no events for 330s — forcing reconnect
[2026-05-18 01:02:19] [warning] phone-bridge: connection closed (code=1000 reason=)
[2026-05-18 01:02:19] [info] phone-bridge: reconnecting in 1s
[2026-05-18 01:02:20] [info] phone-bridge: connected, subscribing to user_registration,user_blf,user_status
[2026-05-18 01:07:50] [warning] phone-bridge: no events for 330s — forcing reconnect
[2026-05-18 01:07:50] [warning] phone-bridge: connection closed (code=1000 reason=)
[2026-05-18 01:07:50] [info] phone-bridge: reconnecting in 1s
[2026-05-18 01:07:52] [info] phone-bridge: connected, subscribing to user_registration,user_blf,user_status
[2026-05-18 01:13:22] [warning] phone-bridge: no events for 330s — forcing reconnect
[2026-05-18 01:13:22] [warning] phone-bridge: connection closed (code=1000 reason=)
[2026-05-18 01:13:22] [info] phone-bridge: reconnecting in 1s
[2026-05-18 01:13:23] [info] phone-bridge: connected, subscribing to user_registration,user_blf,user_status
[2026-05-18 01:18:53] [warning] phone-bridge: no events for 330s — forcing reconnect
[2026-05-18 01:18:53] [warning] phone-bridge: connection closed (code=1000 reason=)
[2026-05-18 01:18:53] [info] phone-bridge: reconnecting in 1s
[2026-05-18 01:18:55] [info] phone-bridge: connected, subscribing to user_registration,user_blf,user_status
[2026-05-18 01:24:25] [warning] phone-bridge: no events for 330s — forcing reconnect
[2026-05-18 01:24:25] [warning] phone-bridge: connection closed (code=1000 reason=)
[2026-05-18 01:24:25] [info] phone-bridge: reconnecting in 1s
[2026-05-18 01:24:27] [info] phone-bridge: connected, subscribing to user_registration,user_blf,user_status
[2026-05-18 01:29:57] [warning] phone-bridge: no events for 330s — forcing reconnect
[2026-05-18 01:29:57] [warning] phone-bridge: connection closed (code=1000 reason=)
[2026-05-18 01:29:57] [info] phone-bridge: reconnecting in 1s
[2026-05-18 01:29:58] [info] phone-bridge: connected, subscribing to user_registration,user_blf,user_status
[2026-05-18 01:35:28] [warning] phone-bridge: no events for 330s — forcing reconnect
[2026-05-18 01:35:28] [warning] phone-bridge: connection closed (code=1000 reason=)
[2026-05-18 01:35:28] [info] phone-bridge: reconnecting in 1s
[2026-05-18 01:35:30] [info] phone-bridge: connected, subscribing to user_registration,user_blf,user_status
[2026-05-18 01:41:00] [warning] phone-bridge: no events for 330s — forcing reconnect
[2026-05-18 01:41:00] [warning] phone-bridge: connection closed (code=1000 reason=)
[2026-05-18 01:41:00] [info] phone-bridge: reconnecting in 1s
[2026-05-18 01:41:02] [info] phone-bridge: connected, subscribing to user_registration,user_blf,user_status
[2026-05-18 01:46:32] [warning] phone-bridge: no events for 330s — forcing reconnect
[2026-05-18 01:46:32] [warning] phone-bridge: connection closed (code=1000 reason=)
[2026-05-18 01:46:32] [info] phone-bridge: reconnecting in 1s
[2026-05-18 01:46:33] [info] phone-bridge: connected, subscribing to user_registration,user_blf,user_status
[2026-05-18 01:52:04] [warning] phone-bridge: no events for 330s — forcing reconnect
[2026-05-18 01:52:04] [warning] phone-bridge: connection closed (code=1000 reason=)
[2026-05-18 01:52:04] [info] phone-bridge: reconnecting in 1s
[2026-05-18 01:52:05] [info] phone-bridge: connected, subscribing to user_registration,user_blf,user_status
[2026-05-18 01:57:35] [warning] phone-bridge: no events for 330s — forcing reconnect
[2026-05-18 01:57:35] [warning] phone-bridge: connection closed (code=1000 reason=)
[2026-05-18 01:57:35] [info] phone-bridge: reconnecting in 1s
[2026-05-18 01:57:37] [info] phone-bridge: connected, subscribing to user_registration,user_blf,user_status
[2026-05-18 02:03:07] [warning] phone-bridge: no events for 330s — forcing reconnect
[2026-05-18 02:03:07] [warning] phone-bridge: connection closed (code=1000 reason=)
[2026-05-18 02:03:07] [info] phone-bridge: reconnecting in 1s
[2026-05-18 02:03:08] [info] phone-bridge: connected, subscribing to user_registration,user_blf,user_status
[2026-05-18 02:08:39] [warning] phone-bridge: no events for 330s — forcing reconnect
[2026-05-18 02:08:39] [warning] phone-bridge: connection closed (code=1000 reason=)
[2026-05-18 02:08:39] [info] phone-bridge: reconnecting in 1s
[2026-05-18 02:08:40] [info] phone-bridge: connected, subscribing to user_registration,user_blf,user_status
[2026-05-18 02:14:10] [warning] phone-bridge: no events for 330s — forcing reconnect
[2026-05-18 02:14:10] [warning] phone-bridge: connection closed (code=1000 reason=)
[2026-05-18 02:14:10] [info] phone-bridge: reconnecting in 1s
[2026-05-18 02:14:12] [info] phone-bridge: connected, subscribing to user_registration,user_blf,user_status
[2026-05-18 02:19:42] [warning] phone-bridge: no events for 330s — forcing reconnect
[2026-05-18 02:19:42] [warning] phone-bridge: connection closed (code=1000 reason=)
[2026-05-18 02:19:42] [info] phone-bridge: reconnecting in 1s
[2026-05-18 02:19:43] [info] phone-bridge: connected, subscribing to user_registration,user_blf,user_status
[2026-05-18 02:25:13] [warning] phone-bridge: no events for 330s — forcing reconnect
[2026-05-18 02:25:13] [warning] phone-bridge: connection closed (code=1000 reason=)
[2026-05-18 02:25:13] [info] phone-bridge: reconnecting in 1s
[2026-05-18 02:25:15] [info] phone-bridge: connected, subscribing to user_registration,user_blf,user_status
[2026-05-18 02:30:45] [warning] phone-bridge: no events for 330s — forcing reconnect
[2026-05-18 02:30:45] [warning] phone-bridge: connection closed (code=1000 reason=)
[2026-05-18 02:30:45] [info] phone-bridge: reconnecting in 1s
[2026-05-18 02:30:47] [info] phone-bridge: connected, subscribing to user_registration,user_blf,user_status
[2026-05-18 02:36:17] [warning] phone-bridge: no events for 330s — forcing reconnect
[2026-05-18 02:36:17] [warning] phone-bridge: connection closed (code=1000 reason=)
[2026-05-18 02:36:17] [info] phone-bridge: reconnecting in 1s
[2026-05-18 02:36:18] [info] phone-bridge: connected, subscribing to user_registration,user_blf,user_status
[2026-05-18 02:41:48] [warning] phone-bridge: no events for 330s — forcing reconnect
[2026-05-18 02:41:48] [warning] phone-bridge: connection closed (code=1000 reason=)
[2026-05-18 02:41:48] [info] phone-bridge: reconnecting in 1s
[2026-05-18 02:41:50] [info] phone-bridge: connected, subscribing to user_registration,user_blf,user_status
[2026-05-18 02:47:20] [warning] phone-bridge: no events for 330s — forcing reconnect
[2026-05-18 02:47:20] [warning] phone-bridge: connection closed (code=1000 reason=)
[2026-05-18 02:47:20] [info] phone-bridge: reconnecting in 1s
[2026-05-18 02:47:21] [info] phone-bridge: connected, subscribing to user_registration,user_blf,user_status
[2026-05-18 02:52:52] [warning] phone-bridge: no events for 330s — forcing reconnect
[2026-05-18 02:52:52] [warning] phone-bridge: connection closed (code=1000 reason=)
[2026-05-18 02:52:52] [info] phone-bridge: reconnecting in 1s
[2026-05-18 02:52:53] [info] phone-bridge: connected, subscribing to user_registration,user_blf,user_status
[2026-05-18 02:58:23] [warning] phone-bridge: no events for 330s — forcing reconnect
[2026-05-18 02:58:23] [warning] phone-bridge: connection closed (code=1000 reason=)
[2026-05-18 02:58:23] [info] phone-bridge: reconnecting in 1s
[2026-05-18 02:58:25] [info] phone-bridge: connected, subscribing to user_registration,user_blf,user_status
[2026-05-18 03:03:55] [warning] phone-bridge: no events for 330s — forcing reconnect
[2026-05-18 03:03:55] [warning] phone-bridge: connection closed (code=1000 reason=)
[2026-05-18 03:03:55] [info] phone-bridge: reconnecting in 1s
[2026-05-18 03:03:57] [info] phone-bridge: connected, subscribing to user_registration,user_blf,user_status
[2026-05-18 03:09:27] [warning] phone-bridge: no events for 330s — forcing reconnect
[2026-05-18 03:09:27] [warning] phone-bridge: connection closed (code=1000 reason=)
[2026-05-18 03:09:27] [info] phone-bridge: reconnecting in 1s
[2026-05-18 03:09:28] [info] phone-bridge: connected, subscribing to user_registration,user_blf,user_status
[2026-05-18 03:14:58] [warning] phone-bridge: no events for 330s — forcing reconnect
[2026-05-18 03:14:58] [warning] phone-bridge: connection closed (code=1000 reason=)
[2026-05-18 03:14:58] [info] phone-bridge: reconnecting in 1s
[2026-05-18 03:15:00] [info] phone-bridge: connected, subscribing to user_registration,user_blf,user_status
[2026-05-18 03:20:30] [warning] phone-bridge: no events for 330s — forcing reconnect
[2026-05-18 03:20:30] [warning] phone-bridge: connection closed (code=1000 reason=)
[2026-05-18 03:20:30] [info] phone-bridge: reconnecting in 1s
[2026-05-18 03:20:31] [info] phone-bridge: connected, subscribing to user_registration,user_blf,user_status
[2026-05-18 03:26:01] [warning] phone-bridge: no events for 330s — forcing reconnect
[2026-05-18 03:26:01] [warning] phone-bridge: connection closed (code=1000 reason=)
[2026-05-18 03:26:01] [info] phone-bridge: reconnecting in 1s
[2026-05-18 03:26:03] [info] phone-bridge: connected, subscribing to user_registration,user_blf,user_status
[2026-05-18 03:31:33] [warning] phone-bridge: no events for 330s — forcing reconnect
[2026-05-18 03:31:33] [warning] phone-bridge: connection closed (code=1000 reason=)
[2026-05-18 03:31:33] [info] phone-bridge: reconnecting in 1s
[2026-05-18 03:31:35] [info] phone-bridge: connected, subscribing to user_registration,user_blf,user_status
[2026-05-18 03:37:05] [warning] phone-bridge: no events for 330s — forcing reconnect
[2026-05-18 03:37:05] [warning] phone-bridge: connection closed (code=1000 reason=)
[2026-05-18 03:37:05] [info] phone-bridge: reconnecting in 1s
[2026-05-18 03:37:06] [info] phone-bridge: connected, subscribing to user_registration,user_blf,user_status
[2026-05-18 03:42:36] [warning] phone-bridge: no events for 330s — forcing reconnect
[2026-05-18 03:42:36] [warning] phone-bridge: connection closed (code=1000 reason=)
[2026-05-18 03:42:36] [info] phone-bridge: reconnecting in 1s
[2026-05-18 03:42:38] [info] phone-bridge: connected, subscribing to user_registration,user_blf,user_status
[2026-05-18 03:48:08] [warning] phone-bridge: no events for 330s — forcing reconnect
[2026-05-18 03:48:08] [warning] phone-bridge: connection closed (code=1000 reason=)
[2026-05-18 03:48:08] [info] phone-bridge: reconnecting in 1s
[2026-05-18 03:48:09] [info] phone-bridge: connected, subscribing to user_registration,user_blf,user_status
[2026-05-18 03:53:39] [warning] phone-bridge: no events for 330s — forcing reconnect
[2026-05-18 03:53:39] [warning] phone-bridge: connection closed (code=1000 reason=)
[2026-05-18 03:53:39] [info] phone-bridge: reconnecting in 1s
[2026-05-18 03:53:41] [info] phone-bridge: connected, subscribing to user_registration,user_blf,user_status
[2026-05-18 03:59:11] [warning] phone-bridge: no events for 330s — forcing reconnect
[2026-05-18 03:59:11] [warning] phone-bridge: connection closed (code=1000 reason=)
[2026-05-18 03:59:11] [info] phone-bridge: reconnecting in 1s
[2026-05-18 03:59:13] [info] phone-bridge: connected, subscribing to user_registration,user_blf,user_status
[2026-05-18 04:04:43] [warning] phone-bridge: no events for 330s — forcing reconnect
[2026-05-18 04:04:43] [warning] phone-bridge: connection closed (code=1000 reason=)
[2026-05-18 04:04:43] [info] phone-bridge: reconnecting in 1s
[2026-05-18 04:04:44] [info] phone-bridge: connected, subscribing to user_registration,user_blf,user_status
[2026-05-18 04:10:14] [warning] phone-bridge: no events for 330s — forcing reconnect
[2026-05-18 04:10:14] [warning] phone-bridge: connection closed (code=1000 reason=)
[2026-05-18 04:10:14] [info] phone-bridge: reconnecting in 1s
[2026-05-18 04:10:16] [info] phone-bridge: connected, subscribing to user_registration,user_blf,user_status
[2026-05-18 04:15:46] [warning] phone-bridge: no events for 330s — forcing reconnect
[2026-05-18 04:15:46] [warning] phone-bridge: connection closed (code=1000 reason=)
[2026-05-18 04:15:46] [info] phone-bridge: reconnecting in 1s
[2026-05-18 04:15:48] [info] phone-bridge: connected, subscribing to user_registration,user_blf,user_status
[2026-05-18 04:21:18] [warning] phone-bridge: no events for 330s — forcing reconnect
[2026-05-18 04:21:18] [warning] phone-bridge: connection closed (code=1000 reason=)
[2026-05-18 04:21:18] [info] phone-bridge: reconnecting in 1s
[2026-05-18 04:21:19] [info] phone-bridge: connected, subscribing to user_registration,user_blf,user_status
[2026-05-18 04:26:49] [warning] phone-bridge: no events for 330s — forcing reconnect
[2026-05-18 04:26:49] [warning] phone-bridge: connection closed (code=1000 reason=)
[2026-05-18 04:26:49] [info] phone-bridge: reconnecting in 1s
[2026-05-18 04:26:51] [info] phone-bridge: connected, subscribing to user_registration,user_blf,user_status
[2026-05-18 04:32:21] [warning] phone-bridge: no events for 330s — forcing reconnect
[2026-05-18 04:32:21] [warning] phone-bridge: connection closed (code=1000 reason=)
[2026-05-18 04:32:21] [info] phone-bridge: reconnecting in 1s
[2026-05-18 04:32:22] [info] phone-bridge: connected, subscribing to user_registration,user_blf,user_status
[2026-05-18 04:37:53] [warning] phone-bridge: no events for 330s — forcing reconnect
[2026-05-18 04:37:53] [warning] phone-bridge: connection closed (code=1000 reason=)
[2026-05-18 04:37:53] [info] phone-bridge: reconnecting in 1s
[2026-05-18 04:37:54] [info] phone-bridge: connected, subscribing to user_registration,user_blf,user_status
[2026-05-18 04:43:24] [warning] phone-bridge: no events for 330s — forcing reconnect
[2026-05-18 04:43:24] [warning] phone-bridge: connection closed (code=1000 reason=)
[2026-05-18 04:43:24] [info] phone-bridge: reconnecting in 1s
[2026-05-18 04:43:26] [info] phone-bridge: connected, subscribing to user_registration,user_blf,user_status
[2026-05-18 04:48:56] [warning] phone-bridge: no events for 330s — forcing reconnect
[2026-05-18 04:48:56] [warning] phone-bridge: connection closed (code=1000 reason=)
[2026-05-18 04:48:56] [info] phone-bridge: reconnecting in 1s
[2026-05-18 04:48:57] [info] phone-bridge: connected, subscribing to user_registration,user_blf,user_status
[2026-05-18 04:54:27] [warning] phone-bridge: no events for 330s — forcing reconnect
[2026-05-18 04:54:27] [warning] phone-bridge: connection closed (code=1000 reason=)
[2026-05-18 04:54:27] [info] phone-bridge: reconnecting in 1s
[2026-05-18 04:54:29] [info] phone-bridge: connected, subscribing to user_registration,user_blf,user_status
[2026-05-18 04:59:59] [warning] phone-bridge: no events for 330s — forcing reconnect
[2026-05-18 04:59:59] [warning] phone-bridge: connection closed (code=1000 reason=)
[2026-05-18 04:59:59] [info] phone-bridge: reconnecting in 1s
[2026-05-18 05:00:01] [info] phone-bridge: connected, subscribing to user_registration,user_blf,user_status
[2026-05-18 05:05:31] [warning] phone-bridge: no events for 330s — forcing reconnect
[2026-05-18 05:05:31] [warning] phone-bridge: connection closed (code=1000 reason=)
[2026-05-18 05:05:31] [info] phone-bridge: reconnecting in 1s
[2026-05-18 05:05:32] [info] phone-bridge: connected, subscribing to user_registration,user_blf,user_status
[2026-05-18 05:11:02] [warning] phone-bridge: no events for 330s — forcing reconnect
[2026-05-18 05:11:02] [warning] phone-bridge: connection closed (code=1000 reason=)
[2026-05-18 05:11:02] [info] phone-bridge: reconnecting in 1s
[2026-05-18 05:11:04] [info] phone-bridge: connected, subscribing to user_registration,user_blf,user_status
[2026-05-18 05:16:34] [warning] phone-bridge: no events for 330s — forcing reconnect
[2026-05-18 05:16:34] [warning] phone-bridge: connection closed (code=1000 reason=)
[2026-05-18 05:16:34] [info] phone-bridge: reconnecting in 1s
[2026-05-18 05:16:35] [info] phone-bridge: connected, subscribing to user_registration,user_blf,user_status
[2026-05-18 05:22:06] [warning] phone-bridge: no events for 330s — forcing reconnect
[2026-05-18 05:22:06] [warning] phone-bridge: connection closed (code=1000 reason=)
[2026-05-18 05:22:06] [info] phone-bridge: reconnecting in 1s
[2026-05-18 05:22:07] [info] phone-bridge: connected, subscribing to user_registration,user_blf,user_status
[2026-05-18 05:27:37] [warning] phone-bridge: no events for 330s — forcing reconnect
[2026-05-18 05:27:37] [warning] phone-bridge: connection closed (code=1000 reason=)
[2026-05-18 05:27:37] [info] phone-bridge: reconnecting in 1s
[2026-05-18 05:27:39] [info] phone-bridge: connected, subscribing to user_registration,user_blf,user_status
[2026-05-18 05:33:09] [warning] phone-bridge: no events for 330s — forcing reconnect
[2026-05-18 05:33:09] [warning] phone-bridge: connection closed (code=1000 reason=)
[2026-05-18 05:33:09] [info] phone-bridge: reconnecting in 1s
[2026-05-18 05:33:10] [info] phone-bridge: connected, subscribing to user_registration,user_blf,user_status
[2026-05-18 05:38:40] [warning] phone-bridge: no events for 330s — forcing reconnect
[2026-05-18 05:38:40] [warning] phone-bridge: connection closed (code=1000 reason=)
[2026-05-18 05:38:40] [info] phone-bridge: reconnecting in 1s
[2026-05-18 05:38:42] [info] phone-bridge: connected, subscribing to user_registration,user_blf,user_status
[2026-05-18 05:44:12] [warning] phone-bridge: no events for 330s — forcing reconnect
[2026-05-18 05:44:12] [warning] phone-bridge: connection closed (code=1000 reason=)
[2026-05-18 05:44:12] [info] phone-bridge: reconnecting in 1s
[2026-05-18 05:44:14] [info] phone-bridge: connected, subscribing to user_registration,user_blf,user_status
[2026-05-18 05:49:44] [warning] phone-bridge: no events for 330s — forcing reconnect
[2026-05-18 05:49:44] [warning] phone-bridge: connection closed (code=1000 reason=)
[2026-05-18 05:49:44] [info] phone-bridge: reconnecting in 1s
[2026-05-18 05:49:45] [info] phone-bridge: connected, subscribing to user_registration,user_blf,user_status
[2026-05-18 05:55:15] [warning] phone-bridge: no events for 330s — forcing reconnect
[2026-05-18 05:55:15] [warning] phone-bridge: connection closed (code=1000 reason=)
[2026-05-18 05:55:15] [info] phone-bridge: reconnecting in 1s
[2026-05-18 05:55:17] [info] phone-bridge: connected, subscribing to user_registration,user_blf,user_status
[2026-05-18 06:00:47] [warning] phone-bridge: no events for 330s — forcing reconnect
[2026-05-18 06:00:47] [warning] phone-bridge: connection closed (code=1000 reason=)
[2026-05-18 06:00:47] [info] phone-bridge: reconnecting in 1s
[2026-05-18 06:00:49] [info] phone-bridge: connected, subscribing to user_registration,user_blf,user_status
[2026-05-18 06:06:19] [warning] phone-bridge: no events for 330s — forcing reconnect
[2026-05-18 06:06:19] [warning] phone-bridge: connection closed (code=1000 reason=)
[2026-05-18 06:06:19] [info] phone-bridge: reconnecting in 1s
[2026-05-18 06:06:20] [info] phone-bridge: connected, subscribing to user_registration,user_blf,user_status
[2026-05-18 06:11:50] [warning] phone-bridge: no events for 330s — forcing reconnect
[2026-05-18 06:11:50] [warning] phone-bridge: connection closed (code=1000 reason=)
[2026-05-18 06:11:50] [info] phone-bridge: reconnecting in 1s
[2026-05-18 06:11:52] [info] phone-bridge: connected, subscribing to user_registration,user_blf,user_status
[2026-05-18 06:17:22] [warning] phone-bridge: no events for 330s — forcing reconnect
[2026-05-18 06:17:22] [warning] phone-bridge: connection closed (code=1000 reason=)
[2026-05-18 06:17:22] [info] phone-bridge: reconnecting in 1s
[2026-05-18 06:17:23] [info] phone-bridge: connected, subscribing to user_registration,user_blf,user_status
[2026-05-18 06:22:54] [warning] phone-bridge: no events for 330s — forcing reconnect
[2026-05-18 06:22:54] [warning] phone-bridge: connection closed (code=1000 reason=)
[2026-05-18 06:22:54] [info] phone-bridge: reconnecting in 1s
[2026-05-18 06:22:55] [info] phone-bridge: connected, subscribing to user_registration,user_blf,user_status
[2026-05-18 06:28:25] [warning] phone-bridge: no events for 330s — forcing reconnect
[2026-05-18 06:28:25] [warning] phone-bridge: connection closed (code=1000 reason=)
[2026-05-18 06:28:25] [info] phone-bridge: reconnecting in 1s
[2026-05-18 06:28:27] [info] phone-bridge: connected, subscribing to user_registration,user_blf,user_status
[2026-05-18 06:33:57] [warning] phone-bridge: no events for 330s — forcing reconnect
[2026-05-18 06:33:57] [warning] phone-bridge: connection closed (code=1000 reason=)
[2026-05-18 06:33:57] [info] phone-bridge: reconnecting in 1s
[2026-05-18 06:33:59] [info] phone-bridge: connected, subscribing to user_registration,user_blf,user_status
[2026-05-18 06:39:29] [warning] phone-bridge: no events for 330s — forcing reconnect
[2026-05-18 06:39:29] [warning] phone-bridge: connection closed (code=1000 reason=)
[2026-05-18 06:39:29] [info] phone-bridge: reconnecting in 1s
[2026-05-18 06:39:30] [info] phone-bridge: connected, subscribing to user_registration,user_blf,user_status
[2026-05-18 06:45:00] [warning] phone-bridge: no events for 330s — forcing reconnect
[2026-05-18 06:45:00] [warning] phone-bridge: connection closed (code=1000 reason=)
[2026-05-18 06:45:00] [info] phone-bridge: reconnecting in 1s
[2026-05-18 06:45:02] [info] phone-bridge: connected, subscribing to user_registration,user_blf,user_status
[2026-05-18 06:50:32] [warning] phone-bridge: no events for 330s — forcing reconnect
[2026-05-18 06:50:32] [warning] phone-bridge: connection closed (code=1000 reason=)
[2026-05-18 06:50:32] [info] phone-bridge: reconnecting in 1s
[2026-05-18 06:50:34] [info] phone-bridge: connected, subscribing to user_registration,user_blf,user_status
[2026-05-18 06:56:04] [warning] phone-bridge: no events for 330s — forcing reconnect
[2026-05-18 06:56:04] [warning] phone-bridge: connection closed (code=1000 reason=)
[2026-05-18 06:56:04] [info] phone-bridge: reconnecting in 1s
[2026-05-18 06:56:05] [info] phone-bridge: connected, subscribing to user_registration,user_blf,user_status
[2026-05-18 07:01:35] [warning] phone-bridge: no events for 330s — forcing reconnect
[2026-05-18 07:01:35] [warning] phone-bridge: connection closed (code=1000 reason=)
[2026-05-18 07:01:35] [info] phone-bridge: reconnecting in 1s
[2026-05-18 07:01:37] [info] phone-bridge: connected, subscribing to user_registration,user_blf,user_status
[2026-05-18 07:07:07] [warning] phone-bridge: no events for 330s — forcing reconnect
[2026-05-18 07:07:07] [warning] phone-bridge: connection closed (code=1000 reason=)
[2026-05-18 07:07:07] [info] phone-bridge: reconnecting in 1s
[2026-05-18 07:07:08] [info] phone-bridge: connected, subscribing to user_registration,user_blf,user_status
[2026-05-18 07:12:39] [warning] phone-bridge: no events for 330s — forcing reconnect
[2026-05-18 07:12:39] [warning] phone-bridge: connection closed (code=1000 reason=)
[2026-05-18 07:12:39] [info] phone-bridge: reconnecting in 1s
[2026-05-18 07:12:40] [info] phone-bridge: connected, subscribing to user_registration,user_blf,user_status
[2026-05-18 07:18:10] [warning] phone-bridge: no events for 330s — forcing reconnect
[2026-05-18 07:18:10] [warning] phone-bridge: connection closed (code=1000 reason=)
[2026-05-18 07:18:10] [info] phone-bridge: reconnecting in 1s
[2026-05-18 07:18:12] [info] phone-bridge: connected, subscribing to user_registration,user_blf,user_status
[2026-05-18 07:23:42] [warning] phone-bridge: no events for 330s — forcing reconnect
[2026-05-18 07:23:42] [warning] phone-bridge: connection closed (code=1000 reason=)
[2026-05-18 07:23:42] [info] phone-bridge: reconnecting in 1s
[2026-05-18 07:23:44] [info] phone-bridge: connected, subscribing to user_registration,user_blf,user_status
[2026-05-18 07:29:14] [warning] phone-bridge: no events for 330s — forcing reconnect
[2026-05-18 07:29:14] [warning] phone-bridge: connection closed (code=1000 reason=)
[2026-05-18 07:29:14] [info] phone-bridge: reconnecting in 1s
[2026-05-18 07:29:15] [info] phone-bridge: connected, subscribing to user_registration,user_blf,user_status
[2026-05-18 07:34:45] [warning] phone-bridge: no events for 330s — forcing reconnect
[2026-05-18 07:34:45] [warning] phone-bridge: connection closed (code=1000 reason=)
[2026-05-18 07:34:45] [info] phone-bridge: reconnecting in 1s
[2026-05-18 07:34:47] [info] phone-bridge: connected, subscribing to user_registration,user_blf,user_status
[2026-05-18 07:40:17] [warning] phone-bridge: no events for 330s — forcing reconnect
[2026-05-18 07:40:17] [warning] phone-bridge: connection closed (code=1000 reason=)
[2026-05-18 07:40:17] [info] phone-bridge: reconnecting in 1s
[2026-05-18 07:40:18] [info] phone-bridge: connected, subscribing to user_registration,user_blf,user_status
[2026-05-18 07:45:49] [warning] phone-bridge: no events for 330s — forcing reconnect
[2026-05-18 07:45:49] [warning] phone-bridge: connection closed (code=1000 reason=)
[2026-05-18 07:45:49] [info] phone-bridge: reconnecting in 1s
[2026-05-18 07:45:50] [info] phone-bridge: connected, subscribing to user_registration,user_blf,user_status
[2026-05-18 20:21:59] [warning] phone-bridge: no events for 324s — forcing reconnect
[2026-05-18 20:21:59] [warning] phone-bridge: connection closed (code=1000 reason=)
[2026-05-18 20:21:59] [info] phone-bridge: reconnecting in 1s
[2026-05-18 20:22:00] [info] phone-bridge: connected, subscribing to user_registration,user_blf,user_status
[2026-05-18 20:31:01] [warning] phone-bridge: no events for 319s — forcing reconnect
[2026-05-18 20:31:01] [warning] phone-bridge: connection closed (code=1000 reason=)
[2026-05-18 20:31:01] [info] phone-bridge: reconnecting in 1s
[2026-05-18 20:31:02] [info] phone-bridge: connected, subscribing to user_registration,user_blf,user_status
[2026-05-18 20:40:02] [warning] phone-bridge: no events for 319s — forcing reconnect
[2026-05-18 20:40:02] [warning] phone-bridge: connection closed (code=1000 reason=)
[2026-05-18 20:40:02] [info] phone-bridge: reconnecting in 1s
[2026-05-18 20:40:04] [info] phone-bridge: connected, subscribing to user_registration,user_blf,user_status
[2026-05-18 20:49:04] [warning] phone-bridge: no events for 311s — forcing reconnect
[2026-05-18 20:49:04] [warning] phone-bridge: connection closed (code=1000 reason=)
[2026-05-18 20:49:04] [info] phone-bridge: reconnecting in 1s
[2026-05-18 20:49:05] [info] phone-bridge: connected, subscribing to user_registration,user_blf,user_status
[2026-05-18 20:58:06] [warning] phone-bridge: no events for 312s — forcing reconnect
[2026-05-18 20:58:06] [warning] phone-bridge: connection closed (code=1000 reason=)
[2026-05-18 20:58:06] [info] phone-bridge: reconnecting in 1s
[2026-05-18 20:58:07] [info] phone-bridge: connected, subscribing to user_registration,user_blf,user_status
[2026-05-18 21:07:37] [warning] phone-bridge: no events for 327s — forcing reconnect
[2026-05-18 21:07:37] [warning] phone-bridge: connection closed (code=1000 reason=)
[2026-05-18 21:07:37] [info] phone-bridge: reconnecting in 1s
[2026-05-18 21:07:39] [info] phone-bridge: connected, subscribing to user_registration,user_blf,user_status
[2026-05-18 21:16:39] [warning] phone-bridge: no events for 328s — forcing reconnect
[2026-05-18 21:16:39] [warning] phone-bridge: connection closed (code=1000 reason=)
[2026-05-18 21:16:39] [info] phone-bridge: reconnecting in 1s
[2026-05-18 21:16:41] [info] phone-bridge: connected, subscribing to user_registration,user_blf,user_status
[2026-05-18 21:25:41] [warning] phone-bridge: no events for 330s — forcing reconnect
[2026-05-18 21:25:41] [warning] phone-bridge: connection closed (code=1000 reason=)
[2026-05-18 21:25:41] [info] phone-bridge: reconnecting in 1s
[2026-05-18 21:25:42] [info] phone-bridge: connected, subscribing to user_registration,user_blf,user_status
[2026-05-18 21:34:43] [warning] phone-bridge: no events for 327s — forcing reconnect
[2026-05-18 21:34:43] [warning] phone-bridge: connection closed (code=1000 reason=)
[2026-05-18 21:34:43] [info] phone-bridge: reconnecting in 1s
[2026-05-18 21:34:44] [info] phone-bridge: connected, subscribing to user_registration,user_blf,user_status
[2026-05-18 21:43:44] [warning] phone-bridge: no events for 327s — forcing reconnect
[2026-05-18 21:43:44] [warning] phone-bridge: connection closed (code=1000 reason=)
[2026-05-18 21:43:44] [info] phone-bridge: reconnecting in 1s
[2026-05-18 21:43:46] [info] phone-bridge: connected, subscribing to user_registration,user_blf,user_status
[2026-05-18 23:45:18] [warning] phone-bridge: no events for 317s — forcing reconnect
[2026-05-18 23:45:18] [warning] phone-bridge: connection closed (code=1000 reason=)
[2026-05-18 23:45:18] [info] phone-bridge: reconnecting in 1s
[2026-05-18 23:45:19] [info] phone-bridge: connected, subscribing to user_registration,user_blf,user_status
[2026-05-18 23:50:49] [warning] phone-bridge: no events for 330s — forcing reconnect
[2026-05-18 23:50:49] [warning] phone-bridge: connection closed (code=1000 reason=)
[2026-05-18 23:50:49] [info] phone-bridge: reconnecting in 1s
[2026-05-18 23:50:51] [info] phone-bridge: connected, subscribing to user_registration,user_blf,user_status
[2026-05-18 23:56:21] [warning] phone-bridge: no events for 330s — forcing reconnect
[2026-05-18 23:56:21] [warning] phone-bridge: connection closed (code=1000 reason=)
[2026-05-18 23:56:21] [info] phone-bridge: reconnecting in 1s
[2026-05-18 23:56:22] [info] phone-bridge: connected, subscribing to user_registration,user_blf,user_status
[2026-05-19 00:01:52] [warning] phone-bridge: no events for 330s — forcing reconnect
[2026-05-19 00:01:52] [warning] phone-bridge: connection closed (code=1000 reason=)
[2026-05-19 00:01:52] [info] phone-bridge: reconnecting in 1s
[2026-05-19 00:01:54] [info] phone-bridge: connected, subscribing to user_registration,user_blf,user_status
[2026-05-19 00:07:24] [warning] phone-bridge: no events for 330s — forcing reconnect
[2026-05-19 00:07:24] [warning] phone-bridge: connection closed (code=1000 reason=)
[2026-05-19 00:07:24] [info] phone-bridge: reconnecting in 1s
[2026-05-19 00:07:26] [info] phone-bridge: connected, subscribing to user_registration,user_blf,user_status
[2026-05-19 00:12:56] [warning] phone-bridge: no events for 330s — forcing reconnect
[2026-05-19 00:12:56] [warning] phone-bridge: connection closed (code=1000 reason=)
[2026-05-19 00:12:56] [info] phone-bridge: reconnecting in 1s
[2026-05-19 00:12:57] [info] phone-bridge: connected, subscribing to user_registration,user_blf,user_status
[2026-05-19 00:18:27] [warning] phone-bridge: no events for 330s — forcing reconnect
[2026-05-19 00:18:27] [warning] phone-bridge: connection closed (code=1000 reason=)
[2026-05-19 00:18:27] [info] phone-bridge: reconnecting in 1s
[2026-05-19 00:18:29] [info] phone-bridge: connected, subscribing to user_registration,user_blf,user_status
[2026-05-19 00:23:59] [warning] phone-bridge: no events for 330s — forcing reconnect
[2026-05-19 00:23:59] [warning] phone-bridge: connection closed (code=1000 reason=)
[2026-05-19 00:23:59] [info] phone-bridge: reconnecting in 1s
[2026-05-19 00:24:01] [info] phone-bridge: connected, subscribing to user_registration,user_blf,user_status
[2026-05-19 00:29:31] [warning] phone-bridge: no events for 330s — forcing reconnect
[2026-05-19 00:29:31] [warning] phone-bridge: connection closed (code=1000 reason=)
[2026-05-19 00:29:31] [info] phone-bridge: reconnecting in 1s
[2026-05-19 00:29:32] [info] phone-bridge: connected, subscribing to user_registration,user_blf,user_status
[2026-05-19 00:35:02] [warning] phone-bridge: no events for 330s — forcing reconnect
[2026-05-19 00:35:02] [warning] phone-bridge: connection closed (code=1000 reason=)
[2026-05-19 00:35:02] [info] phone-bridge: reconnecting in 1s
[2026-05-19 00:35:04] [info] phone-bridge: connected, subscribing to user_registration,user_blf,user_status
[2026-05-19 00:40:34] [warning] phone-bridge: no events for 330s — forcing reconnect
[2026-05-19 00:40:34] [warning] phone-bridge: connection closed (code=1000 reason=)
[2026-05-19 00:40:34] [info] phone-bridge: reconnecting in 1s
[2026-05-19 00:40:35] [info] phone-bridge: connected, subscribing to user_registration,user_blf,user_status
[2026-05-19 00:46:06] [warning] phone-bridge: no events for 330s — forcing reconnect
[2026-05-19 00:46:06] [warning] phone-bridge: connection closed (code=1000 reason=)
[2026-05-19 00:46:06] [info] phone-bridge: reconnecting in 1s
[2026-05-19 00:46:07] [info] phone-bridge: connected, subscribing to user_registration,user_blf,user_status
[2026-05-19 00:51:37] [warning] phone-bridge: no events for 330s — forcing reconnect
[2026-05-19 00:51:37] [warning] phone-bridge: connection closed (code=1000 reason=)
[2026-05-19 00:51:37] [info] phone-bridge: reconnecting in 1s
[2026-05-19 00:51:39] [info] phone-bridge: connected, subscribing to user_registration,user_blf,user_status
[2026-05-19 00:57:09] [warning] phone-bridge: no events for 330s — forcing reconnect
[2026-05-19 00:57:09] [warning] phone-bridge: connection closed (code=1000 reason=)
[2026-05-19 00:57:09] [info] phone-bridge: reconnecting in 1s
[2026-05-19 00:57:10] [info] phone-bridge: connected, subscribing to user_registration,user_blf,user_status
[2026-05-19 01:02:40] [warning] phone-bridge: no events for 330s — forcing reconnect
[2026-05-19 01:02:40] [warning] phone-bridge: connection closed (code=1000 reason=)
[2026-05-19 01:02:40] [info] phone-bridge: reconnecting in 1s
[2026-05-19 01:02:42] [info] phone-bridge: connected, subscribing to user_registration,user_blf,user_status
[2026-05-19 01:08:12] [warning] phone-bridge: no events for 330s — forcing reconnect
[2026-05-19 01:08:12] [warning] phone-bridge: connection closed (code=1000 reason=)
[2026-05-19 01:08:12] [info] phone-bridge: reconnecting in 1s
[2026-05-19 01:08:14] [info] phone-bridge: connected, subscribing to user_registration,user_blf,user_status
[2026-05-19 01:13:44] [warning] phone-bridge: no events for 330s — forcing reconnect
[2026-05-19 01:13:44] [warning] phone-bridge: connection closed (code=1000 reason=)
[2026-05-19 01:13:44] [info] phone-bridge: reconnecting in 1s
[2026-05-19 01:13:45] [info] phone-bridge: connected, subscribing to user_registration,user_blf,user_status
[2026-05-19 01:19:15] [warning] phone-bridge: no events for 330s — forcing reconnect
[2026-05-19 01:19:15] [warning] phone-bridge: connection closed (code=1000 reason=)
[2026-05-19 01:19:15] [info] phone-bridge: reconnecting in 1s
[2026-05-19 01:19:17] [info] phone-bridge: connected, subscribing to user_registration,user_blf,user_status
[2026-05-19 01:24:47] [warning] phone-bridge: no events for 330s — forcing reconnect
[2026-05-19 01:24:47] [warning] phone-bridge: connection closed (code=1000 reason=)
[2026-05-19 01:24:47] [info] phone-bridge: reconnecting in 1s
[2026-05-19 01:24:48] [info] phone-bridge: connected, subscribing to user_registration,user_blf,user_status
[2026-05-19 01:30:18] [warning] phone-bridge: no events for 330s — forcing reconnect
[2026-05-19 01:30:18] [warning] phone-bridge: connection closed (code=1000 reason=)
[2026-05-19 01:30:18] [info] phone-bridge: reconnecting in 1s
[2026-05-19 01:30:20] [info] phone-bridge: connected, subscribing to user_registration,user_blf,user_status
[2026-05-19 01:35:50] [warning] phone-bridge: no events for 330s — forcing reconnect
[2026-05-19 01:35:50] [warning] phone-bridge: connection closed (code=1000 reason=)
[2026-05-19 01:35:50] [info] phone-bridge: reconnecting in 1s
[2026-05-19 01:35:52] [info] phone-bridge: connected, subscribing to user_registration,user_blf,user_status
[2026-05-19 01:41:22] [warning] phone-bridge: no events for 330s — forcing reconnect
[2026-05-19 01:41:22] [warning] phone-bridge: connection closed (code=1000 reason=)
[2026-05-19 01:41:22] [info] phone-bridge: reconnecting in 1s
[2026-05-19 01:41:23] [info] phone-bridge: connected, subscribing to user_registration,user_blf,user_status
[2026-05-19 01:46:53] [warning] phone-bridge: no events for 330s — forcing reconnect
[2026-05-19 01:46:53] [warning] phone-bridge: connection closed (code=1000 reason=)
[2026-05-19 01:46:53] [info] phone-bridge: reconnecting in 1s
[2026-05-19 01:46:55] [info] phone-bridge: connected, subscribing to user_registration,user_blf,user_status
[2026-05-19 01:52:25] [warning] phone-bridge: no events for 330s — forcing reconnect
[2026-05-19 01:52:25] [warning] phone-bridge: connection closed (code=1000 reason=)
[2026-05-19 01:52:25] [info] phone-bridge: reconnecting in 1s
[2026-05-19 01:52:27] [info] phone-bridge: connected, subscribing to user_registration,user_blf,user_status
[2026-05-19 01:57:57] [warning] phone-bridge: no events for 330s — forcing reconnect
[2026-05-19 01:57:57] [warning] phone-bridge: connection closed (code=1000 reason=)
[2026-05-19 01:57:57] [info] phone-bridge: reconnecting in 1s
[2026-05-19 01:57:58] [info] phone-bridge: connected, subscribing to user_registration,user_blf,user_status
[2026-05-19 02:03:28] [warning] phone-bridge: no events for 330s — forcing reconnect
[2026-05-19 02:03:28] [warning] phone-bridge: connection closed (code=1000 reason=)
[2026-05-19 02:03:28] [info] phone-bridge: reconnecting in 1s
[2026-05-19 02:03:30] [info] phone-bridge: connected, subscribing to user_registration,user_blf,user_status
[2026-05-19 02:09:00] [warning] phone-bridge: no events for 330s — forcing reconnect
[2026-05-19 02:09:00] [warning] phone-bridge: connection closed (code=1000 reason=)
[2026-05-19 02:09:00] [info] phone-bridge: reconnecting in 1s
[2026-05-19 02:09:01] [info] phone-bridge: connected, subscribing to user_registration,user_blf,user_status
[2026-05-19 02:14:31] [warning] phone-bridge: no events for 330s — forcing reconnect
[2026-05-19 02:14:31] [warning] phone-bridge: connection closed (code=1000 reason=)
[2026-05-19 02:14:31] [info] phone-bridge: reconnecting in 1s
[2026-05-19 02:14:33] [info] phone-bridge: connected, subscribing to user_registration,user_blf,user_status
[2026-05-19 02:20:03] [warning] phone-bridge: no events for 330s — forcing reconnect
[2026-05-19 02:20:03] [warning] phone-bridge: connection closed (code=1000 reason=)
[2026-05-19 02:20:03] [info] phone-bridge: reconnecting in 1s
[2026-05-19 02:20:05] [info] phone-bridge: connected, subscribing to user_registration,user_blf,user_status
[2026-05-19 02:25:35] [warning] phone-bridge: no events for 330s — forcing reconnect
[2026-05-19 02:25:35] [warning] phone-bridge: connection closed (code=1000 reason=)
[2026-05-19 02:25:35] [info] phone-bridge: reconnecting in 1s
[2026-05-19 02:25:36] [info] phone-bridge: connected, subscribing to user_registration,user_blf,user_status
[2026-05-19 02:31:06] [warning] phone-bridge: no events for 330s — forcing reconnect
[2026-05-19 02:31:06] [warning] phone-bridge: connection closed (code=1000 reason=)
[2026-05-19 02:31:06] [info] phone-bridge: reconnecting in 1s
[2026-05-19 02:31:08] [info] phone-bridge: connected, subscribing to user_registration,user_blf,user_status
[2026-05-19 02:36:38] [warning] phone-bridge: no events for 330s — forcing reconnect
[2026-05-19 02:36:38] [warning] phone-bridge: connection closed (code=1000 reason=)
[2026-05-19 02:36:38] [info] phone-bridge: reconnecting in 1s
[2026-05-19 02:36:40] [info] phone-bridge: connected, subscribing to user_registration,user_blf,user_status
[2026-05-19 02:42:10] [warning] phone-bridge: no events for 330s — forcing reconnect
[2026-05-19 02:42:10] [warning] phone-bridge: connection closed (code=1000 reason=)
[2026-05-19 02:42:10] [info] phone-bridge: reconnecting in 1s
[2026-05-19 02:42:12] [info] phone-bridge: connected, subscribing to user_registration,user_blf,user_status
[2026-05-19 02:47:42] [warning] phone-bridge: no events for 330s — forcing reconnect
[2026-05-19 02:47:42] [warning] phone-bridge: connection closed (code=1000 reason=)
[2026-05-19 02:47:42] [info] phone-bridge: reconnecting in 1s
[2026-05-19 02:47:43] [info] phone-bridge: connected, subscribing to user_registration,user_blf,user_status
[2026-05-19 02:53:13] [warning] phone-bridge: no events for 330s — forcing reconnect
[2026-05-19 02:53:13] [warning] phone-bridge: connection closed (code=1000 reason=)
[2026-05-19 02:53:13] [info] phone-bridge: reconnecting in 1s
[2026-05-19 02:53:15] [info] phone-bridge: connected, subscribing to user_registration,user_blf,user_status
[2026-05-19 02:58:45] [warning] phone-bridge: no events for 330s — forcing reconnect
[2026-05-19 02:58:45] [warning] phone-bridge: connection closed (code=1000 reason=)
[2026-05-19 02:58:45] [info] phone-bridge: reconnecting in 1s
[2026-05-19 02:58:46] [info] phone-bridge: connected, subscribing to user_registration,user_blf,user_status
[2026-05-19 03:04:17] [warning] phone-bridge: no events for 330s — forcing reconnect
[2026-05-19 03:04:17] [warning] phone-bridge: connection closed (code=1000 reason=)
[2026-05-19 03:04:17] [info] phone-bridge: reconnecting in 1s
[2026-05-19 03:04:18] [info] phone-bridge: connected, subscribing to user_registration,user_blf,user_status
[2026-05-19 03:09:48] [warning] phone-bridge: no events for 330s — forcing reconnect
[2026-05-19 03:09:48] [warning] phone-bridge: connection closed (code=1000 reason=)
[2026-05-19 03:09:48] [info] phone-bridge: reconnecting in 1s
[2026-05-19 03:09:50] [info] phone-bridge: connected, subscribing to user_registration,user_blf,user_status
[2026-05-19 03:15:20] [warning] phone-bridge: no events for 330s — forcing reconnect
[2026-05-19 03:15:20] [warning] phone-bridge: connection closed (code=1000 reason=)
[2026-05-19 03:15:20] [info] phone-bridge: reconnecting in 1s
[2026-05-19 03:15:22] [info] phone-bridge: connected, subscribing to user_registration,user_blf,user_status
[2026-05-19 03:20:52] [warning] phone-bridge: no events for 330s — forcing reconnect
[2026-05-19 03:20:52] [warning] phone-bridge: connection closed (code=1000 reason=)
[2026-05-19 03:20:52] [info] phone-bridge: reconnecting in 1s
[2026-05-19 03:20:53] [info] phone-bridge: connected, subscribing to user_registration,user_blf,user_status
[2026-05-19 03:26:23] [warning] phone-bridge: no events for 330s — forcing reconnect
[2026-05-19 03:26:23] [warning] phone-bridge: connection closed (code=1000 reason=)
[2026-05-19 03:26:23] [info] phone-bridge: reconnecting in 1s
[2026-05-19 03:26:25] [info] phone-bridge: connected, subscribing to user_registration,user_blf,user_status
[2026-05-19 03:31:55] [warning] phone-bridge: no events for 330s — forcing reconnect
[2026-05-19 03:31:55] [warning] phone-bridge: connection closed (code=1000 reason=)
[2026-05-19 03:31:55] [info] phone-bridge: reconnecting in 1s
[2026-05-19 03:31:57] [info] phone-bridge: connected, subscribing to user_registration,user_blf,user_status
[2026-05-19 03:37:27] [warning] phone-bridge: no events for 330s — forcing reconnect
[2026-05-19 03:37:27] [warning] phone-bridge: connection closed (code=1000 reason=)
[2026-05-19 03:37:27] [info] phone-bridge: reconnecting in 1s
[2026-05-19 03:37:28] [info] phone-bridge: connected, subscribing to user_registration,user_blf,user_status
[2026-05-19 03:42:58] [warning] phone-bridge: no events for 330s — forcing reconnect
[2026-05-19 03:42:58] [warning] phone-bridge: connection closed (code=1000 reason=)
[2026-05-19 03:42:58] [info] phone-bridge: reconnecting in 1s
[2026-05-19 03:43:00] [info] phone-bridge: connected, subscribing to user_registration,user_blf,user_status
[2026-05-19 03:48:30] [warning] phone-bridge: no events for 330s — forcing reconnect
[2026-05-19 03:48:30] [warning] phone-bridge: connection closed (code=1000 reason=)
[2026-05-19 03:48:30] [info] phone-bridge: reconnecting in 1s
[2026-05-19 03:48:32] [info] phone-bridge: connected, subscribing to user_registration,user_blf,user_status
[2026-05-19 03:54:02] [warning] phone-bridge: no events for 330s — forcing reconnect
[2026-05-19 03:54:02] [warning] phone-bridge: connection closed (code=1000 reason=)
[2026-05-19 03:54:02] [info] phone-bridge: reconnecting in 1s
[2026-05-19 03:54:03] [info] phone-bridge: connected, subscribing to user_registration,user_blf,user_status
[2026-05-19 03:59:33] [warning] phone-bridge: no events for 330s — forcing reconnect
[2026-05-19 03:59:33] [warning] phone-bridge: connection closed (code=1000 reason=)
[2026-05-19 03:59:33] [info] phone-bridge: reconnecting in 1s
[2026-05-19 03:59:35] [info] phone-bridge: connected, subscribing to user_registration,user_blf,user_status
[2026-05-19 04:05:05] [warning] phone-bridge: no events for 330s — forcing reconnect
[2026-05-19 04:05:05] [warning] phone-bridge: connection closed (code=1000 reason=)
[2026-05-19 04:05:05] [info] phone-bridge: reconnecting in 1s
[2026-05-19 04:05:06] [info] phone-bridge: connected, subscribing to user_registration,user_blf,user_status
[2026-05-19 04:10:37] [warning] phone-bridge: no events for 330s — forcing reconnect
[2026-05-19 04:10:37] [warning] phone-bridge: connection closed (code=1000 reason=)
[2026-05-19 04:10:37] [info] phone-bridge: reconnecting in 1s
[2026-05-19 04:10:38] [info] phone-bridge: connected, subscribing to user_registration,user_blf,user_status
[2026-05-19 04:16:08] [warning] phone-bridge: no events for 330s — forcing reconnect
[2026-05-19 04:16:08] [warning] phone-bridge: connection closed (code=1000 reason=)
[2026-05-19 04:16:08] [info] phone-bridge: reconnecting in 1s
[2026-05-19 04:16:10] [info] phone-bridge: connected, subscribing to user_registration,user_blf,user_status
[2026-05-19 04:21:40] [warning] phone-bridge: no events for 330s — forcing reconnect
[2026-05-19 04:21:40] [warning] phone-bridge: connection closed (code=1000 reason=)
[2026-05-19 04:21:40] [info] phone-bridge: reconnecting in 1s
[2026-05-19 04:21:42] [info] phone-bridge: connected, subscribing to user_registration,user_blf,user_status
[2026-05-19 04:27:12] [warning] phone-bridge: no events for 330s — forcing reconnect
[2026-05-19 04:27:12] [warning] phone-bridge: connection closed (code=1000 reason=)
[2026-05-19 04:27:12] [info] phone-bridge: reconnecting in 1s
[2026-05-19 04:27:13] [info] phone-bridge: connected, subscribing to user_registration,user_blf,user_status
[2026-05-19 04:32:43] [warning] phone-bridge: no events for 330s — forcing reconnect
[2026-05-19 04:32:43] [warning] phone-bridge: connection closed (code=1000 reason=)
[2026-05-19 04:32:43] [info] phone-bridge: reconnecting in 1s
[2026-05-19 04:32:45] [info] phone-bridge: connected, subscribing to user_registration,user_blf,user_status
[2026-05-19 04:38:15] [warning] phone-bridge: no events for 330s — forcing reconnect
[2026-05-19 04:38:15] [warning] phone-bridge: connection closed (code=1000 reason=)
[2026-05-19 04:38:15] [info] phone-bridge: reconnecting in 1s
[2026-05-19 04:38:17] [info] phone-bridge: connected, subscribing to user_registration,user_blf,user_status
[2026-05-19 04:43:47] [warning] phone-bridge: no events for 330s — forcing reconnect
[2026-05-19 04:43:47] [warning] phone-bridge: connection closed (code=1000 reason=)
[2026-05-19 04:43:47] [info] phone-bridge: reconnecting in 1s
[2026-05-19 04:43:48] [info] phone-bridge: connected, subscribing to user_registration,user_blf,user_status
[2026-05-19 04:49:18] [warning] phone-bridge: no events for 330s — forcing reconnect
[2026-05-19 04:49:18] [warning] phone-bridge: connection closed (code=1000 reason=)
[2026-05-19 04:49:18] [info] phone-bridge: reconnecting in 1s
[2026-05-19 04:49:20] [info] phone-bridge: connected, subscribing to user_registration,user_blf,user_status
[2026-05-19 04:54:50] [warning] phone-bridge: no events for 330s — forcing reconnect
[2026-05-19 04:54:50] [warning] phone-bridge: connection closed (code=1000 reason=)
[2026-05-19 04:54:50] [info] phone-bridge: reconnecting in 1s
[2026-05-19 04:54:52] [info] phone-bridge: connected, subscribing to user_registration,user_blf,user_status
[2026-05-19 05:00:22] [warning] phone-bridge: no events for 330s — forcing reconnect
[2026-05-19 05:00:22] [warning] phone-bridge: connection closed (code=1000 reason=)
[2026-05-19 05:00:22] [info] phone-bridge: reconnecting in 1s
[2026-05-19 05:00:23] [info] phone-bridge: connected, subscribing to user_registration,user_blf,user_status
[2026-05-19 05:05:53] [warning] phone-bridge: no events for 330s — forcing reconnect
[2026-05-19 05:05:53] [warning] phone-bridge: connection closed (code=1000 reason=)
[2026-05-19 05:05:53] [info] phone-bridge: reconnecting in 1s
[2026-05-19 05:05:55] [info] phone-bridge: connected, subscribing to user_registration,user_blf,user_status
[2026-05-19 05:11:25] [warning] phone-bridge: no events for 330s — forcing reconnect
[2026-05-19 05:11:25] [warning] phone-bridge: connection closed (code=1000 reason=)
[2026-05-19 05:11:25] [info] phone-bridge: reconnecting in 1s
[2026-05-19 05:11:26] [info] phone-bridge: connected, subscribing to user_registration,user_blf,user_status
[2026-05-19 05:16:57] [warning] phone-bridge: no events for 330s — forcing reconnect
[2026-05-19 05:16:57] [warning] phone-bridge: connection closed (code=1000 reason=)
[2026-05-19 05:16:57] [info] phone-bridge: reconnecting in 1s
[2026-05-19 05:16:58] [info] phone-bridge: connected, subscribing to user_registration,user_blf,user_status
[2026-05-19 05:22:28] [warning] phone-bridge: no events for 330s — forcing reconnect
[2026-05-19 05:22:28] [warning] phone-bridge: connection closed (code=1000 reason=)
[2026-05-19 05:22:28] [info] phone-bridge: reconnecting in 1s
[2026-05-19 05:22:30] [info] phone-bridge: connected, subscribing to user_registration,user_blf,user_status
[2026-05-19 05:28:00] [warning] phone-bridge: no events for 330s — forcing reconnect
[2026-05-19 05:28:00] [warning] phone-bridge: connection closed (code=1000 reason=)
[2026-05-19 05:28:00] [info] phone-bridge: reconnecting in 1s
[2026-05-19 05:28:01] [info] phone-bridge: connected, subscribing to user_registration,user_blf,user_status
[2026-05-19 05:33:32] [warning] phone-bridge: no events for 330s — forcing reconnect
[2026-05-19 05:33:32] [warning] phone-bridge: connection closed (code=1000 reason=)
[2026-05-19 05:33:32] [info] phone-bridge: reconnecting in 1s
[2026-05-19 05:33:33] [info] phone-bridge: connected, subscribing to user_registration,user_blf,user_status
[2026-05-19 05:39:03] [warning] phone-bridge: no events for 330s — forcing reconnect
[2026-05-19 05:39:03] [warning] phone-bridge: connection closed (code=1000 reason=)
[2026-05-19 05:39:03] [info] phone-bridge: reconnecting in 1s
[2026-05-19 05:39:05] [info] phone-bridge: connected, subscribing to user_registration,user_blf,user_status
[2026-05-19 05:44:35] [warning] phone-bridge: no events for 330s — forcing reconnect
[2026-05-19 05:44:35] [warning] phone-bridge: connection closed (code=1000 reason=)
[2026-05-19 05:44:35] [info] phone-bridge: reconnecting in 1s
[2026-05-19 05:44:36] [info] phone-bridge: connected, subscribing to user_registration,user_blf,user_status
[2026-05-19 05:50:06] [warning] phone-bridge: no events for 330s — forcing reconnect
[2026-05-19 05:50:06] [warning] phone-bridge: connection closed (code=1000 reason=)
[2026-05-19 05:50:06] [info] phone-bridge: reconnecting in 1s
[2026-05-19 05:50:08] [info] phone-bridge: connected, subscribing to user_registration,user_blf,user_status
[2026-05-19 05:55:38] [warning] phone-bridge: no events for 330s — forcing reconnect
[2026-05-19 05:55:38] [warning] phone-bridge: connection closed (code=1000 reason=)
[2026-05-19 05:55:38] [info] phone-bridge: reconnecting in 1s
[2026-05-19 05:55:39] [info] phone-bridge: connected, subscribing to user_registration,user_blf,user_status
[2026-05-19 06:01:10] [warning] phone-bridge: no events for 330s — forcing reconnect
[2026-05-19 06:01:10] [warning] phone-bridge: connection closed (code=1000 reason=)
[2026-05-19 06:01:10] [info] phone-bridge: reconnecting in 1s
[2026-05-19 06:01:11] [info] phone-bridge: connected, subscribing to user_registration,user_blf,user_status
[2026-05-19 06:06:41] [warning] phone-bridge: no events for 330s — forcing reconnect
[2026-05-19 06:06:41] [warning] phone-bridge: connection closed (code=1000 reason=)
[2026-05-19 06:06:41] [info] phone-bridge: reconnecting in 1s
[2026-05-19 06:06:43] [info] phone-bridge: connected, subscribing to user_registration,user_blf,user_status
[2026-05-19 06:12:13] [warning] phone-bridge: no events for 330s — forcing reconnect
[2026-05-19 06:12:13] [warning] phone-bridge: connection closed (code=1000 reason=)
[2026-05-19 06:12:13] [info] phone-bridge: reconnecting in 1s
[2026-05-19 06:12:14] [info] phone-bridge: connected, subscribing to user_registration,user_blf,user_status
[2026-05-19 06:17:45] [warning] phone-bridge: no events for 330s — forcing reconnect
[2026-05-19 06:17:45] [warning] phone-bridge: connection closed (code=1000 reason=)
[2026-05-19 06:17:45] [info] phone-bridge: reconnecting in 1s
[2026-05-19 06:17:46] [info] phone-bridge: connected, subscribing to user_registration,user_blf,user_status
[2026-05-19 06:23:16] [warning] phone-bridge: no events for 330s — forcing reconnect
[2026-05-19 06:23:16] [warning] phone-bridge: connection closed (code=1000 reason=)
[2026-05-19 06:23:16] [info] phone-bridge: reconnecting in 1s
[2026-05-19 06:23:18] [info] phone-bridge: connected, subscribing to user_registration,user_blf,user_status
[2026-05-19 06:28:48] [warning] phone-bridge: no events for 330s — forcing reconnect
[2026-05-19 06:28:48] [warning] phone-bridge: connection closed (code=1000 reason=)
[2026-05-19 06:28:48] [info] phone-bridge: reconnecting in 1s
[2026-05-19 06:28:49] [info] phone-bridge: connected, subscribing to user_registration,user_blf,user_status
[2026-05-19 06:34:19] [warning] phone-bridge: no events for 330s — forcing reconnect
[2026-05-19 06:34:19] [warning] phone-bridge: connection closed (code=1000 reason=)
[2026-05-19 06:34:19] [info] phone-bridge: reconnecting in 1s
[2026-05-19 06:34:21] [info] phone-bridge: connected, subscribing to user_registration,user_blf,user_status
[2026-05-19 06:39:51] [warning] phone-bridge: no events for 330s — forcing reconnect
[2026-05-19 06:39:51] [warning] phone-bridge: connection closed (code=1000 reason=)
[2026-05-19 06:39:51] [info] phone-bridge: reconnecting in 1s
[2026-05-19 06:39:53] [info] phone-bridge: connected, subscribing to user_registration,user_blf,user_status
[2026-05-19 06:45:23] [warning] phone-bridge: no events for 330s — forcing reconnect
[2026-05-19 06:45:23] [warning] phone-bridge: connection closed (code=1000 reason=)
[2026-05-19 06:45:23] [info] phone-bridge: reconnecting in 1s
[2026-05-19 06:45:24] [info] phone-bridge: connected, subscribing to user_registration,user_blf,user_status
[2026-05-19 06:50:54] [warning] phone-bridge: no events for 330s — forcing reconnect
[2026-05-19 06:50:54] [warning] phone-bridge: connection closed (code=1000 reason=)
[2026-05-19 06:50:54] [info] phone-bridge: reconnecting in 1s
[2026-05-19 06:50:56] [info] phone-bridge: connected, subscribing to user_registration,user_blf,user_status
[2026-05-19 06:56:26] [warning] phone-bridge: no events for 330s — forcing reconnect
[2026-05-19 06:56:26] [warning] phone-bridge: connection closed (code=1000 reason=)
[2026-05-19 06:56:26] [info] phone-bridge: reconnecting in 1s
[2026-05-19 06:56:28] [info] phone-bridge: connected, subscribing to user_registration,user_blf,user_status
[2026-05-19 07:01:58] [warning] phone-bridge: no events for 330s — forcing reconnect
[2026-05-19 07:01:58] [warning] phone-bridge: connection closed (code=1000 reason=)
[2026-05-19 07:01:58] [info] phone-bridge: reconnecting in 1s
[2026-05-19 07:01:59] [info] phone-bridge: connected, subscribing to user_registration,user_blf,user_status
[2026-05-19 07:07:29] [warning] phone-bridge: no events for 330s — forcing reconnect
[2026-05-19 07:07:29] [warning] phone-bridge: connection closed (code=1000 reason=)
[2026-05-19 07:07:29] [info] phone-bridge: reconnecting in 1s
[2026-05-19 07:07:31] [info] phone-bridge: connected, subscribing to user_registration,user_blf,user_status
[2026-05-19 07:13:01] [warning] phone-bridge: no events for 330s — forcing reconnect
[2026-05-19 07:13:01] [warning] phone-bridge: connection closed (code=1000 reason=)
[2026-05-19 07:13:01] [info] phone-bridge: reconnecting in 1s
[2026-05-19 07:13:02] [info] phone-bridge: connected, subscribing to user_registration,user_blf,user_status
[2026-05-19 07:18:33] [warning] phone-bridge: no events for 330s — forcing reconnect
[2026-05-19 07:18:33] [warning] phone-bridge: connection closed (code=1000 reason=)
[2026-05-19 07:18:33] [info] phone-bridge: reconnecting in 1s
[2026-05-19 07:18:34] [info] phone-bridge: connected, subscribing to user_registration,user_blf,user_status
[2026-05-19 07:24:04] [warning] phone-bridge: no events for 330s — forcing reconnect
[2026-05-19 07:24:04] [warning] phone-bridge: connection closed (code=1000 reason=)
[2026-05-19 07:24:04] [info] phone-bridge: reconnecting in 1s
[2026-05-19 07:24:06] [info] phone-bridge: connected, subscribing to user_registration,user_blf,user_status
[2026-05-19 07:29:36] [warning] phone-bridge: no events for 330s — forcing reconnect
[2026-05-19 07:29:36] [warning] phone-bridge: connection closed (code=1000 reason=)
[2026-05-19 07:29:36] [info] phone-bridge: reconnecting in 1s
[2026-05-19 07:29:37] [info] phone-bridge: connected, subscribing to user_registration,user_blf,user_status
[2026-05-19 07:35:08] [warning] phone-bridge: no events for 330s — forcing reconnect
[2026-05-19 07:35:08] [warning] phone-bridge: connection closed (code=1000 reason=)
[2026-05-19 07:35:08] [info] phone-bridge: reconnecting in 1s
[2026-05-19 07:35:09] [info] phone-bridge: connected, subscribing to user_registration,user_blf,user_status
[2026-05-19 07:40:39] [warning] phone-bridge: no events for 330s — forcing reconnect
[2026-05-19 07:40:39] [warning] phone-bridge: connection closed (code=1000 reason=)
[2026-05-19 07:40:39] [info] phone-bridge: reconnecting in 1s
[2026-05-19 07:40:41] [info] phone-bridge: connected, subscribing to user_registration,user_blf,user_status
[2026-05-19 07:46:11] [warning] phone-bridge: no events for 330s — forcing reconnect
[2026-05-19 07:46:11] [warning] phone-bridge: connection closed (code=1000 reason=)
[2026-05-19 07:46:11] [info] phone-bridge: reconnecting in 1s
[2026-05-19 07:46:12] [info] phone-bridge: connected, subscribing to user_registration,user_blf,user_status
[2026-05-19 07:51:42] [warning] phone-bridge: no events for 330s — forcing reconnect
[2026-05-19 07:51:42] [warning] phone-bridge: connection closed (code=1000 reason=)
[2026-05-19 07:51:42] [info] phone-bridge: reconnecting in 1s
[2026-05-19 07:51:44] [info] phone-bridge: connected, subscribing to user_registration,user_blf,user_status
[2026-05-19 07:57:14] [warning] phone-bridge: no events for 330s — forcing reconnect
[2026-05-19 07:57:14] [warning] phone-bridge: connection closed (code=1000 reason=)
[2026-05-19 07:57:14] [info] phone-bridge: reconnecting in 1s
[2026-05-19 07:57:16] [info] phone-bridge: connected, subscribing to user_registration,user_blf,user_status
[2026-05-20 00:07:27] [warning] phone-bridge: no events for 302s — forcing reconnect
[2026-05-20 00:07:27] [warning] phone-bridge: connection closed (code=1000 reason=)
[2026-05-20 00:07:27] [info] phone-bridge: reconnecting in 1s
[2026-05-20 00:07:28] [info] phone-bridge: connected, subscribing to user_registration,user_blf,user_status
[2026-05-20 00:12:58] [warning] phone-bridge: no events for 330s — forcing reconnect
[2026-05-20 00:12:58] [warning] phone-bridge: connection closed (code=1000 reason=)
[2026-05-20 00:12:58] [info] phone-bridge: reconnecting in 1s
[2026-05-20 00:13:00] [info] phone-bridge: connected, subscribing to user_registration,user_blf,user_status
[2026-05-20 00:18:30] [warning] phone-bridge: no events for 330s — forcing reconnect
[2026-05-20 00:18:30] [warning] phone-bridge: connection closed (code=1000 reason=)
[2026-05-20 00:18:30] [info] phone-bridge: reconnecting in 1s
[2026-05-20 00:18:32] [info] phone-bridge: connected, subscribing to user_registration,user_blf,user_status
[2026-05-20 00:24:02] [warning] phone-bridge: no events for 330s — forcing reconnect
[2026-05-20 00:24:02] [warning] phone-bridge: connection closed (code=1000 reason=)
[2026-05-20 00:24:02] [info] phone-bridge: reconnecting in 1s
[2026-05-20 00:24:03] [info] phone-bridge: connected, subscribing to user_registration,user_blf,user_status
[2026-05-20 00:29:33] [warning] phone-bridge: no events for 330s — forcing reconnect
[2026-05-20 00:29:33] [warning] phone-bridge: connection closed (code=1000 reason=)
[2026-05-20 00:29:33] [info] phone-bridge: reconnecting in 1s
[2026-05-20 00:29:35] [info] phone-bridge: connected, subscribing to user_registration,user_blf,user_status
[2026-05-20 00:35:05] [warning] phone-bridge: no events for 330s — forcing reconnect
[2026-05-20 00:35:05] [warning] phone-bridge: connection closed (code=1000 reason=)
[2026-05-20 00:35:05] [info] phone-bridge: reconnecting in 1s
[2026-05-20 00:35:06] [info] phone-bridge: connected, subscribing to user_registration,user_blf,user_status
[2026-05-20 00:40:37] [warning] phone-bridge: no events for 330s — forcing reconnect
[2026-05-20 00:40:37] [warning] phone-bridge: connection closed (code=1000 reason=)
[2026-05-20 00:40:37] [info] phone-bridge: reconnecting in 1s
[2026-05-20 00:40:38] [info] phone-bridge: connected, subscribing to user_registration,user_blf,user_status
[2026-05-20 00:46:08] [warning] phone-bridge: no events for 330s — forcing reconnect
[2026-05-20 00:46:08] [warning] phone-bridge: connection closed (code=1000 reason=)
[2026-05-20 00:46:08] [info] phone-bridge: reconnecting in 1s
[2026-05-20 00:46:10] [info] phone-bridge: connected, subscribing to user_registration,user_blf,user_status
[2026-05-20 00:51:40] [warning] phone-bridge: no events for 330s — forcing reconnect
[2026-05-20 00:51:40] [warning] phone-bridge: connection closed (code=1000 reason=)
[2026-05-20 00:51:40] [info] phone-bridge: reconnecting in 1s
[2026-05-20 00:51:41] [info] phone-bridge: connected, subscribing to user_registration,user_blf,user_status
[2026-05-20 00:57:11] [warning] phone-bridge: no events for 330s — forcing reconnect
[2026-05-20 00:57:11] [warning] phone-bridge: connection closed (code=1000 reason=)
[2026-05-20 00:57:11] [info] phone-bridge: reconnecting in 1s
[2026-05-20 00:57:13] [info] phone-bridge: connected, subscribing to user_registration,user_blf,user_status
[2026-05-20 01:02:43] [warning] phone-bridge: no events for 330s — forcing reconnect
[2026-05-20 01:02:43] [warning] phone-bridge: connection closed (code=1000 reason=)
[2026-05-20 01:02:43] [info] phone-bridge: reconnecting in 1s
[2026-05-20 01:02:45] [info] phone-bridge: connected, subscribing to user_registration,user_blf,user_status
[2026-05-20 01:08:15] [warning] phone-bridge: no events for 330s — forcing reconnect
[2026-05-20 01:08:15] [warning] phone-bridge: connection closed (code=1000 reason=)
[2026-05-20 01:08:15] [info] phone-bridge: reconnecting in 1s
[2026-05-20 01:08:16] [info] phone-bridge: connected, subscribing to user_registration,user_blf,user_status
[2026-05-20 01:13:46] [warning] phone-bridge: no events for 330s — forcing reconnect
[2026-05-20 01:13:46] [warning] phone-bridge: connection closed (code=1000 reason=)
[2026-05-20 01:13:46] [info] phone-bridge: reconnecting in 1s
[2026-05-20 01:13:48] [info] phone-bridge: connected, subscribing to user_registration,user_blf,user_status
[2026-05-20 01:19:18] [warning] phone-bridge: no events for 330s — forcing reconnect
[2026-05-20 01:19:18] [warning] phone-bridge: connection closed (code=1000 reason=)
[2026-05-20 01:19:18] [info] phone-bridge: reconnecting in 1s
[2026-05-20 01:19:20] [info] phone-bridge: connected, subscribing to user_registration,user_blf,user_status
[2026-05-20 01:24:50] [warning] phone-bridge: no events for 330s — forcing reconnect
[2026-05-20 01:24:50] [warning] phone-bridge: connection closed (code=1000 reason=)
[2026-05-20 01:24:50] [info] phone-bridge: reconnecting in 1s
[2026-05-20 01:24:51] [info] phone-bridge: connected, subscribing to user_registration,user_blf,user_status
[2026-05-20 01:30:21] [warning] phone-bridge: no events for 330s — forcing reconnect
[2026-05-20 01:30:21] [warning] phone-bridge: connection closed (code=1000 reason=)
[2026-05-20 01:30:21] [info] phone-bridge: reconnecting in 1s
[2026-05-20 01:30:23] [info] phone-bridge: connected, subscribing to user_registration,user_blf,user_status
[2026-05-20 01:35:53] [warning] phone-bridge: no events for 330s — forcing reconnect
[2026-05-20 01:35:53] [warning] phone-bridge: connection closed (code=1000 reason=)
[2026-05-20 01:35:53] [info] phone-bridge: reconnecting in 1s
[2026-05-20 01:35:55] [info] phone-bridge: connected, subscribing to user_registration,user_blf,user_status
[2026-05-20 01:41:25] [warning] phone-bridge: no events for 330s — forcing reconnect
[2026-05-20 01:41:25] [warning] phone-bridge: connection closed (code=1000 reason=)
[2026-05-20 01:41:25] [info] phone-bridge: reconnecting in 1s
[2026-05-20 01:41:26] [info] phone-bridge: connected, subscribing to user_registration,user_blf,user_status
[2026-05-20 01:46:56] [warning] phone-bridge: no events for 330s — forcing reconnect
[2026-05-20 01:46:56] [warning] phone-bridge: connection closed (code=1000 reason=)
[2026-05-20 01:46:56] [info] phone-bridge: reconnecting in 1s
[2026-05-20 01:46:58] [info] phone-bridge: connected, subscribing to user_registration,user_blf,user_status
[2026-05-20 01:52:28] [warning] phone-bridge: no events for 330s — forcing reconnect
[2026-05-20 01:52:28] [warning] phone-bridge: connection closed (code=1000 reason=)
[2026-05-20 01:52:28] [info] phone-bridge: reconnecting in 1s
[2026-05-20 01:52:29] [info] phone-bridge: connected, subscribing to user_registration,user_blf,user_status
[2026-05-20 01:57:59] [warning] phone-bridge: no events for 330s — forcing reconnect
[2026-05-20 01:57:59] [warning] phone-bridge: connection closed (code=1000 reason=)
[2026-05-20 01:57:59] [info] phone-bridge: reconnecting in 1s
[2026-05-20 01:58:01] [info] phone-bridge: connected, subscribing to user_registration,user_blf,user_status
[2026-05-20 02:03:31] [warning] phone-bridge: no events for 330s — forcing reconnect
[2026-05-20 02:03:31] [warning] phone-bridge: connection closed (code=1000 reason=)
[2026-05-20 02:03:31] [info] phone-bridge: reconnecting in 1s
[2026-05-20 02:03:33] [info] phone-bridge: connected, subscribing to user_registration,user_blf,user_status
[2026-05-20 02:09:03] [warning] phone-bridge: no events for 330s — forcing reconnect
[2026-05-20 02:09:03] [warning] phone-bridge: connection closed (code=1000 reason=)
[2026-05-20 02:09:03] [info] phone-bridge: reconnecting in 1s
[2026-05-20 02:09:04] [info] phone-bridge: connected, subscribing to user_registration,user_blf,user_status
[2026-05-20 02:14:34] [warning] phone-bridge: no events for 330s — forcing reconnect
[2026-05-20 02:14:34] [warning] phone-bridge: connection closed (code=1000 reason=)
[2026-05-20 02:14:34] [info] phone-bridge: reconnecting in 1s
[2026-05-20 02:14:36] [info] phone-bridge: connected, subscribing to user_registration,user_blf,user_status
[2026-05-20 02:20:06] [warning] phone-bridge: no events for 330s — forcing reconnect
[2026-05-20 02:20:06] [warning] phone-bridge: connection closed (code=1000 reason=)
[2026-05-20 02:20:06] [info] phone-bridge: reconnecting in 1s
[2026-05-20 02:20:07] [info] phone-bridge: connected, subscribing to user_registration,user_blf,user_status
[2026-05-20 02:25:37] [warning] phone-bridge: no events for 330s — forcing reconnect
[2026-05-20 02:25:37] [warning] phone-bridge: connection closed (code=1000 reason=)
[2026-05-20 02:25:37] [info] phone-bridge: reconnecting in 1s
[2026-05-20 02:25:39] [info] phone-bridge: connected, subscribing to user_registration,user_blf,user_status
[2026-05-20 02:31:09] [warning] phone-bridge: no events for 330s — forcing reconnect
[2026-05-20 02:31:09] [warning] phone-bridge: connection closed (code=1000 reason=)
[2026-05-20 02:31:09] [info] phone-bridge: reconnecting in 1s
[2026-05-20 02:31:11] [info] phone-bridge: connected, subscribing to user_registration,user_blf,user_status
[2026-05-20 02:36:41] [warning] phone-bridge: no events for 330s — forcing reconnect
[2026-05-20 02:36:41] [warning] phone-bridge: connection closed (code=1000 reason=)
[2026-05-20 02:36:41] [info] phone-bridge: reconnecting in 1s
[2026-05-20 02:36:42] [info] phone-bridge: connected, subscribing to user_registration,user_blf,user_status
[2026-05-20 02:42:12] [warning] phone-bridge: no events for 330s — forcing reconnect
[2026-05-20 02:42:12] [warning] phone-bridge: connection closed (code=1000 reason=)
[2026-05-20 02:42:12] [info] phone-bridge: reconnecting in 1s
[2026-05-20 02:42:14] [info] phone-bridge: connected, subscribing to user_registration,user_blf,user_status
[2026-05-20 02:47:44] [warning] phone-bridge: no events for 330s — forcing reconnect
[2026-05-20 02:47:44] [warning] phone-bridge: connection closed (code=1000 reason=)
[2026-05-20 02:47:44] [info] phone-bridge: reconnecting in 1s
[2026-05-20 02:47:46] [info] phone-bridge: connected, subscribing to user_registration,user_blf,user_status
[2026-05-20 02:53:16] [warning] phone-bridge: no events for 330s — forcing reconnect
[2026-05-20 02:53:16] [warning] phone-bridge: connection closed (code=1000 reason=)
[2026-05-20 02:53:16] [info] phone-bridge: reconnecting in 1s
[2026-05-20 02:53:17] [info] phone-bridge: connected, subscribing to user_registration,user_blf,user_status
[2026-05-20 02:58:47] [warning] phone-bridge: no events for 330s — forcing reconnect
[2026-05-20 02:58:47] [warning] phone-bridge: connection closed (code=1000 reason=)
[2026-05-20 02:58:47] [info] phone-bridge: reconnecting in 1s
[2026-05-20 02:58:49] [info] phone-bridge: connected, subscribing to user_registration,user_blf,user_status
[2026-05-20 03:04:19] [warning] phone-bridge: no events for 330s — forcing reconnect
[2026-05-20 03:04:19] [warning] phone-bridge: connection closed (code=1000 reason=)
[2026-05-20 03:04:19] [info] phone-bridge: reconnecting in 1s
[2026-05-20 03:04:21] [info] phone-bridge: connected, subscribing to user_registration,user_blf,user_status
[2026-05-20 03:09:51] [warning] phone-bridge: no events for 330s — forcing reconnect
[2026-05-20 03:09:51] [warning] phone-bridge: connection closed (code=1000 reason=)
[2026-05-20 03:09:51] [info] phone-bridge: reconnecting in 1s
[2026-05-20 03:09:52] [info] phone-bridge: connected, subscribing to user_registration,user_blf,user_status
[2026-05-20 03:15:22] [warning] phone-bridge: no events for 330s — forcing reconnect
[2026-05-20 03:15:22] [warning] phone-bridge: connection closed (code=1000 reason=)
[2026-05-20 03:15:22] [info] phone-bridge: reconnecting in 1s
[2026-05-20 03:15:24] [info] phone-bridge: connected, subscribing to user_registration,user_blf,user_status
[2026-05-20 03:20:54] [warning] phone-bridge: no events for 330s — forcing reconnect
[2026-05-20 03:20:54] [warning] phone-bridge: connection closed (code=1000 reason=)
[2026-05-20 03:20:54] [info] phone-bridge: reconnecting in 1s
[2026-05-20 03:20:56] [info] phone-bridge: connected, subscribing to user_registration,user_blf,user_status
[2026-05-20 03:26:26] [warning] phone-bridge: no events for 330s — forcing reconnect
[2026-05-20 03:26:26] [warning] phone-bridge: connection closed (code=1000 reason=)
[2026-05-20 03:26:26] [info] phone-bridge: reconnecting in 1s
[2026-05-20 03:26:27] [info] phone-bridge: connected, subscribing to user_registration,user_blf,user_status
[2026-05-20 03:31:57] [warning] phone-bridge: no events for 330s — forcing reconnect
[2026-05-20 03:31:57] [warning] phone-bridge: connection closed (code=1000 reason=)
[2026-05-20 03:31:57] [info] phone-bridge: reconnecting in 1s
[2026-05-20 03:31:59] [info] phone-bridge: connected, subscribing to user_registration,user_blf,user_status
[2026-05-20 03:37:29] [warning] phone-bridge: no events for 330s — forcing reconnect
[2026-05-20 03:37:29] [warning] phone-bridge: connection closed (code=1000 reason=)
[2026-05-20 03:37:29] [info] phone-bridge: reconnecting in 1s
[2026-05-20 03:37:30] [info] phone-bridge: connected, subscribing to user_registration,user_blf,user_status
[2026-05-20 03:43:01] [warning] phone-bridge: no events for 330s — forcing reconnect
[2026-05-20 03:43:01] [warning] phone-bridge: connection closed (code=1000 reason=)
[2026-05-20 03:43:01] [info] phone-bridge: reconnecting in 1s
[2026-05-20 03:43:02] [info] phone-bridge: connected, subscribing to user_registration,user_blf,user_status
[2026-05-20 03:48:32] [warning] phone-bridge: no events for 330s — forcing reconnect
[2026-05-20 03:48:32] [warning] phone-bridge: connection closed (code=1000 reason=)
[2026-05-20 03:48:32] [info] phone-bridge: reconnecting in 1s
[2026-05-20 03:48:34] [info] phone-bridge: connected, subscribing to user_registration,user_blf,user_status
[2026-05-20 03:54:04] [warning] phone-bridge: no events for 330s — forcing reconnect
[2026-05-20 03:54:04] [warning] phone-bridge: connection closed (code=1000 reason=)
[2026-05-20 03:54:04] [info] phone-bridge: reconnecting in 1s
[2026-05-20 03:54:06] [info] phone-bridge: connected, subscribing to user_registration,user_blf,user_status
[2026-05-20 03:59:36] [warning] phone-bridge: no events for 330s — forcing reconnect
[2026-05-20 03:59:36] [warning] phone-bridge: connection closed (code=1000 reason=)
[2026-05-20 03:59:36] [info] phone-bridge: reconnecting in 1s
[2026-05-20 03:59:37] [info] phone-bridge: connected, subscribing to user_registration,user_blf,user_status
[2026-05-20 04:05:07] [warning] phone-bridge: no events for 330s — forcing reconnect
[2026-05-20 04:05:07] [warning] phone-bridge: connection closed (code=1000 reason=)
[2026-05-20 04:05:07] [info] phone-bridge: reconnecting in 1s
[2026-05-20 04:05:09] [info] phone-bridge: connected, subscribing to user_registration,user_blf,user_status
[2026-05-20 04:10:39] [warning] phone-bridge: no events for 330s — forcing reconnect
[2026-05-20 04:10:39] [warning] phone-bridge: connection closed (code=1000 reason=)
[2026-05-20 04:10:39] [info] phone-bridge: reconnecting in 1s
[2026-05-20 04:10:40] [info] phone-bridge: connected, subscribing to user_registration,user_blf,user_status
[2026-05-20 04:16:11] [warning] phone-bridge: no events for 330s — forcing reconnect
[2026-05-20 04:16:11] [warning] phone-bridge: connection closed (code=1000 reason=)
[2026-05-20 04:16:11] [info] phone-bridge: reconnecting in 1s
[2026-05-20 04:16:12] [info] phone-bridge: connected, subscribing to user_registration,user_blf,user_status
[2026-05-20 04:21:42] [warning] phone-bridge: no events for 330s — forcing reconnect
[2026-05-20 04:21:42] [warning] phone-bridge: connection closed (code=1000 reason=)
[2026-05-20 04:21:42] [info] phone-bridge: reconnecting in 1s
[2026-05-20 04:21:44] [info] phone-bridge: connected, subscribing to user_registration,user_blf,user_status
[2026-05-20 04:27:14] [warning] phone-bridge: no events for 330s — forcing reconnect
[2026-05-20 04:27:14] [warning] phone-bridge: connection closed (code=1000 reason=)
[2026-05-20 04:27:14] [info] phone-bridge: reconnecting in 1s
[2026-05-20 04:27:16] [info] phone-bridge: connected, subscribing to user_registration,user_blf,user_status
[2026-05-20 04:32:46] [warning] phone-bridge: no events for 330s — forcing reconnect
[2026-05-20 04:32:46] [warning] phone-bridge: connection closed (code=1000 reason=)
[2026-05-20 04:32:46] [info] phone-bridge: reconnecting in 1s
[2026-05-20 04:32:47] [info] phone-bridge: connected, subscribing to user_registration,user_blf,user_status
[2026-05-20 04:38:17] [warning] phone-bridge: no events for 330s — forcing reconnect
[2026-05-20 04:38:17] [warning] phone-bridge: connection closed (code=1000 reason=)
[2026-05-20 04:38:17] [info] phone-bridge: reconnecting in 1s
[2026-05-20 04:38:19] [info] phone-bridge: connected, subscribing to user_registration,user_blf,user_status
[2026-05-20 04:43:49] [warning] phone-bridge: no events for 330s — forcing reconnect
[2026-05-20 04:43:49] [warning] phone-bridge: connection closed (code=1000 reason=)
[2026-05-20 04:43:49] [info] phone-bridge: reconnecting in 1s
[2026-05-20 04:43:51] [info] phone-bridge: connected, subscribing to user_registration,user_blf,user_status
[2026-05-20 04:49:21] [warning] phone-bridge: no events for 330s — forcing reconnect
[2026-05-20 04:49:21] [warning] phone-bridge: connection closed (code=1000 reason=)
[2026-05-20 04:49:21] [info] phone-bridge: reconnecting in 1s
[2026-05-20 04:49:22] [info] phone-bridge: connected, subscribing to user_registration,user_blf,user_status
[2026-05-20 04:54:52] [warning] phone-bridge: no events for 330s — forcing reconnect
[2026-05-20 04:54:52] [warning] phone-bridge: connection closed (code=1000 reason=)
[2026-05-20 04:54:52] [info] phone-bridge: reconnecting in 1s
[2026-05-20 04:54:54] [info] phone-bridge: connected, subscribing to user_registration,user_blf,user_status
[2026-05-20 05:00:24] [warning] phone-bridge: no events for 330s — forcing reconnect
[2026-05-20 05:00:24] [warning] phone-bridge: connection closed (code=1000 reason=)
[2026-05-20 05:00:24] [info] phone-bridge: reconnecting in 1s
[2026-05-20 05:00:27] [info] phone-bridge: connected, subscribing to user_registration,user_blf,user_status
[2026-05-20 05:05:57] [warning] phone-bridge: no events for 330s — forcing reconnect
[2026-05-20 05:05:57] [warning] phone-bridge: connection closed (code=1000 reason=)
[2026-05-20 05:05:57] [info] phone-bridge: reconnecting in 1s
[2026-05-20 05:05:58] [info] phone-bridge: connected, subscribing to user_registration,user_blf,user_status
[2026-05-20 05:11:28] [warning] phone-bridge: no events for 330s — forcing reconnect
[2026-05-20 05:11:28] [warning] phone-bridge: connection closed (code=1000 reason=)
[2026-05-20 05:11:28] [info] phone-bridge: reconnecting in 1s
[2026-05-20 05:11:30] [info] phone-bridge: connected, subscribing to user_registration,user_blf,user_status
[2026-05-20 05:17:00] [warning] phone-bridge: no events for 330s — forcing reconnect
[2026-05-20 05:17:00] [warning] phone-bridge: connection closed (code=1000 reason=)
[2026-05-20 05:17:00] [info] phone-bridge: reconnecting in 1s
[2026-05-20 05:17:02] [info] phone-bridge: connected, subscribing to user_registration,user_blf,user_status
[2026-05-20 05:22:32] [warning] phone-bridge: no events for 330s — forcing reconnect
[2026-05-20 05:22:32] [warning] phone-bridge: connection closed (code=1000 reason=)
[2026-05-20 05:22:32] [info] phone-bridge: reconnecting in 1s
[2026-05-20 05:22:33] [info] phone-bridge: connected, subscribing to user_registration,user_blf,user_status
[2026-05-20 05:28:03] [warning] phone-bridge: no events for 330s — forcing reconnect
[2026-05-20 05:28:03] [warning] phone-bridge: connection closed (code=1000 reason=)
[2026-05-20 05:28:03] [info] phone-bridge: reconnecting in 1s
[2026-05-20 05:28:05] [info] phone-bridge: connected, subscribing to user_registration,user_blf,user_status
[2026-05-20 05:33:35] [warning] phone-bridge: no events for 330s — forcing reconnect
[2026-05-20 05:33:35] [warning] phone-bridge: connection closed (code=1000 reason=)
[2026-05-20 05:33:35] [info] phone-bridge: reconnecting in 1s
[2026-05-20 05:33:36] [info] phone-bridge: connected, subscribing to user_registration,user_blf,user_status
[2026-05-20 05:39:06] [warning] phone-bridge: no events for 329s — forcing reconnect
[2026-05-20 05:39:06] [warning] phone-bridge: connection closed (code=1000 reason=)
[2026-05-20 05:39:06] [info] phone-bridge: reconnecting in 1s
[2026-05-20 05:39:08] [info] phone-bridge: connected, subscribing to user_registration,user_blf,user_status
[2026-05-20 05:44:38] [warning] phone-bridge: no events for 330s — forcing reconnect
[2026-05-20 05:44:38] [warning] phone-bridge: connection closed (code=1000 reason=)
[2026-05-20 05:44:38] [info] phone-bridge: reconnecting in 1s
[2026-05-20 05:44:40] [info] phone-bridge: connected, subscribing to user_registration,user_blf,user_status
[2026-05-20 05:50:10] [warning] phone-bridge: no events for 330s — forcing reconnect
[2026-05-20 05:50:10] [warning] phone-bridge: connection closed (code=1000 reason=)
[2026-05-20 05:50:10] [info] phone-bridge: reconnecting in 1s
[2026-05-20 05:50:11] [info] phone-bridge: connected, subscribing to user_registration,user_blf,user_status
[2026-05-20 05:55:42] [warning] phone-bridge: no events for 330s — forcing reconnect
[2026-05-20 05:55:42] [warning] phone-bridge: connection closed (code=1000 reason=)
[2026-05-20 05:55:42] [info] phone-bridge: reconnecting in 1s
[2026-05-20 05:55:43] [info] phone-bridge: connected, subscribing to user_registration,user_blf,user_status
[2026-05-20 06:01:13] [warning] phone-bridge: no events for 330s — forcing reconnect
[2026-05-20 06:01:13] [warning] phone-bridge: connection closed (code=1000 reason=)
[2026-05-20 06:01:13] [info] phone-bridge: reconnecting in 1s
[2026-05-20 06:01:15] [info] phone-bridge: connected, subscribing to user_registration,user_blf,user_status
[2026-05-20 06:06:45] [warning] phone-bridge: no events for 330s — forcing reconnect
[2026-05-20 06:06:45] [warning] phone-bridge: connection closed (code=1000 reason=)
[2026-05-20 06:06:45] [info] phone-bridge: reconnecting in 1s
[2026-05-20 06:06:46] [info] phone-bridge: connected, subscribing to user_registration,user_blf,user_status
[2026-05-20 06:12:17] [warning] phone-bridge: no events for 330s — forcing reconnect
[2026-05-20 06:12:17] [warning] phone-bridge: connection closed (code=1000 reason=)
[2026-05-20 06:12:17] [info] phone-bridge: reconnecting in 1s
[2026-05-20 06:12:18] [info] phone-bridge: connected, subscribing to user_registration,user_blf,user_status
[2026-05-20 06:17:48] [warning] phone-bridge: no events for 330s — forcing reconnect
[2026-05-20 06:17:48] [warning] phone-bridge: connection closed (code=1000 reason=)
[2026-05-20 06:17:48] [info] phone-bridge: reconnecting in 1s
[2026-05-20 06:17:50] [info] phone-bridge: connected, subscribing to user_registration,user_blf,user_status
[2026-05-20 06:23:20] [warning] phone-bridge: no events for 330s — forcing reconnect
[2026-05-20 06:23:20] [warning] phone-bridge: connection closed (code=1000 reason=)
[2026-05-20 06:23:20] [info] phone-bridge: reconnecting in 1s
[2026-05-20 06:23:22] [info] phone-bridge: connected, subscribing to user_registration,user_blf,user_status
[2026-05-20 06:28:52] [warning] phone-bridge: no events for 330s — forcing reconnect
[2026-05-20 06:28:52] [warning] phone-bridge: connection closed (code=1000 reason=)
[2026-05-20 06:28:52] [info] phone-bridge: reconnecting in 1s
[2026-05-20 06:28:53] [info] phone-bridge: connected, subscribing to user_registration,user_blf,user_status
[2026-05-20 06:34:23] [warning] phone-bridge: no events for 330s — forcing reconnect
[2026-05-20 06:34:23] [warning] phone-bridge: connection closed (code=1000 reason=)
[2026-05-20 06:34:23] [info] phone-bridge: reconnecting in 1s
[2026-05-20 06:34:25] [info] phone-bridge: connected, subscribing to user_registration,user_blf,user_status
[2026-05-20 06:39:55] [warning] phone-bridge: no events for 330s — forcing reconnect
[2026-05-20 06:39:55] [warning] phone-bridge: connection closed (code=1000 reason=)
[2026-05-20 06:39:55] [info] phone-bridge: reconnecting in 1s
[2026-05-20 06:39:56] [info] phone-bridge: connected, subscribing to user_registration,user_blf,user_status
[2026-05-20 06:45:26] [warning] phone-bridge: no events for 330s — forcing reconnect
[2026-05-20 06:45:26] [warning] phone-bridge: connection closed (code=1000 reason=)
[2026-05-20 06:45:26] [info] phone-bridge: reconnecting in 1s
[2026-05-20 06:45:28] [info] phone-bridge: connected, subscribing to user_registration,user_blf,user_status
[2026-05-20 06:50:58] [warning] phone-bridge: no events for 330s — forcing reconnect
[2026-05-20 06:50:58] [warning] phone-bridge: connection closed (code=1000 reason=)
[2026-05-20 06:50:58] [info] phone-bridge: reconnecting in 1s
[2026-05-20 06:51:00] [info] phone-bridge: connected, subscribing to user_registration,user_blf,user_status
[2026-05-20 06:56:30] [warning] phone-bridge: no events for 330s — forcing reconnect
[2026-05-20 06:56:30] [warning] phone-bridge: connection closed (code=1000 reason=)
[2026-05-20 06:56:30] [info] phone-bridge: reconnecting in 1s
[2026-05-20 06:56:31] [info] phone-bridge: connected, subscribing to user_registration,user_blf,user_status
[2026-05-20 07:02:01] [warning] phone-bridge: no events for 330s — forcing reconnect
[2026-05-20 07:02:01] [warning] phone-bridge: connection closed (code=1000 reason=)
[2026-05-20 07:02:01] [info] phone-bridge: reconnecting in 1s
[2026-05-20 07:02:03] [info] phone-bridge: connected, subscribing to user_registration,user_blf,user_status
[2026-05-20 07:07:33] [warning] phone-bridge: no events for 330s — forcing reconnect
[2026-05-20 07:07:33] [warning] phone-bridge: connection closed (code=1000 reason=)
[2026-05-20 07:07:33] [info] phone-bridge: reconnecting in 1s
[2026-05-20 07:07:35] [info] phone-bridge: connected, subscribing to user_registration,user_blf,user_status
[2026-05-20 07:13:05] [warning] phone-bridge: no events for 330s — forcing reconnect
[2026-05-20 07:13:05] [warning] phone-bridge: connection closed (code=1000 reason=)
[2026-05-20 07:13:05] [info] phone-bridge: reconnecting in 1s
[2026-05-20 07:13:07] [info] phone-bridge: connected, subscribing to user_registration,user_blf,user_status
[2026-05-20 07:18:37] [warning] phone-bridge: no events for 330s — forcing reconnect
[2026-05-20 07:18:37] [warning] phone-bridge: connection closed (code=1000 reason=)
[2026-05-20 07:18:37] [info] phone-bridge: reconnecting in 1s
[2026-05-20 07:18:38] [info] phone-bridge: connected, subscribing to user_registration,user_blf,user_status
[2026-05-20 07:24:08] [warning] phone-bridge: no events for 330s — forcing reconnect
[2026-05-20 07:24:08] [warning] phone-bridge: connection closed (code=1000 reason=)
[2026-05-20 07:24:08] [info] phone-bridge: reconnecting in 1s
[2026-05-20 07:24:10] [info] phone-bridge: connected, subscribing to user_registration,user_blf,user_status
[2026-05-20 07:29:40] [warning] phone-bridge: no events for 330s — forcing reconnect
[2026-05-20 07:29:40] [warning] phone-bridge: connection closed (code=1000 reason=)
[2026-05-20 07:29:40] [info] phone-bridge: reconnecting in 1s
[2026-05-20 07:29:41] [info] phone-bridge: connected, subscribing to user_registration,user_blf,user_status
[2026-05-20 07:35:11] [warning] phone-bridge: no events for 330s — forcing reconnect
[2026-05-20 07:35:11] [warning] phone-bridge: connection closed (code=1000 reason=)
[2026-05-20 07:35:11] [info] phone-bridge: reconnecting in 1s
[2026-05-20 07:35:13] [info] phone-bridge: connected, subscribing to user_registration,user_blf,user_status
[2026-05-22 20:30:57] [warning] phone-bridge: no events for 329s — forcing reconnect
[2026-05-22 20:30:57] [warning] phone-bridge: connection closed (code=1000 reason=)
[2026-05-22 20:30:57] [info] phone-bridge: reconnecting in 1s
[2026-05-22 20:30:58] [info] phone-bridge: connected, subscribing to user_registration,user_blf,user_status
[2026-05-22 20:48:29] [warning] phone-bridge: no events for 301s — forcing reconnect
[2026-05-22 20:48:29] [warning] phone-bridge: connection closed (code=1000 reason=)
[2026-05-22 20:48:29] [info] phone-bridge: reconnecting in 1s
[2026-05-22 20:48:30] [info] phone-bridge: connected, subscribing to user_registration,user_blf,user_status
[2026-05-22 20:58:00] [warning] phone-bridge: no events for 325s — forcing reconnect
[2026-05-22 20:58:00] [warning] phone-bridge: connection closed (code=1000 reason=)
[2026-05-22 20:58:00] [info] phone-bridge: reconnecting in 1s
[2026-05-22 20:58:01] [info] phone-bridge: connected, subscribing to user_registration,user_blf,user_status
[2026-05-22 21:12:02] [warning] phone-bridge: no events for 303s — forcing reconnect
[2026-05-22 21:12:02] [warning] phone-bridge: connection closed (code=1000 reason=)
[2026-05-22 21:12:02] [info] phone-bridge: reconnecting in 1s
[2026-05-22 21:12:03] [info] phone-bridge: connected, subscribing to user_registration,user_blf,user_status
[2026-05-22 21:17:33] [warning] phone-bridge: no events for 330s — forcing reconnect
[2026-05-22 21:17:33] [warning] phone-bridge: connection closed (code=1000 reason=)
[2026-05-22 21:17:33] [info] phone-bridge: reconnecting in 1s
[2026-05-22 21:17:35] [info] phone-bridge: connected, subscribing to user_registration,user_blf,user_status
[2026-05-22 21:23:05] [warning] phone-bridge: no events for 330s — forcing reconnect
[2026-05-22 21:23:05] [warning] phone-bridge: connection closed (code=1000 reason=)
[2026-05-22 21:23:05] [info] phone-bridge: reconnecting in 1s
[2026-05-22 21:23:06] [info] phone-bridge: connected, subscribing to user_registration,user_blf,user_status
[2026-05-22 21:28:36] [warning] phone-bridge: no events for 330s — forcing reconnect
[2026-05-22 21:28:36] [warning] phone-bridge: connection closed (code=1000 reason=)
[2026-05-22 21:28:36] [info] phone-bridge: reconnecting in 1s
[2026-05-22 21:28:38] [info] phone-bridge: connected, subscribing to user_registration,user_blf,user_status
[2026-05-22 21:34:08] [warning] phone-bridge: no events for 330s — forcing reconnect
[2026-05-22 21:34:08] [warning] phone-bridge: connection closed (code=1000 reason=)
[2026-05-22 21:34:08] [info] phone-bridge: reconnecting in 1s
[2026-05-22 21:34:09] [info] phone-bridge: connected, subscribing to user_registration,user_blf,user_status
[2026-05-22 21:39:39] [warning] phone-bridge: no events for 330s — forcing reconnect
[2026-05-22 21:39:39] [warning] phone-bridge: connection closed (code=1000 reason=)
[2026-05-22 21:39:39] [info] phone-bridge: reconnecting in 1s
[2026-05-22 21:39:41] [info] phone-bridge: connected, subscribing to user_registration,user_blf,user_status
[2026-05-22 21:45:11] [warning] phone-bridge: no events for 330s — forcing reconnect
[2026-05-22 21:45:11] [warning] phone-bridge: connection closed (code=1000 reason=)
[2026-05-22 21:45:11] [info] phone-bridge: reconnecting in 1s
[2026-05-22 21:45:12] [info] phone-bridge: connected, subscribing to user_registration,user_blf,user_status
[2026-05-22 21:50:42] [warning] phone-bridge: no events for 330s — forcing reconnect
[2026-05-22 21:50:42] [warning] phone-bridge: connection closed (code=1000 reason=)
[2026-05-22 21:50:42] [info] phone-bridge: reconnecting in 1s
[2026-05-22 21:50:44] [info] phone-bridge: connected, subscribing to user_registration,user_blf,user_status
[2026-05-22 21:56:14] [warning] phone-bridge: no events for 330s — forcing reconnect
[2026-05-22 21:56:14] [warning] phone-bridge: connection closed (code=1000 reason=)
[2026-05-22 21:56:14] [info] phone-bridge: reconnecting in 1s
[2026-05-22 21:56:16] [info] phone-bridge: connected, subscribing to user_registration,user_blf,user_status
[2026-05-22 22:01:46] [warning] phone-bridge: no events for 330s — forcing reconnect
[2026-05-22 22:01:46] [warning] phone-bridge: connection closed (code=1000 reason=)
[2026-05-22 22:01:46] [info] phone-bridge: reconnecting in 1s
[2026-05-22 22:01:47] [info] phone-bridge: connected, subscribing to user_registration,user_blf,user_status
[2026-05-22 22:07:17] [warning] phone-bridge: no events for 330s — forcing reconnect
[2026-05-22 22:07:17] [warning] phone-bridge: connection closed (code=1000 reason=)
[2026-05-22 22:07:17] [info] phone-bridge: reconnecting in 1s
[2026-05-22 22:07:19] [info] phone-bridge: connected, subscribing to user_registration,user_blf,user_status
[2026-05-22 22:12:49] [warning] phone-bridge: no events for 330s — forcing reconnect
[2026-05-22 22:12:49] [warning] phone-bridge: connection closed (code=1000 reason=)
[2026-05-22 22:12:49] [info] phone-bridge: reconnecting in 1s
[2026-05-22 22:12:50] [info] phone-bridge: connected, subscribing to user_registration,user_blf,user_status
[2026-05-22 22:18:20] [warning] phone-bridge: no events for 330s — forcing reconnect
[2026-05-22 22:18:20] [warning] phone-bridge: connection closed (code=1000 reason=)
[2026-05-22 22:18:20] [info] phone-bridge: reconnecting in 1s
[2026-05-22 22:18:22] [info] phone-bridge: connected, subscribing to user_registration,user_blf,user_status
[2026-05-22 22:23:52] [warning] phone-bridge: no events for 330s — forcing reconnect
[2026-05-22 22:23:52] [warning] phone-bridge: connection closed (code=1000 reason=)
[2026-05-22 22:23:52] [info] phone-bridge: reconnecting in 1s
[2026-05-22 22:23:53] [info] phone-bridge: connected, subscribing to user_registration,user_blf,user_status
[2026-05-22 22:29:24] [warning] phone-bridge: no events for 330s — forcing reconnect
[2026-05-22 22:29:24] [warning] phone-bridge: connection closed (code=1000 reason=)
[2026-05-22 22:29:24] [info] phone-bridge: reconnecting in 1s
[2026-05-22 22:29:25] [info] phone-bridge: connected, subscribing to user_registration,user_blf,user_status
[2026-05-22 22:34:55] [warning] phone-bridge: no events for 330s — forcing reconnect
[2026-05-22 22:34:55] [warning] phone-bridge: connection closed (code=1000 reason=)
[2026-05-22 22:34:55] [info] phone-bridge: reconnecting in 1s
[2026-05-22 22:34:56] [info] phone-bridge: connected, subscribing to user_registration,user_blf,user_status
[2026-05-22 22:40:27] [warning] phone-bridge: no events for 330s — forcing reconnect
[2026-05-22 22:40:27] [warning] phone-bridge: connection closed (code=1000 reason=)
[2026-05-22 22:40:27] [info] phone-bridge: reconnecting in 1s
[2026-05-22 22:40:28] [info] phone-bridge: connected, subscribing to user_registration,user_blf,user_status
[2026-05-22 22:45:58] [warning] phone-bridge: no events for 330s — forcing reconnect
[2026-05-22 22:45:58] [warning] phone-bridge: connection closed (code=1000 reason=)
[2026-05-22 22:45:58] [info] phone-bridge: reconnecting in 1s
[2026-05-22 22:46:00] [info] phone-bridge: connected, subscribing to user_registration,user_blf,user_status
[2026-05-22 22:51:30] [warning] phone-bridge: no events for 330s — forcing reconnect
[2026-05-22 22:51:30] [warning] phone-bridge: connection closed (code=1000 reason=)
[2026-05-22 22:51:30] [info] phone-bridge: reconnecting in 1s
[2026-05-22 22:51:31] [info] phone-bridge: connected, subscribing to user_registration,user_blf,user_status
[2026-05-22 22:57:01] [warning] phone-bridge: no events for 330s — forcing reconnect
[2026-05-22 22:57:01] [warning] phone-bridge: connection closed (code=1000 reason=)
[2026-05-22 22:57:01] [info] phone-bridge: reconnecting in 1s
[2026-05-22 22:57:03] [info] phone-bridge: connected, subscribing to user_registration,user_blf,user_status
[2026-05-22 23:02:33] [warning] phone-bridge: no events for 330s — forcing reconnect
[2026-05-22 23:02:33] [warning] phone-bridge: connection closed (code=1000 reason=)
[2026-05-22 23:02:33] [info] phone-bridge: reconnecting in 1s
[2026-05-22 23:02:34] [info] phone-bridge: connected, subscribing to user_registration,user_blf,user_status
[2026-05-22 23:08:04] [warning] phone-bridge: no events for 330s — forcing reconnect
[2026-05-22 23:08:04] [warning] phone-bridge: connection closed (code=1000 reason=)
[2026-05-22 23:08:04] [info] phone-bridge: reconnecting in 1s
[2026-05-22 23:08:06] [info] phone-bridge: connected, subscribing to user_registration,user_blf,user_status
[2026-05-22 23:13:36] [warning] phone-bridge: no events for 330s — forcing reconnect
[2026-05-22 23:13:36] [warning] phone-bridge: connection closed (code=1000 reason=)
[2026-05-22 23:13:36] [info] phone-bridge: reconnecting in 1s
[2026-05-22 23:13:37] [info] phone-bridge: connected, subscribing to user_registration,user_blf,user_status
[2026-05-22 23:19:08] [warning] phone-bridge: no events for 330s — forcing reconnect
[2026-05-22 23:19:08] [warning] phone-bridge: connection closed (code=1000 reason=)
[2026-05-22 23:19:08] [info] phone-bridge: reconnecting in 1s
[2026-05-22 23:19:09] [info] phone-bridge: connected, subscribing to user_registration,user_blf,user_status
[2026-05-22 23:24:39] [warning] phone-bridge: no events for 330s — forcing reconnect
[2026-05-22 23:24:39] [warning] phone-bridge: connection closed (code=1000 reason=)
[2026-05-22 23:24:39] [info] phone-bridge: reconnecting in 1s
[2026-05-22 23:24:41] [info] phone-bridge: connected, subscribing to user_registration,user_blf,user_status
[2026-05-22 23:30:11] [warning] phone-bridge: no events for 330s — forcing reconnect
[2026-05-22 23:30:11] [warning] phone-bridge: connection closed (code=1000 reason=)
[2026-05-22 23:30:11] [info] phone-bridge: reconnecting in 1s
[2026-05-22 23:30:12] [info] phone-bridge: connected, subscribing to user_registration,user_blf,user_status
[2026-05-22 23:35:42] [warning] phone-bridge: no events for 330s — forcing reconnect
[2026-05-22 23:35:42] [warning] phone-bridge: connection closed (code=1000 reason=)
[2026-05-22 23:35:42] [info] phone-bridge: reconnecting in 1s
[2026-05-22 23:35:44] [info] phone-bridge: connected, subscribing to user_registration,user_blf,user_status
[2026-05-22 23:41:14] [warning] phone-bridge: no events for 330s — forcing reconnect
[2026-05-22 23:41:14] [warning] phone-bridge: connection closed (code=1000 reason=)
[2026-05-22 23:41:14] [info] phone-bridge: reconnecting in 1s
[2026-05-22 23:41:15] [info] phone-bridge: connected, subscribing to user_registration,user_blf,user_status
[2026-05-22 23:46:45] [warning] phone-bridge: no events for 330s — forcing reconnect
[2026-05-22 23:46:45] [warning] phone-bridge: connection closed (code=1000 reason=)
[2026-05-22 23:46:45] [info] phone-bridge: reconnecting in 1s
[2026-05-22 23:46:47] [info] phone-bridge: connected, subscribing to user_registration,user_blf,user_status
[2026-05-22 23:52:17] [warning] phone-bridge: no events for 330s — forcing reconnect
[2026-05-22 23:52:17] [warning] phone-bridge: connection closed (code=1000 reason=)
[2026-05-22 23:52:17] [info] phone-bridge: reconnecting in 1s
[2026-05-22 23:52:18] [info] phone-bridge: connected, subscribing to user_registration,user_blf,user_status
[2026-05-22 23:57:48] [warning] phone-bridge: no events for 330s — forcing reconnect
[2026-05-22 23:57:48] [warning] phone-bridge: connection closed (code=1000 reason=)
[2026-05-22 23:57:48] [info] phone-bridge: reconnecting in 1s
[2026-05-22 23:57:50] [info] phone-bridge: connected, subscribing to user_registration,user_blf,user_status
[2026-05-23 00:03:20] [warning] phone-bridge: no events for 330s — forcing reconnect
[2026-05-23 00:03:20] [warning] phone-bridge: connection closed (code=1000 reason=)
[2026-05-23 00:03:20] [info] phone-bridge: reconnecting in 1s
[2026-05-23 00:03:22] [info] phone-bridge: connected, subscribing to user_registration,user_blf,user_status
[2026-05-23 00:08:52] [warning] phone-bridge: no events for 330s — forcing reconnect
[2026-05-23 00:08:52] [warning] phone-bridge: connection closed (code=1000 reason=)
[2026-05-23 00:08:52] [info] phone-bridge: reconnecting in 1s
[2026-05-23 00:08:53] [info] phone-bridge: connected, subscribing to user_registration,user_blf,user_status
[2026-05-23 00:14:23] [warning] phone-bridge: no events for 330s — forcing reconnect
[2026-05-23 00:14:23] [warning] phone-bridge: connection closed (code=1000 reason=)
[2026-05-23 00:14:23] [info] phone-bridge: reconnecting in 1s
[2026-05-23 00:14:25] [info] phone-bridge: connected, subscribing to user_registration,user_blf,user_status
[2026-05-23 00:19:55] [warning] phone-bridge: no events for 330s — forcing reconnect
[2026-05-23 00:19:55] [warning] phone-bridge: connection closed (code=1000 reason=)
[2026-05-23 00:19:55] [info] phone-bridge: reconnecting in 1s
[2026-05-23 00:19:56] [info] phone-bridge: connected, subscribing to user_registration,user_blf,user_status
[2026-05-23 00:25:26] [warning] phone-bridge: no events for 330s — forcing reconnect
[2026-05-23 00:25:26] [warning] phone-bridge: connection closed (code=1000 reason=)
[2026-05-23 00:25:26] [info] phone-bridge: reconnecting in 1s
[2026-05-23 00:25:28] [info] phone-bridge: connected, subscribing to user_registration,user_blf,user_status
[2026-05-23 00:30:58] [warning] phone-bridge: no events for 330s — forcing reconnect
[2026-05-23 00:30:58] [warning] phone-bridge: connection closed (code=1000 reason=)
[2026-05-23 00:30:58] [info] phone-bridge: reconnecting in 1s
[2026-05-23 00:30:59] [info] phone-bridge: connected, subscribing to user_registration,user_blf,user_status
[2026-05-23 00:36:29] [warning] phone-bridge: no events for 330s — forcing reconnect
[2026-05-23 00:36:29] [warning] phone-bridge: connection closed (code=1000 reason=)
[2026-05-23 00:36:29] [info] phone-bridge: reconnecting in 1s
[2026-05-23 00:36:31] [info] phone-bridge: connected, subscribing to user_registration,user_blf,user_status
[2026-05-23 00:42:01] [warning] phone-bridge: no events for 330s — forcing reconnect
[2026-05-23 00:42:01] [warning] phone-bridge: connection closed (code=1000 reason=)
[2026-05-23 00:42:01] [info] phone-bridge: reconnecting in 1s
[2026-05-23 00:42:02] [info] phone-bridge: connected, subscribing to user_registration,user_blf,user_status
[2026-05-23 00:47:32] [warning] phone-bridge: no events for 330s — forcing reconnect
[2026-05-23 00:47:32] [warning] phone-bridge: connection closed (code=1000 reason=)
[2026-05-23 00:47:32] [info] phone-bridge: reconnecting in 1s
[2026-05-23 00:47:34] [info] phone-bridge: connected, subscribing to user_registration,user_blf,user_status
[2026-05-23 00:53:04] [warning] phone-bridge: no events for 330s — forcing reconnect
[2026-05-23 00:53:04] [warning] phone-bridge: connection closed (code=1000 reason=)
[2026-05-23 00:53:04] [info] phone-bridge: reconnecting in 1s
[2026-05-23 00:53:05] [info] phone-bridge: connected, subscribing to user_registration,user_blf,user_status
[2026-05-23 00:58:35] [warning] phone-bridge: no events for 330s — forcing reconnect
[2026-05-23 00:58:36] [warning] phone-bridge: connection closed (code=1000 reason=)
[2026-05-23 00:58:36] [info] phone-bridge: reconnecting in 1s
[2026-05-23 00:58:37] [info] phone-bridge: connected, subscribing to user_registration,user_blf,user_status
[2026-05-23 01:04:07] [warning] phone-bridge: no events for 330s — forcing reconnect
[2026-05-23 01:04:07] [warning] phone-bridge: connection closed (code=1000 reason=)
[2026-05-23 01:04:07] [info] phone-bridge: reconnecting in 1s
[2026-05-23 01:04:08] [info] phone-bridge: connected, subscribing to user_registration,user_blf,user_status
[2026-05-23 01:09:38] [warning] phone-bridge: no events for 330s — forcing reconnect
[2026-05-23 01:09:38] [warning] phone-bridge: connection closed (code=1000 reason=)
[2026-05-23 01:09:38] [info] phone-bridge: reconnecting in 1s
[2026-05-23 01:09:40] [info] phone-bridge: connected, subscribing to user_registration,user_blf,user_status
[2026-05-23 01:15:10] [warning] phone-bridge: no events for 330s — forcing reconnect
[2026-05-23 01:15:10] [warning] phone-bridge: connection closed (code=1000 reason=)
[2026-05-23 01:15:10] [info] phone-bridge: reconnecting in 1s
[2026-05-23 01:15:11] [info] phone-bridge: connected, subscribing to user_registration,user_blf,user_status
[2026-05-23 01:20:41] [warning] phone-bridge: no events for 330s — forcing reconnect
[2026-05-23 01:20:41] [warning] phone-bridge: connection closed (code=1000 reason=)
[2026-05-23 01:20:41] [info] phone-bridge: reconnecting in 1s
[2026-05-23 01:20:43] [info] phone-bridge: connected, subscribing to user_registration,user_blf,user_status
[2026-05-23 01:26:13] [warning] phone-bridge: no events for 330s — forcing reconnect
[2026-05-23 01:26:13] [warning] phone-bridge: connection closed (code=1000 reason=)
[2026-05-23 01:26:13] [info] phone-bridge: reconnecting in 1s
[2026-05-23 01:26:14] [info] phone-bridge: connected, subscribing to user_registration,user_blf,user_status
[2026-05-23 01:31:45] [warning] phone-bridge: no events for 330s — forcing reconnect
[2026-05-23 01:31:45] [warning] phone-bridge: connection closed (code=1000 reason=)
[2026-05-23 01:31:45] [info] phone-bridge: reconnecting in 1s
[2026-05-23 01:31:46] [info] phone-bridge: connected, subscribing to user_registration,user_blf,user_status
[2026-05-23 01:37:16] [warning] phone-bridge: no events for 330s — forcing reconnect
[2026-05-23 01:37:16] [warning] phone-bridge: connection closed (code=1000 reason=)
[2026-05-23 01:37:16] [info] phone-bridge: reconnecting in 1s
[2026-05-23 01:37:18] [info] phone-bridge: connected, subscribing to user_registration,user_blf,user_status
[2026-05-23 01:42:48] [warning] phone-bridge: no events for 330s — forcing reconnect
[2026-05-23 01:42:48] [warning] phone-bridge: connection closed (code=1000 reason=)
[2026-05-23 01:42:48] [info] phone-bridge: reconnecting in 1s
[2026-05-23 01:42:49] [info] phone-bridge: connected, subscribing to user_registration,user_blf,user_status
[2026-05-23 01:48:19] [warning] phone-bridge: no events for 330s — forcing reconnect
[2026-05-23 01:48:19] [warning] phone-bridge: connection closed (code=1000 reason=)
[2026-05-23 01:48:19] [info] phone-bridge: reconnecting in 1s
[2026-05-23 01:48:21] [info] phone-bridge: connected, subscribing to user_registration,user_blf,user_status
[2026-05-23 01:53:51] [warning] phone-bridge: no events for 330s — forcing reconnect
[2026-05-23 01:53:51] [warning] phone-bridge: connection closed (code=1000 reason=)
[2026-05-23 01:53:51] [info] phone-bridge: reconnecting in 1s
[2026-05-23 01:53:52] [info] phone-bridge: connected, subscribing to user_registration,user_blf,user_status
[2026-05-23 01:59:22] [warning] phone-bridge: no events for 330s — forcing reconnect
[2026-05-23 01:59:22] [warning] phone-bridge: connection closed (code=1000 reason=)
[2026-05-23 01:59:22] [info] phone-bridge: reconnecting in 1s
[2026-05-23 01:59:24] [info] phone-bridge: connected, subscribing to user_registration,user_blf,user_status
[2026-05-23 02:04:54] [warning] phone-bridge: no events for 330s — forcing reconnect
[2026-05-23 02:04:54] [warning] phone-bridge: connection closed (code=1000 reason=)
[2026-05-23 02:04:54] [info] phone-bridge: reconnecting in 1s
[2026-05-23 02:04:55] [info] phone-bridge: connected, subscribing to user_registration,user_blf,user_status
[2026-05-23 02:10:25] [warning] phone-bridge: no events for 330s — forcing reconnect
[2026-05-23 02:10:25] [warning] phone-bridge: connection closed (code=1000 reason=)
[2026-05-23 02:10:25] [info] phone-bridge: reconnecting in 1s
[2026-05-23 02:10:27] [info] phone-bridge: connected, subscribing to user_registration,user_blf,user_status
[2026-05-23 02:15:57] [warning] phone-bridge: no events for 330s — forcing reconnect
[2026-05-23 02:15:57] [warning] phone-bridge: connection closed (code=1000 reason=)
[2026-05-23 02:15:57] [info] phone-bridge: reconnecting in 1s
[2026-05-23 02:15:58] [info] phone-bridge: connected, subscribing to user_registration,user_blf,user_status
[2026-05-23 02:21:28] [warning] phone-bridge: no events for 330s — forcing reconnect
[2026-05-23 02:21:28] [warning] phone-bridge: connection closed (code=1000 reason=)
[2026-05-23 02:21:28] [info] phone-bridge: reconnecting in 1s
[2026-05-23 02:21:30] [info] phone-bridge: connected, subscribing to user_registration,user_blf,user_status
[2026-05-23 02:27:00] [warning] phone-bridge: no events for 330s — forcing reconnect
[2026-05-23 02:27:00] [warning] phone-bridge: connection closed (code=1000 reason=)
[2026-05-23 02:27:00] [info] phone-bridge: reconnecting in 1s
[2026-05-23 02:27:01] [info] phone-bridge: connected, subscribing to user_registration,user_blf,user_status
[2026-05-23 02:32:31] [warning] phone-bridge: no events for 330s — forcing reconnect
[2026-05-23 02:32:31] [warning] phone-bridge: connection closed (code=1000 reason=)
[2026-05-23 02:32:31] [info] phone-bridge: reconnecting in 1s
[2026-05-23 02:32:33] [info] phone-bridge: connected, subscribing to user_registration,user_blf,user_status
[2026-05-23 02:38:03] [warning] phone-bridge: no events for 330s — forcing reconnect
[2026-05-23 02:38:03] [warning] phone-bridge: connection closed (code=1000 reason=)
[2026-05-23 02:38:03] [info] phone-bridge: reconnecting in 1s
[2026-05-23 02:38:04] [info] phone-bridge: connected, subscribing to user_registration,user_blf,user_status
[2026-05-23 02:43:34] [warning] phone-bridge: no events for 330s — forcing reconnect
[2026-05-23 02:43:34] [warning] phone-bridge: connection closed (code=1000 reason=)
[2026-05-23 02:43:34] [info] phone-bridge: reconnecting in 1s
[2026-05-23 02:43:36] [info] phone-bridge: connected, subscribing to user_registration,user_blf,user_status
[2026-05-23 02:49:06] [warning] phone-bridge: no events for 330s — forcing reconnect
[2026-05-23 02:49:06] [warning] phone-bridge: connection closed (code=1000 reason=)
[2026-05-23 02:49:06] [info] phone-bridge: reconnecting in 1s
[2026-05-23 02:49:07] [info] phone-bridge: connected, subscribing to user_registration,user_blf,user_status
[2026-05-23 02:54:38] [warning] phone-bridge: no events for 330s — forcing reconnect
[2026-05-23 02:54:38] [warning] phone-bridge: connection closed (code=1000 reason=)
[2026-05-23 02:54:38] [info] phone-bridge: reconnecting in 1s
[2026-05-23 02:54:39] [info] phone-bridge: connected, subscribing to user_registration,user_blf,user_status
[2026-05-23 03:00:09] [warning] phone-bridge: no events for 330s — forcing reconnect
[2026-05-23 03:00:09] [warning] phone-bridge: connection closed (code=1000 reason=)
[2026-05-23 03:00:09] [info] phone-bridge: reconnecting in 1s
[2026-05-23 03:00:10] [info] phone-bridge: connected, subscribing to user_registration,user_blf,user_status
[2026-05-23 03:05:41] [warning] phone-bridge: no events for 330s — forcing reconnect
[2026-05-23 03:05:41] [warning] phone-bridge: connection closed (code=1000 reason=)
[2026-05-23 03:05:41] [info] phone-bridge: reconnecting in 1s
[2026-05-23 03:05:42] [info] phone-bridge: connected, subscribing to user_registration,user_blf,user_status
[2026-05-23 03:11:12] [warning] phone-bridge: no events for 330s — forcing reconnect
[2026-05-23 03:11:12] [warning] phone-bridge: connection closed (code=1000 reason=)
[2026-05-23 03:11:12] [info] phone-bridge: reconnecting in 1s
[2026-05-23 03:11:14] [info] phone-bridge: connected, subscribing to user_registration,user_blf,user_status
[2026-05-23 03:16:44] [warning] phone-bridge: no events for 330s — forcing reconnect
[2026-05-23 03:16:44] [warning] phone-bridge: connection closed (code=1000 reason=)
[2026-05-23 03:16:44] [info] phone-bridge: reconnecting in 1s
[2026-05-23 03:16:45] [info] phone-bridge: connected, subscribing to user_registration,user_blf,user_status
[2026-05-23 03:22:15] [warning] phone-bridge: no events for 330s — forcing reconnect
[2026-05-23 03:22:15] [warning] phone-bridge: connection closed (code=1000 reason=)
[2026-05-23 03:22:15] [info] phone-bridge: reconnecting in 1s
[2026-05-23 03:22:17] [info] phone-bridge: connected, subscribing to user_registration,user_blf,user_status
[2026-05-23 03:27:47] [warning] phone-bridge: no events for 330s — forcing reconnect
[2026-05-23 03:27:47] [warning] phone-bridge: connection closed (code=1000 reason=)
[2026-05-23 03:27:47] [info] phone-bridge: reconnecting in 1s
[2026-05-23 03:27:48] [info] phone-bridge: connected, subscribing to user_registration,user_blf,user_status
[2026-05-23 03:33:18] [warning] phone-bridge: no events for 330s — forcing reconnect
[2026-05-23 03:33:18] [warning] phone-bridge: connection closed (code=1000 reason=)
[2026-05-23 03:33:18] [info] phone-bridge: reconnecting in 1s
[2026-05-23 03:33:20] [info] phone-bridge: connected, subscribing to user_registration,user_blf,user_status
[2026-05-23 03:38:50] [warning] phone-bridge: no events for 330s — forcing reconnect
[2026-05-23 03:38:50] [warning] phone-bridge: connection closed (code=1000 reason=)
[2026-05-23 03:38:50] [info] phone-bridge: reconnecting in 1s
[2026-05-23 03:38:51] [info] phone-bridge: connected, subscribing to user_registration,user_blf,user_status
[2026-05-23 03:44:21] [warning] phone-bridge: no events for 330s — forcing reconnect
[2026-05-23 03:44:21] [warning] phone-bridge: connection closed (code=1000 reason=)
[2026-05-23 03:44:21] [info] phone-bridge: reconnecting in 1s
[2026-05-23 03:44:23] [info] phone-bridge: connected, subscribing to user_registration,user_blf,user_status
[2026-05-23 03:49:53] [warning] phone-bridge: no events for 330s — forcing reconnect
[2026-05-23 03:49:53] [warning] phone-bridge: connection closed (code=1000 reason=)
[2026-05-23 03:49:53] [info] phone-bridge: reconnecting in 1s
[2026-05-23 03:49:54] [info] phone-bridge: connected, subscribing to user_registration,user_blf,user_status
[2026-05-23 03:55:24] [warning] phone-bridge: no events for 330s — forcing reconnect
[2026-05-23 03:55:24] [warning] phone-bridge: connection closed (code=1000 reason=)
[2026-05-23 03:55:24] [info] phone-bridge: reconnecting in 1s
[2026-05-23 03:55:26] [info] phone-bridge: connected, subscribing to user_registration,user_blf,user_status
[2026-05-23 04:00:56] [warning] phone-bridge: no events for 330s — forcing reconnect
[2026-05-23 04:00:56] [warning] phone-bridge: connection closed (code=1000 reason=)
[2026-05-23 04:00:56] [info] phone-bridge: reconnecting in 1s
[2026-05-23 04:00:57] [info] phone-bridge: connected, subscribing to user_registration,user_blf,user_status
[2026-05-23 04:06:27] [warning] phone-bridge: no events for 330s — forcing reconnect
[2026-05-23 04:06:27] [warning] phone-bridge: connection closed (code=1000 reason=)
[2026-05-23 04:06:27] [info] phone-bridge: reconnecting in 1s
[2026-05-23 04:06:29] [info] phone-bridge: connected, subscribing to user_registration,user_blf,user_status
[2026-05-23 04:11:59] [warning] phone-bridge: no events for 330s — forcing reconnect
[2026-05-23 04:11:59] [warning] phone-bridge: connection closed (code=1000 reason=)
[2026-05-23 04:11:59] [info] phone-bridge: reconnecting in 1s
[2026-05-23 04:12:00] [info] phone-bridge: connected, subscribing to user_registration,user_blf,user_status
[2026-05-23 04:17:30] [warning] phone-bridge: no events for 330s — forcing reconnect
[2026-05-23 04:17:30] [warning] phone-bridge: connection closed (code=1000 reason=)
[2026-05-23 04:17:30] [info] phone-bridge: reconnecting in 1s
[2026-05-23 04:17:32] [info] phone-bridge: connected, subscribing to user_registration,user_blf,user_status
[2026-05-23 04:23:02] [warning] phone-bridge: no events for 330s — forcing reconnect
[2026-05-23 04:23:02] [warning] phone-bridge: connection closed (code=1000 reason=)
[2026-05-23 04:23:02] [info] phone-bridge: reconnecting in 1s
[2026-05-23 04:23:03] [info] phone-bridge: connected, subscribing to user_registration,user_blf,user_status
[2026-05-23 04:28:33] [warning] phone-bridge: no events for 330s — forcing reconnect
[2026-05-23 04:28:33] [warning] phone-bridge: connection closed (code=1000 reason=)
[2026-05-23 04:28:33] [info] phone-bridge: reconnecting in 1s
[2026-05-23 04:28:35] [info] phone-bridge: connected, subscribing to user_registration,user_blf,user_status
[2026-05-23 04:34:05] [warning] phone-bridge: no events for 330s — forcing reconnect
[2026-05-23 04:34:05] [warning] phone-bridge: connection closed (code=1000 reason=)
[2026-05-23 04:34:05] [info] phone-bridge: reconnecting in 1s
[2026-05-23 04:34:06] [info] phone-bridge: connected, subscribing to user_registration,user_blf,user_status
[2026-05-23 04:39:36] [warning] phone-bridge: no events for 330s — forcing reconnect
[2026-05-23 04:39:36] [warning] phone-bridge: connection closed (code=1000 reason=)
[2026-05-23 04:39:36] [info] phone-bridge: reconnecting in 1s
[2026-05-23 04:39:38] [info] phone-bridge: connected, subscribing to user_registration,user_blf,user_status
[2026-05-23 04:45:08] [warning] phone-bridge: no events for 330s — forcing reconnect
[2026-05-23 04:45:08] [warning] phone-bridge: connection closed (code=1000 reason=)
[2026-05-23 04:45:08] [info] phone-bridge: reconnecting in 1s
[2026-05-23 04:45:09] [info] phone-bridge: connected, subscribing to user_registration,user_blf,user_status
[2026-05-23 04:50:39] [warning] phone-bridge: no events for 330s — forcing reconnect
[2026-05-23 04:50:39] [warning] phone-bridge: connection closed (code=1000 reason=)
[2026-05-23 04:50:39] [info] phone-bridge: reconnecting in 1s
[2026-05-23 04:50:41] [info] phone-bridge: connected, subscribing to user_registration,user_blf,user_status
[2026-05-23 04:56:11] [warning] phone-bridge: no events for 330s — forcing reconnect
[2026-05-23 04:56:11] [warning] phone-bridge: connection closed (code=1000 reason=)
[2026-05-23 04:56:11] [info] phone-bridge: reconnecting in 1s
[2026-05-23 04:56:12] [info] phone-bridge: connected, subscribing to user_registration,user_blf,user_status
[2026-05-23 05:01:42] [warning] phone-bridge: no events for 330s — forcing reconnect
[2026-05-23 05:01:42] [warning] phone-bridge: connection closed (code=1000 reason=)
[2026-05-23 05:01:42] [info] phone-bridge: reconnecting in 1s
[2026-05-23 05:01:44] [info] phone-bridge: connected, subscribing to user_registration,user_blf,user_status
[2026-05-23 05:07:14] [warning] phone-bridge: no events for 330s — forcing reconnect
[2026-05-23 05:07:14] [warning] phone-bridge: connection closed (code=1000 reason=)
[2026-05-23 05:07:14] [info] phone-bridge: reconnecting in 1s
[2026-05-23 05:07:15] [info] phone-bridge: connected, subscribing to user_registration,user_blf,user_status
[2026-05-23 05:12:45] [warning] phone-bridge: no events for 330s — forcing reconnect
[2026-05-23 05:12:45] [warning] phone-bridge: connection closed (code=1000 reason=)
[2026-05-23 05:12:45] [info] phone-bridge: reconnecting in 1s
[2026-05-23 05:12:47] [info] phone-bridge: connected, subscribing to user_registration,user_blf,user_status
[2026-05-23 05:18:17] [warning] phone-bridge: no events for 330s — forcing reconnect
[2026-05-23 05:18:17] [warning] phone-bridge: connection closed (code=1000 reason=)
[2026-05-23 05:18:17] [info] phone-bridge: reconnecting in 1s
[2026-05-23 05:18:18] [info] phone-bridge: connected, subscribing to user_registration,user_blf,user_status
[2026-05-23 05:23:48] [warning] phone-bridge: no events for 330s — forcing reconnect
[2026-05-23 05:23:48] [warning] phone-bridge: connection closed (code=1000 reason=)
[2026-05-23 05:23:48] [info] phone-bridge: reconnecting in 1s
[2026-05-23 05:23:50] [info] phone-bridge: connected, subscribing to user_registration,user_blf,user_status
[2026-05-23 05:29:20] [warning] phone-bridge: no events for 330s — forcing reconnect
[2026-05-23 05:29:20] [warning] phone-bridge: connection closed (code=1000 reason=)
[2026-05-23 05:29:20] [info] phone-bridge: reconnecting in 1s
[2026-05-23 05:29:21] [info] phone-bridge: connected, subscribing to user_registration,user_blf,user_status
[2026-05-23 05:34:52] [warning] phone-bridge: no events for 331s — forcing reconnect
[2026-05-23 05:34:52] [warning] phone-bridge: connection closed (code=1000 reason=)
[2026-05-23 05:34:52] [info] phone-bridge: reconnecting in 1s
[2026-05-23 05:34:53] [info] phone-bridge: connected, subscribing to user_registration,user_blf,user_status
[2026-05-23 05:40:23] [warning] phone-bridge: no events for 330s — forcing reconnect
[2026-05-23 05:40:23] [warning] phone-bridge: connection closed (code=1000 reason=)
[2026-05-23 05:40:23] [info] phone-bridge: reconnecting in 1s
[2026-05-23 05:40:25] [info] phone-bridge: connected, subscribing to user_registration,user_blf,user_status
[2026-05-23 05:45:55] [warning] phone-bridge: no events for 330s — forcing reconnect
[2026-05-23 05:45:55] [warning] phone-bridge: connection closed (code=1000 reason=)
[2026-05-23 05:45:55] [info] phone-bridge: reconnecting in 1s
[2026-05-23 05:45:56] [info] phone-bridge: connected, subscribing to user_registration,user_blf,user_status
[2026-05-23 05:51:26] [warning] phone-bridge: no events for 330s — forcing reconnect
[2026-05-23 05:51:26] [warning] phone-bridge: connection closed (code=1000 reason=)
[2026-05-23 05:51:26] [info] phone-bridge: reconnecting in 1s
[2026-05-23 05:51:28] [info] phone-bridge: connected, subscribing to user_registration,user_blf,user_status
[2026-05-23 05:56:58] [warning] phone-bridge: no events for 330s — forcing reconnect
[2026-05-23 05:56:58] [warning] phone-bridge: connection closed (code=1000 reason=)
[2026-05-23 05:56:58] [info] phone-bridge: reconnecting in 1s
[2026-05-23 05:56:59] [info] phone-bridge: connected, subscribing to user_registration,user_blf,user_status
[2026-05-23 11:50:55] [info] phone-bridge: connecting to wss://pbx12127.onpbx.ru:3342/?key=OGV3MWNuVkw0VWJuZHc3c1lUeFViaWVJYnA5UXdGaXM
[2026-05-23 11:50:55] [info] phone-bridge: connected, subscribing to user_registration,user_blf,user_status
[2026-05-23 22:01:03] [warning] phone-bridge: no events for 320s — forcing reconnect
[2026-05-23 22:01:03] [warning] phone-bridge: connection closed (code=1000 reason=)
[2026-05-23 22:01:03] [info] phone-bridge: reconnecting in 1s
[2026-05-23 22:01:04] [info] phone-bridge: connected, subscribing to user_registration,user_blf,user_status
[2026-05-23 22:06:34] [warning] phone-bridge: no events for 330s — forcing reconnect
[2026-05-23 22:06:34] [warning] phone-bridge: connection closed (code=1000 reason=)
[2026-05-23 22:06:34] [info] phone-bridge: reconnecting in 1s
[2026-05-23 22:06:36] [info] phone-bridge: connected, subscribing to user_registration,user_blf,user_status
[2026-05-23 22:12:06] [warning] phone-bridge: no events for 330s — forcing reconnect
[2026-05-23 22:12:06] [warning] phone-bridge: connection closed (code=1000 reason=)
[2026-05-23 22:12:06] [info] phone-bridge: reconnecting in 1s
[2026-05-23 22:12:07] [info] phone-bridge: connected, subscribing to user_registration,user_blf,user_status
[2026-05-23 22:17:37] [warning] phone-bridge: no events for 330s — forcing reconnect
[2026-05-23 22:17:37] [warning] phone-bridge: connection closed (code=1000 reason=)
[2026-05-23 22:17:37] [info] phone-bridge: reconnecting in 1s
[2026-05-23 22:17:39] [info] phone-bridge: connected, subscribing to user_registration,user_blf,user_status
[2026-05-23 22:23:09] [warning] phone-bridge: no events for 330s — forcing reconnect
[2026-05-23 22:23:09] [warning] phone-bridge: connection closed (code=1000 reason=)
[2026-05-23 22:23:09] [info] phone-bridge: reconnecting in 1s
[2026-05-23 22:23:10] [info] phone-bridge: connected, subscribing to user_registration,user_blf,user_status
[2026-05-23 22:28:40] [warning] phone-bridge: no events for 330s — forcing reconnect
[2026-05-23 22:28:40] [warning] phone-bridge: connection closed (code=1000 reason=)
[2026-05-23 22:28:40] [info] phone-bridge: reconnecting in 1s
[2026-05-23 22:28:42] [info] phone-bridge: connected, subscribing to user_registration,user_blf,user_status
[2026-05-23 22:34:12] [warning] phone-bridge: no events for 330s — forcing reconnect
[2026-05-23 22:34:12] [warning] phone-bridge: connection closed (code=1000 reason=)
[2026-05-23 22:34:12] [info] phone-bridge: reconnecting in 1s
[2026-05-23 22:34:13] [info] phone-bridge: connected, subscribing to user_registration,user_blf,user_status
[2026-05-23 22:39:44] [warning] phone-bridge: no events for 330s — forcing reconnect
[2026-05-23 22:39:44] [warning] phone-bridge: connection closed (code=1000 reason=)
[2026-05-23 22:39:44] [info] phone-bridge: reconnecting in 1s
[2026-05-23 22:39:45] [info] phone-bridge: connected, subscribing to user_registration,user_blf,user_status
[2026-05-23 22:45:15] [warning] phone-bridge: no events for 330s — forcing reconnect
[2026-05-23 22:45:15] [warning] phone-bridge: connection closed (code=1000 reason=)
[2026-05-23 22:45:15] [info] phone-bridge: reconnecting in 1s
[2026-05-23 22:45:17] [info] phone-bridge: connected, subscribing to user_registration,user_blf,user_status
[2026-05-23 22:50:47] [warning] phone-bridge: no events for 330s — forcing reconnect
[2026-05-23 22:50:47] [warning] phone-bridge: connection closed (code=1000 reason=)
[2026-05-23 22:50:47] [info] phone-bridge: reconnecting in 1s
[2026-05-23 22:50:48] [info] phone-bridge: connected, subscribing to user_registration,user_blf,user_status
[2026-05-23 22:56:18] [warning] phone-bridge: no events for 330s — forcing reconnect
[2026-05-23 22:56:18] [warning] phone-bridge: connection closed (code=1000 reason=)
[2026-05-23 22:56:18] [info] phone-bridge: reconnecting in 1s
[2026-05-23 22:56:20] [info] phone-bridge: connected, subscribing to user_registration,user_blf,user_status
[2026-05-23 23:01:50] [warning] phone-bridge: no events for 330s — forcing reconnect
[2026-05-23 23:01:50] [warning] phone-bridge: connection closed (code=1000 reason=)
[2026-05-23 23:01:50] [info] phone-bridge: reconnecting in 1s
[2026-05-23 23:01:51] [info] phone-bridge: connected, subscribing to user_registration,user_blf,user_status
[2026-05-23 23:07:21] [warning] phone-bridge: no events for 327s — forcing reconnect
[2026-05-23 23:07:21] [warning] phone-bridge: connection closed (code=1000 reason=)
[2026-05-23 23:07:21] [info] phone-bridge: reconnecting in 1s
[2026-05-23 23:07:23] [info] phone-bridge: connected, subscribing to user_registration,user_blf,user_status
[2026-05-23 23:12:53] [warning] phone-bridge: no events for 330s — forcing reconnect
[2026-05-23 23:12:53] [warning] phone-bridge: connection closed (code=1000 reason=)
[2026-05-23 23:12:53] [info] phone-bridge: reconnecting in 1s
[2026-05-23 23:12:54] [info] phone-bridge: connected, subscribing to user_registration,user_blf,user_status
[2026-05-23 23:18:24] [warning] phone-bridge: no events for 330s — forcing reconnect
[2026-05-23 23:18:24] [warning] phone-bridge: connection closed (code=1000 reason=)
[2026-05-23 23:18:24] [info] phone-bridge: reconnecting in 1s
[2026-05-23 23:18:26] [info] phone-bridge: connected, subscribing to user_registration,user_blf,user_status
[2026-05-23 23:23:56] [warning] phone-bridge: no events for 330s — forcing reconnect
[2026-05-23 23:23:56] [warning] phone-bridge: connection closed (code=1000 reason=)
[2026-05-23 23:23:56] [info] phone-bridge: reconnecting in 1s
[2026-05-23 23:23:57] [info] phone-bridge: connected, subscribing to user_registration,user_blf,user_status
[2026-05-23 23:29:27] [warning] phone-bridge: no events for 330s — forcing reconnect
[2026-05-23 23:29:27] [warning] phone-bridge: connection closed (code=1000 reason=)
[2026-05-23 23:29:27] [info] phone-bridge: reconnecting in 1s
[2026-05-23 23:29:29] [info] phone-bridge: connected, subscribing to user_registration,user_blf,user_status
[2026-05-23 23:34:59] [warning] phone-bridge: no events for 330s — forcing reconnect
[2026-05-23 23:34:59] [warning] phone-bridge: connection closed (code=1000 reason=)
[2026-05-23 23:34:59] [info] phone-bridge: reconnecting in 1s
[2026-05-23 23:35:01] [info] phone-bridge: connected, subscribing to user_registration,user_blf,user_status
[2026-05-23 23:40:31] [warning] phone-bridge: no events for 330s — forcing reconnect
[2026-05-23 23:40:31] [warning] phone-bridge: connection closed (code=1000 reason=)
[2026-05-23 23:40:31] [info] phone-bridge: reconnecting in 1s
[2026-05-23 23:40:32] [info] phone-bridge: connected, subscribing to user_registration,user_blf,user_status
[2026-05-23 23:46:02] [warning] phone-bridge: no events for 330s — forcing reconnect
[2026-05-23 23:46:02] [warning] phone-bridge: connection closed (code=1000 reason=)
[2026-05-23 23:46:02] [info] phone-bridge: reconnecting in 1s
[2026-05-23 23:46:04] [info] phone-bridge: connected, subscribing to user_registration,user_blf,user_status
[2026-05-23 23:51:34] [warning] phone-bridge: no events for 330s — forcing reconnect
[2026-05-23 23:51:34] [warning] phone-bridge: connection closed (code=1000 reason=)
[2026-05-23 23:51:34] [info] phone-bridge: reconnecting in 1s
[2026-05-23 23:51:35] [info] phone-bridge: connected, subscribing to user_registration,user_blf,user_status
[2026-05-23 23:57:05] [warning] phone-bridge: no events for 330s — forcing reconnect
[2026-05-23 23:57:05] [warning] phone-bridge: connection closed (code=1000 reason=)
[2026-05-23 23:57:05] [info] phone-bridge: reconnecting in 1s
[2026-05-23 23:57:07] [info] phone-bridge: connected, subscribing to user_registration,user_blf,user_status
[2026-05-24 00:02:37] [warning] phone-bridge: no events for 330s — forcing reconnect
[2026-05-24 00:02:37] [warning] phone-bridge: connection closed (code=1000 reason=)
[2026-05-24 00:02:37] [info] phone-bridge: reconnecting in 1s
[2026-05-24 00:02:38] [info] phone-bridge: connected, subscribing to user_registration,user_blf,user_status
[2026-05-24 00:08:08] [warning] phone-bridge: no events for 330s — forcing reconnect
[2026-05-24 00:08:08] [warning] phone-bridge: connection closed (code=1000 reason=)
[2026-05-24 00:08:08] [info] phone-bridge: reconnecting in 1s
[2026-05-24 00:08:10] [info] phone-bridge: connected, subscribing to user_registration,user_blf,user_status
[2026-05-24 00:13:40] [warning] phone-bridge: no events for 330s — forcing reconnect
[2026-05-24 00:13:40] [warning] phone-bridge: connection closed (code=1000 reason=)
[2026-05-24 00:13:40] [info] phone-bridge: reconnecting in 1s
[2026-05-24 00:13:41] [info] phone-bridge: connected, subscribing to user_registration,user_blf,user_status
[2026-05-24 00:19:11] [warning] phone-bridge: no events for 330s — forcing reconnect
[2026-05-24 00:19:11] [warning] phone-bridge: connection closed (code=1000 reason=)
[2026-05-24 00:19:11] [info] phone-bridge: reconnecting in 1s
[2026-05-24 00:19:13] [info] phone-bridge: connected, subscribing to user_registration,user_blf,user_status
[2026-05-24 00:24:43] [warning] phone-bridge: no events for 330s — forcing reconnect
[2026-05-24 00:24:43] [warning] phone-bridge: connection closed (code=1000 reason=)
[2026-05-24 00:24:43] [info] phone-bridge: reconnecting in 1s
[2026-05-24 00:24:44] [info] phone-bridge: connected, subscribing to user_registration,user_blf,user_status
[2026-05-24 00:30:14] [warning] phone-bridge: no events for 330s — forcing reconnect
[2026-05-24 00:30:14] [warning] phone-bridge: connection closed (code=1000 reason=)
[2026-05-24 00:30:14] [info] phone-bridge: reconnecting in 1s
[2026-05-24 00:30:16] [info] phone-bridge: connected, subscribing to user_registration,user_blf,user_status
[2026-05-24 00:35:46] [warning] phone-bridge: no events for 330s — forcing reconnect
[2026-05-24 00:35:46] [warning] phone-bridge: connection closed (code=1000 reason=)
[2026-05-24 00:35:46] [info] phone-bridge: reconnecting in 1s
[2026-05-24 00:35:47] [info] phone-bridge: connected, subscribing to user_registration,user_blf,user_status
[2026-05-24 00:41:17] [warning] phone-bridge: no events for 330s — forcing reconnect
[2026-05-24 00:41:17] [warning] phone-bridge: connection closed (code=1000 reason=)
[2026-05-24 00:41:17] [info] phone-bridge: reconnecting in 1s
[2026-05-24 00:41:19] [info] phone-bridge: connected, subscribing to user_registration,user_blf,user_status
[2026-05-24 00:46:49] [warning] phone-bridge: no events for 330s — forcing reconnect
[2026-05-24 00:46:49] [warning] phone-bridge: connection closed (code=1000 reason=)
[2026-05-24 00:46:49] [info] phone-bridge: reconnecting in 1s
[2026-05-24 00:46:50] [info] phone-bridge: connected, subscribing to user_registration,user_blf,user_status
[2026-05-24 00:52:20] [warning] phone-bridge: no events for 330s — forcing reconnect
[2026-05-24 00:52:20] [warning] phone-bridge: connection closed (code=1000 reason=)
[2026-05-24 00:52:20] [info] phone-bridge: reconnecting in 1s
[2026-05-24 00:52:22] [info] phone-bridge: connected, subscribing to user_registration,user_blf,user_status
[2026-05-24 00:57:52] [warning] phone-bridge: no events for 330s — forcing reconnect
[2026-05-24 00:57:52] [warning] phone-bridge: connection closed (code=1000 reason=)
[2026-05-24 00:57:52] [info] phone-bridge: reconnecting in 1s
[2026-05-24 00:57:53] [info] phone-bridge: connected, subscribing to user_registration,user_blf,user_status
[2026-05-24 01:03:23] [warning] phone-bridge: no events for 330s — forcing reconnect
[2026-05-24 01:03:23] [warning] phone-bridge: connection closed (code=1000 reason=)
[2026-05-24 01:03:23] [info] phone-bridge: reconnecting in 1s
[2026-05-24 01:03:25] [info] phone-bridge: connected, subscribing to user_registration,user_blf,user_status
[2026-05-24 01:08:55] [warning] phone-bridge: no events for 330s — forcing reconnect
[2026-05-24 01:08:55] [warning] phone-bridge: connection closed (code=1000 reason=)
[2026-05-24 01:08:55] [info] phone-bridge: reconnecting in 1s
[2026-05-24 01:08:56] [info] phone-bridge: connected, subscribing to user_registration,user_blf,user_status
[2026-05-24 01:14:27] [warning] phone-bridge: no events for 330s — forcing reconnect
[2026-05-24 01:14:27] [warning] phone-bridge: connection closed (code=1000 reason=)
[2026-05-24 01:14:27] [info] phone-bridge: reconnecting in 1s
[2026-05-24 01:14:28] [info] phone-bridge: connected, subscribing to user_registration,user_blf,user_status
[2026-05-24 01:19:58] [warning] phone-bridge: no events for 330s — forcing reconnect
[2026-05-24 01:19:58] [warning] phone-bridge: connection closed (code=1000 reason=)
[2026-05-24 01:19:58] [info] phone-bridge: reconnecting in 1s
[2026-05-24 01:19:59] [info] phone-bridge: connected, subscribing to user_registration,user_blf,user_status
[2026-05-24 01:25:30] [warning] phone-bridge: no events for 330s — forcing reconnect
[2026-05-24 01:25:30] [warning] phone-bridge: connection closed (code=1000 reason=)
[2026-05-24 01:25:30] [info] phone-bridge: reconnecting in 1s
[2026-05-24 01:25:31] [info] phone-bridge: connected, subscribing to user_registration,user_blf,user_status
[2026-05-24 01:31:01] [warning] phone-bridge: no events for 330s — forcing reconnect
[2026-05-24 01:31:01] [warning] phone-bridge: connection closed (code=1000 reason=)
[2026-05-24 01:31:01] [info] phone-bridge: reconnecting in 1s
[2026-05-24 01:31:03] [info] phone-bridge: connected, subscribing to user_registration,user_blf,user_status
[2026-05-24 01:36:33] [warning] phone-bridge: no events for 330s — forcing reconnect
[2026-05-24 01:36:33] [warning] phone-bridge: connection closed (code=1000 reason=)
[2026-05-24 01:36:33] [info] phone-bridge: reconnecting in 1s
[2026-05-24 01:36:34] [info] phone-bridge: connected, subscribing to user_registration,user_blf,user_status
[2026-05-24 01:42:04] [warning] phone-bridge: no events for 330s — forcing reconnect
[2026-05-24 01:42:04] [warning] phone-bridge: connection closed (code=1000 reason=)
[2026-05-24 01:42:04] [info] phone-bridge: reconnecting in 1s
[2026-05-24 01:42:06] [info] phone-bridge: connected, subscribing to user_registration,user_blf,user_status
[2026-05-24 01:47:36] [warning] phone-bridge: no events for 330s — forcing reconnect
[2026-05-24 01:47:36] [warning] phone-bridge: connection closed (code=1000 reason=)
[2026-05-24 01:47:36] [info] phone-bridge: reconnecting in 1s
[2026-05-24 01:47:37] [info] phone-bridge: connected, subscribing to user_registration,user_blf,user_status
[2026-05-24 01:53:07] [warning] phone-bridge: no events for 330s — forcing reconnect
[2026-05-24 01:53:07] [warning] phone-bridge: connection closed (code=1000 reason=)
[2026-05-24 01:53:07] [info] phone-bridge: reconnecting in 1s
[2026-05-24 01:53:09] [info] phone-bridge: connected, subscribing to user_registration,user_blf,user_status
[2026-05-24 01:58:39] [warning] phone-bridge: no events for 330s — forcing reconnect
[2026-05-24 01:58:39] [warning] phone-bridge: connection closed (code=1000 reason=)
[2026-05-24 01:58:39] [info] phone-bridge: reconnecting in 1s
[2026-05-24 01:58:40] [info] phone-bridge: connected, subscribing to user_registration,user_blf,user_status
[2026-05-24 02:04:10] [warning] phone-bridge: no events for 330s — forcing reconnect
[2026-05-24 02:04:10] [warning] phone-bridge: connection closed (code=1000 reason=)
[2026-05-24 02:04:10] [info] phone-bridge: reconnecting in 1s
[2026-05-24 02:04:12] [info] phone-bridge: connected, subscribing to user_registration,user_blf,user_status
[2026-05-24 02:09:42] [warning] phone-bridge: no events for 330s — forcing reconnect
[2026-05-24 02:09:42] [warning] phone-bridge: connection closed (code=1000 reason=)
[2026-05-24 02:09:42] [info] phone-bridge: reconnecting in 1s
[2026-05-24 02:09:43] [info] phone-bridge: connected, subscribing to user_registration,user_blf,user_status
[2026-05-24 02:15:13] [warning] phone-bridge: no events for 330s — forcing reconnect
[2026-05-24 02:15:13] [warning] phone-bridge: connection closed (code=1000 reason=)
[2026-05-24 02:15:13] [info] phone-bridge: reconnecting in 1s
[2026-05-24 02:15:15] [info] phone-bridge: connected, subscribing to user_registration,user_blf,user_status
[2026-05-24 02:20:45] [warning] phone-bridge: no events for 330s — forcing reconnect
[2026-05-24 02:20:45] [warning] phone-bridge: connection closed (code=1000 reason=)
[2026-05-24 02:20:45] [info] phone-bridge: reconnecting in 1s
[2026-05-24 02:20:46] [info] phone-bridge: connected, subscribing to user_registration,user_blf,user_status
[2026-05-24 02:26:16] [warning] phone-bridge: no events for 330s — forcing reconnect
[2026-05-24 02:26:16] [warning] phone-bridge: connection closed (code=1000 reason=)
[2026-05-24 02:26:16] [info] phone-bridge: reconnecting in 1s
[2026-05-24 02:26:18] [info] phone-bridge: connected, subscribing to user_registration,user_blf,user_status
[2026-05-24 02:31:48] [warning] phone-bridge: no events for 330s — forcing reconnect
[2026-05-24 02:31:48] [warning] phone-bridge: connection closed (code=1000 reason=)
[2026-05-24 02:31:48] [info] phone-bridge: reconnecting in 1s
[2026-05-24 02:31:49] [info] phone-bridge: connected, subscribing to user_registration,user_blf,user_status
[2026-05-24 02:37:19] [warning] phone-bridge: no events for 330s — forcing reconnect
[2026-05-24 02:37:19] [warning] phone-bridge: connection closed (code=1000 reason=)
[2026-05-24 02:37:19] [info] phone-bridge: reconnecting in 1s
[2026-05-24 02:37:21] [info] phone-bridge: connected, subscribing to user_registration,user_blf,user_status
[2026-05-24 02:42:51] [warning] phone-bridge: no events for 330s — forcing reconnect
[2026-05-24 02:42:51] [warning] phone-bridge: connection closed (code=1000 reason=)
[2026-05-24 02:42:51] [info] phone-bridge: reconnecting in 1s
[2026-05-24 02:42:52] [info] phone-bridge: connected, subscribing to user_registration,user_blf,user_status
[2026-05-24 02:48:22] [warning] phone-bridge: no events for 330s — forcing reconnect
[2026-05-24 02:48:22] [warning] phone-bridge: connection closed (code=1000 reason=)
[2026-05-24 02:48:22] [info] phone-bridge: reconnecting in 1s
[2026-05-24 02:48:24] [info] phone-bridge: connected, subscribing to user_registration,user_blf,user_status
[2026-05-24 02:53:54] [warning] phone-bridge: no events for 330s — forcing reconnect
[2026-05-24 02:53:54] [warning] phone-bridge: connection closed (code=1000 reason=)
[2026-05-24 02:53:54] [info] phone-bridge: reconnecting in 1s
[2026-05-24 02:53:56] [info] phone-bridge: connected, subscribing to user_registration,user_blf,user_status
[2026-05-24 02:59:26] [warning] phone-bridge: no events for 330s — forcing reconnect
[2026-05-24 02:59:26] [warning] phone-bridge: connection closed (code=1000 reason=)
[2026-05-24 02:59:26] [info] phone-bridge: reconnecting in 1s
[2026-05-24 02:59:27] [info] phone-bridge: connected, subscribing to user_registration,user_blf,user_status
[2026-05-24 03:04:57] [warning] phone-bridge: no events for 330s — forcing reconnect
[2026-05-24 03:04:57] [warning] phone-bridge: connection closed (code=1000 reason=)
[2026-05-24 03:04:57] [info] phone-bridge: reconnecting in 1s
[2026-05-24 03:04:58] [info] phone-bridge: connected, subscribing to user_registration,user_blf,user_status
[2026-05-24 03:10:29] [warning] phone-bridge: no events for 330s — forcing reconnect
[2026-05-24 03:10:29] [warning] phone-bridge: connection closed (code=1000 reason=)
[2026-05-24 03:10:29] [info] phone-bridge: reconnecting in 1s
[2026-05-24 03:10:30] [info] phone-bridge: connected, subscribing to user_registration,user_blf,user_status
[2026-05-24 03:16:00] [warning] phone-bridge: no events for 330s — forcing reconnect
[2026-05-24 03:16:00] [warning] phone-bridge: connection closed (code=1000 reason=)
[2026-05-24 03:16:00] [info] phone-bridge: reconnecting in 1s
[2026-05-24 03:16:01] [info] phone-bridge: connected, subscribing to user_registration,user_blf,user_status
[2026-05-24 03:21:32] [warning] phone-bridge: no events for 330s — forcing reconnect
[2026-05-24 03:21:32] [warning] phone-bridge: connection closed (code=1000 reason=)
[2026-05-24 03:21:32] [info] phone-bridge: reconnecting in 1s
[2026-05-24 03:21:33] [info] phone-bridge: connected, subscribing to user_registration,user_blf,user_status
[2026-05-24 03:27:03] [warning] phone-bridge: no events for 330s — forcing reconnect
[2026-05-24 03:27:03] [warning] phone-bridge: connection closed (code=1000 reason=)
[2026-05-24 03:27:03] [info] phone-bridge: reconnecting in 1s
[2026-05-24 03:27:05] [info] phone-bridge: connected, subscribing to user_registration,user_blf,user_status
[2026-05-24 03:32:35] [warning] phone-bridge: no events for 330s — forcing reconnect
[2026-05-24 03:32:35] [warning] phone-bridge: connection closed (code=1000 reason=)
[2026-05-24 03:32:35] [info] phone-bridge: reconnecting in 1s
[2026-05-24 03:32:36] [info] phone-bridge: connected, subscribing to user_registration,user_blf,user_status
[2026-05-24 03:38:06] [warning] phone-bridge: no events for 330s — forcing reconnect
[2026-05-24 03:38:06] [warning] phone-bridge: connection closed (code=1000 reason=)
[2026-05-24 03:38:06] [info] phone-bridge: reconnecting in 1s
[2026-05-24 03:38:08] [info] phone-bridge: connected, subscribing to user_registration,user_blf,user_status
[2026-05-24 03:43:38] [warning] phone-bridge: no events for 330s — forcing reconnect
[2026-05-24 03:43:38] [warning] phone-bridge: connection closed (code=1000 reason=)
[2026-05-24 03:43:38] [info] phone-bridge: reconnecting in 1s
[2026-05-24 03:43:39] [info] phone-bridge: connected, subscribing to user_registration,user_blf,user_status
[2026-05-24 03:49:09] [warning] phone-bridge: no events for 330s — forcing reconnect
[2026-05-24 03:49:09] [warning] phone-bridge: connection closed (code=1000 reason=)
[2026-05-24 03:49:09] [info] phone-bridge: reconnecting in 1s
[2026-05-24 03:49:11] [info] phone-bridge: connected, subscribing to user_registration,user_blf,user_status
[2026-05-24 03:54:41] [warning] phone-bridge: no events for 330s — forcing reconnect
[2026-05-24 03:54:41] [warning] phone-bridge: connection closed (code=1000 reason=)
[2026-05-24 03:54:41] [info] phone-bridge: reconnecting in 1s
[2026-05-24 03:54:42] [info] phone-bridge: connected, subscribing to user_registration,user_blf,user_status
[2026-05-24 04:00:12] [warning] phone-bridge: no events for 330s — forcing reconnect
[2026-05-24 04:00:12] [warning] phone-bridge: connection closed (code=1000 reason=)
[2026-05-24 04:00:12] [info] phone-bridge: reconnecting in 1s
[2026-05-24 04:00:14] [info] phone-bridge: connected, subscribing to user_registration,user_blf,user_status
[2026-05-24 04:05:44] [warning] phone-bridge: no events for 330s — forcing reconnect
[2026-05-24 04:05:44] [warning] phone-bridge: connection closed (code=1000 reason=)
[2026-05-24 04:05:44] [info] phone-bridge: reconnecting in 1s
[2026-05-24 04:05:45] [info] phone-bridge: connected, subscribing to user_registration,user_blf,user_status
[2026-05-24 04:11:15] [warning] phone-bridge: no events for 330s — forcing reconnect
[2026-05-24 04:11:15] [warning] phone-bridge: connection closed (code=1000 reason=)
[2026-05-24 04:11:15] [info] phone-bridge: reconnecting in 1s
[2026-05-24 04:11:17] [info] phone-bridge: connected, subscribing to user_registration,user_blf,user_status
[2026-05-24 04:16:47] [warning] phone-bridge: no events for 330s — forcing reconnect
[2026-05-24 04:16:47] [warning] phone-bridge: connection closed (code=1000 reason=)
[2026-05-24 04:16:47] [info] phone-bridge: reconnecting in 1s
[2026-05-24 04:16:48] [info] phone-bridge: connected, subscribing to user_registration,user_blf,user_status
[2026-05-24 04:22:18] [warning] phone-bridge: no events for 330s — forcing reconnect
[2026-05-24 04:22:18] [warning] phone-bridge: connection closed (code=1000 reason=)
[2026-05-24 04:22:18] [info] phone-bridge: reconnecting in 1s
[2026-05-24 04:22:20] [info] phone-bridge: connected, subscribing to user_registration,user_blf,user_status
[2026-05-24 04:27:50] [warning] phone-bridge: no events for 330s — forcing reconnect
[2026-05-24 04:27:50] [warning] phone-bridge: connection closed (code=1000 reason=)
[2026-05-24 04:27:50] [info] phone-bridge: reconnecting in 1s
[2026-05-24 04:27:51] [info] phone-bridge: connected, subscribing to user_registration,user_blf,user_status
[2026-05-24 04:33:21] [warning] phone-bridge: no events for 330s — forcing reconnect
[2026-05-24 04:33:21] [warning] phone-bridge: connection closed (code=1000 reason=)
[2026-05-24 04:33:21] [info] phone-bridge: reconnecting in 1s
[2026-05-24 04:33:23] [info] phone-bridge: connected, subscribing to user_registration,user_blf,user_status
[2026-05-24 04:38:53] [warning] phone-bridge: no events for 330s — forcing reconnect
[2026-05-24 04:38:53] [warning] phone-bridge: connection closed (code=1000 reason=)
[2026-05-24 04:38:53] [info] phone-bridge: reconnecting in 1s
[2026-05-24 04:38:54] [info] phone-bridge: connected, subscribing to user_registration,user_blf,user_status
[2026-05-24 04:44:24] [warning] phone-bridge: no events for 330s — forcing reconnect
[2026-05-24 04:44:24] [warning] phone-bridge: connection closed (code=1000 reason=)
[2026-05-24 04:44:24] [info] phone-bridge: reconnecting in 1s
[2026-05-24 04:44:26] [info] phone-bridge: connected, subscribing to user_registration,user_blf,user_status
[2026-05-24 04:49:56] [warning] phone-bridge: no events for 330s — forcing reconnect
[2026-05-24 04:49:56] [warning] phone-bridge: connection closed (code=1000 reason=)
[2026-05-24 04:49:56] [info] phone-bridge: reconnecting in 1s
[2026-05-24 04:49:57] [info] phone-bridge: connected, subscribing to user_registration,user_blf,user_status
[2026-05-24 04:55:28] [warning] phone-bridge: no events for 330s — forcing reconnect
[2026-05-24 04:55:28] [warning] phone-bridge: connection closed (code=1000 reason=)
[2026-05-24 04:55:28] [info] phone-bridge: reconnecting in 1s
[2026-05-24 04:55:29] [info] phone-bridge: connected, subscribing to user_registration,user_blf,user_status
[2026-05-24 05:00:59] [warning] phone-bridge: no events for 330s — forcing reconnect
[2026-05-24 05:00:59] [warning] phone-bridge: connection closed (code=1000 reason=)
[2026-05-24 05:00:59] [info] phone-bridge: reconnecting in 1s
[2026-05-24 05:01:00] [info] phone-bridge: connected, subscribing to user_registration,user_blf,user_status
[2026-05-24 05:06:31] [warning] phone-bridge: no events for 330s — forcing reconnect
[2026-05-24 05:06:31] [warning] phone-bridge: connection closed (code=1000 reason=)
[2026-05-24 05:06:31] [info] phone-bridge: reconnecting in 1s
[2026-05-24 05:06:32] [info] phone-bridge: connected, subscribing to user_registration,user_blf,user_status
[2026-05-24 05:12:02] [warning] phone-bridge: no events for 330s — forcing reconnect
[2026-05-24 05:12:02] [warning] phone-bridge: connection closed (code=1000 reason=)
[2026-05-24 05:12:02] [info] phone-bridge: reconnecting in 1s
[2026-05-24 05:12:04] [info] phone-bridge: connected, subscribing to user_registration,user_blf,user_status
[2026-05-24 05:17:34] [warning] phone-bridge: no events for 330s — forcing reconnect
[2026-05-24 05:17:34] [warning] phone-bridge: connection closed (code=1000 reason=)
[2026-05-24 05:17:34] [info] phone-bridge: reconnecting in 1s
[2026-05-24 05:17:35] [info] phone-bridge: connected, subscribing to user_registration,user_blf,user_status
[2026-05-24 05:23:05] [warning] phone-bridge: no events for 330s — forcing reconnect
[2026-05-24 05:23:05] [warning] phone-bridge: connection closed (code=1000 reason=)
[2026-05-24 05:23:05] [info] phone-bridge: reconnecting in 1s
[2026-05-24 05:23:07] [info] phone-bridge: connected, subscribing to user_registration,user_blf,user_status
[2026-05-24 05:28:37] [warning] phone-bridge: no events for 330s — forcing reconnect
[2026-05-24 05:28:37] [warning] phone-bridge: connection closed (code=1000 reason=)
[2026-05-24 05:28:37] [info] phone-bridge: reconnecting in 1s
[2026-05-24 05:28:38] [info] phone-bridge: connected, subscribing to user_registration,user_blf,user_status
[2026-05-24 05:34:08] [warning] phone-bridge: no events for 330s — forcing reconnect
[2026-05-24 05:34:08] [warning] phone-bridge: connection closed (code=1000 reason=)
[2026-05-24 05:34:08] [info] phone-bridge: reconnecting in 1s
[2026-05-24 05:34:10] [info] phone-bridge: connected, subscribing to user_registration,user_blf,user_status
[2026-05-24 05:39:40] [warning] phone-bridge: no events for 330s — forcing reconnect
[2026-05-24 05:39:40] [warning] phone-bridge: connection closed (code=1000 reason=)
[2026-05-24 05:39:40] [info] phone-bridge: reconnecting in 1s
[2026-05-24 05:39:41] [info] phone-bridge: connected, subscribing to user_registration,user_blf,user_status
[2026-05-24 05:45:11] [warning] phone-bridge: no events for 330s — forcing reconnect
[2026-05-24 05:45:11] [warning] phone-bridge: connection closed (code=1000 reason=)
[2026-05-24 05:45:11] [info] phone-bridge: reconnecting in 1s
[2026-05-24 05:45:13] [info] phone-bridge: connected, subscribing to user_registration,user_blf,user_status
[2026-05-24 05:50:43] [warning] phone-bridge: no events for 330s — forcing reconnect
[2026-05-24 05:50:43] [warning] phone-bridge: connection closed (code=1000 reason=)
[2026-05-24 05:50:43] [info] phone-bridge: reconnecting in 1s
[2026-05-24 05:50:44] [info] phone-bridge: connected, subscribing to user_registration,user_blf,user_status
[2026-05-24 05:56:14] [warning] phone-bridge: no events for 330s — forcing reconnect
[2026-05-24 05:56:14] [warning] phone-bridge: connection closed (code=1000 reason=)
[2026-05-24 05:56:14] [info] phone-bridge: reconnecting in 1s
[2026-05-24 05:56:16] [info] phone-bridge: connected, subscribing to user_registration,user_blf,user_status
[2026-05-24 06:01:46] [warning] phone-bridge: no events for 330s — forcing reconnect
[2026-05-24 06:01:46] [warning] phone-bridge: connection closed (code=1000 reason=)
[2026-05-24 06:01:46] [info] phone-bridge: reconnecting in 1s
[2026-05-24 06:01:47] [info] phone-bridge: connected, subscribing to user_registration,user_blf,user_status
[2026-05-24 06:07:18] [warning] phone-bridge: no events for 330s — forcing reconnect
[2026-05-24 06:07:18] [warning] phone-bridge: connection closed (code=1000 reason=)
[2026-05-24 06:07:18] [info] phone-bridge: reconnecting in 1s
[2026-05-24 06:07:19] [info] phone-bridge: connected, subscribing to user_registration,user_blf,user_status
[2026-05-24 06:12:49] [warning] phone-bridge: no events for 330s — forcing reconnect
[2026-05-24 06:12:49] [warning] phone-bridge: connection closed (code=1000 reason=)
[2026-05-24 06:12:49] [info] phone-bridge: reconnecting in 1s
[2026-05-24 06:12:51] [info] phone-bridge: connected, subscribing to user_registration,user_blf,user_status
[2026-05-24 06:18:21] [warning] phone-bridge: no events for 330s — forcing reconnect
[2026-05-24 06:18:21] [warning] phone-bridge: connection closed (code=1000 reason=)
[2026-05-24 06:18:21] [info] phone-bridge: reconnecting in 1s
[2026-05-24 06:18:22] [info] phone-bridge: connected, subscribing to user_registration,user_blf,user_status
[2026-05-24 06:23:52] [warning] phone-bridge: no events for 330s — forcing reconnect
[2026-05-24 06:23:52] [warning] phone-bridge: connection closed (code=1000 reason=)
[2026-05-24 06:23:52] [info] phone-bridge: reconnecting in 1s
[2026-05-24 06:23:54] [info] phone-bridge: connected, subscribing to user_registration,user_blf,user_status
[2026-05-24 06:29:24] [warning] phone-bridge: no events for 330s — forcing reconnect
[2026-05-24 06:29:24] [warning] phone-bridge: connection closed (code=1000 reason=)
[2026-05-24 06:29:24] [info] phone-bridge: reconnecting in 1s
[2026-05-24 06:29:25] [info] phone-bridge: connected, subscribing to user_registration,user_blf,user_status
[2026-05-24 06:30:07] [warning] phone-bridge: connection closed (code=1006 reason=Underlying connection closed)
[2026-05-24 06:30:07] [info] phone-bridge: reconnecting in 1s
[2026-05-24 06:30:08] [error] phone-bridge: reconnect failed: Connection to tls://pbx12127.onpbx.ru:3342 failed: Last error for IPv4: Connection to tcp://185.228.89.114:3342 failed: Connection refused (ECONNREFUSED). Previous error for IPv6: DNS query for pbx12127.onpbx.ru (AAAA) did not return a valid answer (NOERROR / NODATA)
[2026-05-24 06:30:08] [info] phone-bridge: reconnecting in 2s
[2026-05-24 06:30:10] [error] phone-bridge: reconnect failed: Connection to tls://pbx12127.onpbx.ru:3342 failed: Last error for IPv4: Connection to tcp://185.228.89.114:3342 failed: Connection refused (ECONNREFUSED). Previous error for IPv6: DNS query for pbx12127.onpbx.ru (AAAA) did not return a valid answer (NOERROR / NODATA)
[2026-05-24 06:30:10] [info] phone-bridge: reconnecting in 4s
[2026-05-24 06:30:14] [error] phone-bridge: reconnect failed: Connection to tls://pbx12127.onpbx.ru:3342 failed: Last error for IPv4: Connection to tcp://185.228.89.114:3342 failed: Connection refused (ECONNREFUSED). Previous error for IPv6: DNS query for pbx12127.onpbx.ru (AAAA) did not return a valid answer (NOERROR / NODATA)
[2026-05-24 06:30:14] [info] phone-bridge: reconnecting in 8s
[2026-05-24 06:30:22] [error] phone-bridge: reconnect failed: Connection to tls://pbx12127.onpbx.ru:3342 failed: Last error for IPv4: Connection to tcp://185.228.89.114:3342 failed: Connection refused (ECONNREFUSED). Previous error for IPv6: DNS query for pbx12127.onpbx.ru (AAAA) did not return a valid answer (NOERROR / NODATA)
[2026-05-24 06:30:22] [info] phone-bridge: reconnecting in 16s
[2026-05-24 06:30:38] [error] phone-bridge: reconnect failed: Connection to tls://pbx12127.onpbx.ru:3342 failed: Last error for IPv4: Connection to tcp://185.228.89.114:3342 failed: Connection refused (ECONNREFUSED). Previous error for IPv6: DNS query for pbx12127.onpbx.ru (AAAA) did not return a valid answer (NOERROR / NODATA)
[2026-05-24 06:30:38] [info] phone-bridge: reconnecting in 30s
[2026-05-24 06:31:08] [error] phone-bridge: reconnect failed: Connection to tls://pbx12127.onpbx.ru:3342 failed: Last error for IPv4: Connection to tcp://185.228.89.114:3342 failed: Connection refused (ECONNREFUSED). Previous error for IPv6: DNS query for pbx12127.onpbx.ru (AAAA) did not return a valid answer (NOERROR / NODATA)
[2026-05-24 06:31:08] [info] phone-bridge: reconnecting in 30s
[2026-05-24 06:31:38] [error] phone-bridge: reconnect failed: Connection to tls://pbx12127.onpbx.ru:3342 failed: Last error for IPv4: Connection to tcp://185.228.89.114:3342 failed: Connection refused (ECONNREFUSED). Previous error for IPv6: DNS query for pbx12127.onpbx.ru (AAAA) did not return a valid answer (NOERROR / NODATA)
[2026-05-24 06:31:38] [info] phone-bridge: reconnecting in 30s
[2026-05-24 06:32:08] [error] phone-bridge: reconnect failed: Connection to tls://pbx12127.onpbx.ru:3342 failed: Last error for IPv4: Connection to tcp://185.228.89.114:3342 failed: Connection refused (ECONNREFUSED). Previous error for IPv6: DNS query for pbx12127.onpbx.ru (AAAA) did not return a valid answer (NOERROR / NODATA)
[2026-05-24 06:32:08] [info] phone-bridge: reconnecting in 30s
[2026-05-24 06:32:39] [error] phone-bridge: reconnect failed: Connection to tls://pbx12127.onpbx.ru:3342 failed: Last error for IPv4: Connection to tcp://185.228.89.114:3342 failed: Connection refused (ECONNREFUSED). Previous error for IPv6: DNS query for pbx12127.onpbx.ru (AAAA) did not return a valid answer (NOERROR / NODATA)
[2026-05-24 06:32:39] [info] phone-bridge: reconnecting in 30s
[2026-05-24 06:33:09] [error] phone-bridge: reconnect failed: Connection to tls://pbx12127.onpbx.ru:3342 failed: Last error for IPv4: Connection to tcp://185.228.89.114:3342 failed: Connection refused (ECONNREFUSED). Previous error for IPv6: DNS query for pbx12127.onpbx.ru (AAAA) did not return a valid answer (NOERROR / NODATA)
[2026-05-24 06:33:09] [info] phone-bridge: reconnecting in 30s
[2026-05-24 06:34:39] [error] phone-bridge: reconnect failed: Connection to tls://pbx12127.onpbx.ru:3342 timed out after 60 seconds (ETIMEDOUT)
[2026-05-24 06:34:39] [info] phone-bridge: reconnecting in 30s
[2026-05-24 06:35:09] [info] phone-bridge: connected, subscribing to user_registration,user_blf,user_status
[2026-05-24 06:40:39] [warning] phone-bridge: no events for 330s — forcing reconnect
[2026-05-24 06:40:39] [warning] phone-bridge: connection closed (code=1000 reason=)
[2026-05-24 06:40:39] [info] phone-bridge: reconnecting in 1s
[2026-05-24 06:40:41] [info] phone-bridge: connected, subscribing to user_registration,user_blf,user_status
[2026-05-24 06:46:11] [warning] phone-bridge: no events for 330s — forcing reconnect
[2026-05-24 06:46:11] [warning] phone-bridge: connection closed (code=1000 reason=)
[2026-05-24 06:46:11] [info] phone-bridge: reconnecting in 1s
[2026-05-24 06:46:12] [info] phone-bridge: connected, subscribing to user_registration,user_blf,user_status
[2026-05-24 06:51:42] [warning] phone-bridge: no events for 330s — forcing reconnect
[2026-05-24 06:51:42] [warning] phone-bridge: connection closed (code=1000 reason=)
[2026-05-24 06:51:42] [info] phone-bridge: reconnecting in 1s
[2026-05-24 06:51:44] [info] phone-bridge: connected, subscribing to user_registration,user_blf,user_status
[2026-05-24 06:57:14] [warning] phone-bridge: no events for 330s — forcing reconnect
[2026-05-24 06:57:14] [warning] phone-bridge: connection closed (code=1000 reason=)
[2026-05-24 06:57:14] [info] phone-bridge: reconnecting in 1s
[2026-05-24 06:57:15] [info] phone-bridge: connected, subscribing to user_registration,user_blf,user_status
[2026-05-24 07:02:45] [warning] phone-bridge: no events for 330s — forcing reconnect
[2026-05-24 07:02:45] [warning] phone-bridge: connection closed (code=1000 reason=)
[2026-05-24 07:02:45] [info] phone-bridge: reconnecting in 1s
[2026-05-24 07:02:47] [info] phone-bridge: connected, subscribing to user_registration,user_blf,user_status
[2026-05-24 07:08:17] [warning] phone-bridge: no events for 330s — forcing reconnect
[2026-05-24 07:08:17] [warning] phone-bridge: connection closed (code=1000 reason=)
[2026-05-24 07:08:17] [info] phone-bridge: reconnecting in 1s
[2026-05-24 07:08:18] [info] phone-bridge: connected, subscribing to user_registration,user_blf,user_status
[2026-05-24 07:13:49] [warning] phone-bridge: no events for 330s — forcing reconnect
[2026-05-24 07:13:49] [warning] phone-bridge: connection closed (code=1000 reason=)
[2026-05-24 07:13:49] [info] phone-bridge: reconnecting in 1s
[2026-05-24 07:13:50] [info] phone-bridge: connected, subscribing to user_registration,user_blf,user_status
[2026-05-24 07:19:20] [warning] phone-bridge: no events for 330s — forcing reconnect
[2026-05-24 07:19:20] [warning] phone-bridge: connection closed (code=1000 reason=)
[2026-05-24 07:19:20] [info] phone-bridge: reconnecting in 1s
[2026-05-24 07:19:21] [info] phone-bridge: connected, subscribing to user_registration,user_blf,user_status
[2026-05-24 07:24:52] [warning] phone-bridge: no events for 330s — forcing reconnect
[2026-05-24 07:24:52] [warning] phone-bridge: connection closed (code=1000 reason=)
[2026-05-24 07:24:52] [info] phone-bridge: reconnecting in 1s
[2026-05-24 07:24:53] [info] phone-bridge: connected, subscribing to user_registration,user_blf,user_status
[2026-05-24 07:30:23] [warning] phone-bridge: no events for 330s — forcing reconnect
[2026-05-24 07:30:23] [warning] phone-bridge: connection closed (code=1000 reason=)
[2026-05-24 07:30:23] [info] phone-bridge: reconnecting in 1s
[2026-05-24 07:30:25] [info] phone-bridge: connected, subscribing to user_registration,user_blf,user_status
[2026-05-24 07:35:55] [warning] phone-bridge: no events for 330s — forcing reconnect
[2026-05-24 07:35:55] [warning] phone-bridge: connection closed (code=1000 reason=)
[2026-05-24 07:35:55] [info] phone-bridge: reconnecting in 1s
[2026-05-24 07:35:56] [info] phone-bridge: connected, subscribing to user_registration,user_blf,user_status
[2026-05-24 07:41:26] [warning] phone-bridge: no events for 330s — forcing reconnect
[2026-05-24 07:41:26] [warning] phone-bridge: connection closed (code=1000 reason=)
[2026-05-24 07:41:26] [info] phone-bridge: reconnecting in 1s
[2026-05-24 07:41:28] [info] phone-bridge: connected, subscribing to user_registration,user_blf,user_status
[2026-05-24 07:46:58] [warning] phone-bridge: no events for 330s — forcing reconnect
[2026-05-24 07:46:58] [warning] phone-bridge: connection closed (code=1000 reason=)
[2026-05-24 07:46:58] [info] phone-bridge: reconnecting in 1s
[2026-05-24 07:46:59] [info] phone-bridge: connected, subscribing to user_registration,user_blf,user_status
[2026-05-24 07:52:29] [warning] phone-bridge: no events for 330s — forcing reconnect
[2026-05-24 07:52:29] [warning] phone-bridge: connection closed (code=1000 reason=)
[2026-05-24 07:52:29] [info] phone-bridge: reconnecting in 1s
[2026-05-24 07:52:31] [info] phone-bridge: connected, subscribing to user_registration,user_blf,user_status
[2026-05-24 19:39:10] [warning] phone-bridge: no events for 320s — forcing reconnect
[2026-05-24 19:39:10] [warning] phone-bridge: connection closed (code=1000 reason=)
[2026-05-24 19:39:10] [info] phone-bridge: reconnecting in 1s
[2026-05-24 19:39:12] [info] phone-bridge: connected, subscribing to user_registration,user_blf,user_status
[2026-05-24 19:45:42] [warning] phone-bridge: no events for 327s — forcing reconnect
[2026-05-24 19:45:42] [warning] phone-bridge: connection closed (code=1000 reason=)
[2026-05-24 19:45:42] [info] phone-bridge: reconnecting in 1s
[2026-05-24 19:45:43] [info] phone-bridge: connected, subscribing to user_registration,user_blf,user_status
[2026-05-24 19:51:13] [warning] phone-bridge: no events for 324s — forcing reconnect
[2026-05-24 19:51:13] [warning] phone-bridge: connection closed (code=1000 reason=)
[2026-05-24 19:51:13] [info] phone-bridge: reconnecting in 1s
[2026-05-24 19:51:14] [info] phone-bridge: connected, subscribing to user_registration,user_blf,user_status
[2026-05-25 00:17:48] [warning] phone-bridge: no events for 306s — forcing reconnect
[2026-05-25 00:17:48] [warning] phone-bridge: connection closed (code=1000 reason=)
[2026-05-25 00:17:48] [info] phone-bridge: reconnecting in 1s
[2026-05-25 00:17:50] [info] phone-bridge: connected, subscribing to user_registration,user_blf,user_status
[2026-05-25 00:23:20] [warning] phone-bridge: no events for 330s — forcing reconnect
[2026-05-25 00:23:20] [warning] phone-bridge: connection closed (code=1000 reason=)
[2026-05-25 00:23:20] [info] phone-bridge: reconnecting in 1s
[2026-05-25 00:23:21] [info] phone-bridge: connected, subscribing to user_registration,user_blf,user_status
[2026-05-25 00:28:51] [warning] phone-bridge: no events for 330s — forcing reconnect
[2026-05-25 00:28:51] [warning] phone-bridge: connection closed (code=1000 reason=)
[2026-05-25 00:28:51] [info] phone-bridge: reconnecting in 1s
[2026-05-25 00:28:53] [info] phone-bridge: connected, subscribing to user_registration,user_blf,user_status
[2026-05-25 00:34:23] [warning] phone-bridge: no events for 330s — forcing reconnect
[2026-05-25 00:34:23] [warning] phone-bridge: connection closed (code=1000 reason=)
[2026-05-25 00:34:23] [info] phone-bridge: reconnecting in 1s
[2026-05-25 00:34:24] [info] phone-bridge: connected, subscribing to user_registration,user_blf,user_status
[2026-05-25 00:39:54] [warning] phone-bridge: no events for 330s — forcing reconnect
[2026-05-25 00:39:54] [warning] phone-bridge: connection closed (code=1000 reason=)
[2026-05-25 00:39:54] [info] phone-bridge: reconnecting in 1s
[2026-05-25 00:39:56] [info] phone-bridge: connected, subscribing to user_registration,user_blf,user_status
[2026-05-25 00:45:26] [warning] phone-bridge: no events for 330s — forcing reconnect
[2026-05-25 00:45:26] [warning] phone-bridge: connection closed (code=1000 reason=)
[2026-05-25 00:45:26] [info] phone-bridge: reconnecting in 1s
[2026-05-25 00:45:27] [info] phone-bridge: connected, subscribing to user_registration,user_blf,user_status
[2026-05-25 00:50:57] [warning] phone-bridge: no events for 330s — forcing reconnect
[2026-05-25 00:50:57] [warning] phone-bridge: connection closed (code=1000 reason=)
[2026-05-25 00:50:57] [info] phone-bridge: reconnecting in 1s
[2026-05-25 00:50:59] [info] phone-bridge: connected, subscribing to user_registration,user_blf,user_status
[2026-05-25 00:56:29] [warning] phone-bridge: no events for 330s — forcing reconnect
[2026-05-25 00:56:29] [warning] phone-bridge: connection closed (code=1000 reason=)
[2026-05-25 00:56:29] [info] phone-bridge: reconnecting in 1s
[2026-05-25 00:56:30] [info] phone-bridge: connected, subscribing to user_registration,user_blf,user_status
[2026-05-25 01:02:00] [warning] phone-bridge: no events for 330s — forcing reconnect
[2026-05-25 01:02:00] [warning] phone-bridge: connection closed (code=1000 reason=)
[2026-05-25 01:02:00] [info] phone-bridge: reconnecting in 1s
[2026-05-25 01:02:02] [info] phone-bridge: connected, subscribing to user_registration,user_blf,user_status
[2026-05-25 01:07:32] [warning] phone-bridge: no events for 330s — forcing reconnect
[2026-05-25 01:07:32] [warning] phone-bridge: connection closed (code=1000 reason=)
[2026-05-25 01:07:32] [info] phone-bridge: reconnecting in 1s
[2026-05-25 01:07:33] [info] phone-bridge: connected, subscribing to user_registration,user_blf,user_status
[2026-05-25 01:13:03] [warning] phone-bridge: no events for 330s — forcing reconnect
[2026-05-25 01:13:03] [warning] phone-bridge: connection closed (code=1000 reason=)
[2026-05-25 01:13:03] [info] phone-bridge: reconnecting in 1s
[2026-05-25 01:13:05] [info] phone-bridge: connected, subscribing to user_registration,user_blf,user_status
[2026-05-25 01:18:35] [warning] phone-bridge: no events for 330s — forcing reconnect
[2026-05-25 01:18:35] [warning] phone-bridge: connection closed (code=1000 reason=)
[2026-05-25 01:18:35] [info] phone-bridge: reconnecting in 1s
[2026-05-25 01:18:36] [info] phone-bridge: connected, subscribing to user_registration,user_blf,user_status
[2026-05-25 01:24:06] [warning] phone-bridge: no events for 330s — forcing reconnect
[2026-05-25 01:24:06] [warning] phone-bridge: connection closed (code=1000 reason=)
[2026-05-25 01:24:06] [info] phone-bridge: reconnecting in 1s
[2026-05-25 01:24:08] [info] phone-bridge: connected, subscribing to user_registration,user_blf,user_status
[2026-05-25 01:29:38] [warning] phone-bridge: no events for 330s — forcing reconnect
[2026-05-25 01:29:38] [warning] phone-bridge: connection closed (code=1000 reason=)
[2026-05-25 01:29:38] [info] phone-bridge: reconnecting in 1s
[2026-05-25 01:29:39] [info] phone-bridge: connected, subscribing to user_registration,user_blf,user_status
[2026-05-25 01:35:09] [warning] phone-bridge: no events for 330s — forcing reconnect
[2026-05-25 01:35:09] [warning] phone-bridge: connection closed (code=1000 reason=)
[2026-05-25 01:35:09] [info] phone-bridge: reconnecting in 1s
[2026-05-25 01:35:11] [info] phone-bridge: connected, subscribing to user_registration,user_blf,user_status
[2026-05-25 01:40:41] [warning] phone-bridge: no events for 330s — forcing reconnect
[2026-05-25 01:40:41] [warning] phone-bridge: connection closed (code=1000 reason=)
[2026-05-25 01:40:41] [info] phone-bridge: reconnecting in 1s
[2026-05-25 01:40:43] [info] phone-bridge: connected, subscribing to user_registration,user_blf,user_status
[2026-05-25 01:46:13] [warning] phone-bridge: no events for 330s — forcing reconnect
[2026-05-25 01:46:13] [warning] phone-bridge: connection closed (code=1000 reason=)
[2026-05-25 01:46:13] [info] phone-bridge: reconnecting in 1s
[2026-05-25 01:46:14] [info] phone-bridge: connected, subscribing to user_registration,user_blf,user_status
[2026-05-25 01:51:44] [warning] phone-bridge: no events for 330s — forcing reconnect
[2026-05-25 01:51:44] [warning] phone-bridge: connection closed (code=1000 reason=)
[2026-05-25 01:51:44] [info] phone-bridge: reconnecting in 1s
[2026-05-25 01:51:46] [info] phone-bridge: connected, subscribing to user_registration,user_blf,user_status
[2026-05-25 01:57:16] [warning] phone-bridge: no events for 330s — forcing reconnect
[2026-05-25 01:57:16] [warning] phone-bridge: connection closed (code=1000 reason=)
[2026-05-25 01:57:16] [info] phone-bridge: reconnecting in 1s
[2026-05-25 01:57:17] [info] phone-bridge: connected, subscribing to user_registration,user_blf,user_status
[2026-05-25 02:02:47] [warning] phone-bridge: no events for 330s — forcing reconnect
[2026-05-25 02:02:47] [warning] phone-bridge: connection closed (code=1000 reason=)
[2026-05-25 02:02:47] [info] phone-bridge: reconnecting in 1s
[2026-05-25 02:02:49] [info] phone-bridge: connected, subscribing to user_registration,user_blf,user_status
[2026-05-25 02:08:19] [warning] phone-bridge: no events for 330s — forcing reconnect
[2026-05-25 02:08:19] [warning] phone-bridge: connection closed (code=1000 reason=)
[2026-05-25 02:08:19] [info] phone-bridge: reconnecting in 1s
[2026-05-25 02:08:20] [info] phone-bridge: connected, subscribing to user_registration,user_blf,user_status
[2026-05-25 02:13:50] [warning] phone-bridge: no events for 330s — forcing reconnect
[2026-05-25 02:13:50] [warning] phone-bridge: connection closed (code=1000 reason=)
[2026-05-25 02:13:50] [info] phone-bridge: reconnecting in 1s
[2026-05-25 02:13:52] [info] phone-bridge: connected, subscribing to user_registration,user_blf,user_status
[2026-05-25 02:19:22] [warning] phone-bridge: no events for 330s — forcing reconnect
[2026-05-25 02:19:22] [warning] phone-bridge: connection closed (code=1000 reason=)
[2026-05-25 02:19:22] [info] phone-bridge: reconnecting in 1s
[2026-05-25 02:19:23] [info] phone-bridge: connected, subscribing to user_registration,user_blf,user_status
[2026-05-25 02:24:53] [warning] phone-bridge: no events for 330s — forcing reconnect
[2026-05-25 02:24:53] [warning] phone-bridge: connection closed (code=1000 reason=)
[2026-05-25 02:24:53] [info] phone-bridge: reconnecting in 1s
[2026-05-25 02:24:55] [info] phone-bridge: connected, subscribing to user_registration,user_blf,user_status
[2026-05-25 02:30:25] [warning] phone-bridge: no events for 330s — forcing reconnect
[2026-05-25 02:30:25] [warning] phone-bridge: connection closed (code=1000 reason=)
[2026-05-25 02:30:25] [info] phone-bridge: reconnecting in 1s
[2026-05-25 02:30:26] [info] phone-bridge: connected, subscribing to user_registration,user_blf,user_status
[2026-05-25 02:35:56] [warning] phone-bridge: no events for 330s — forcing reconnect
[2026-05-25 02:35:56] [warning] phone-bridge: connection closed (code=1000 reason=)
[2026-05-25 02:35:56] [info] phone-bridge: reconnecting in 1s
[2026-05-25 02:35:58] [info] phone-bridge: connected, subscribing to user_registration,user_blf,user_status
[2026-05-25 02:41:28] [warning] phone-bridge: no events for 330s — forcing reconnect
[2026-05-25 02:41:28] [warning] phone-bridge: connection closed (code=1000 reason=)
[2026-05-25 02:41:28] [info] phone-bridge: reconnecting in 1s
[2026-05-25 02:41:29] [info] phone-bridge: connected, subscribing to user_registration,user_blf,user_status
[2026-05-25 02:46:59] [warning] phone-bridge: no events for 330s — forcing reconnect
[2026-05-25 02:46:59] [warning] phone-bridge: connection closed (code=1000 reason=)
[2026-05-25 02:46:59] [info] phone-bridge: reconnecting in 1s
[2026-05-25 02:47:01] [info] phone-bridge: connected, subscribing to user_registration,user_blf,user_status
[2026-05-25 02:52:31] [warning] phone-bridge: no events for 330s — forcing reconnect
[2026-05-25 02:52:31] [warning] phone-bridge: connection closed (code=1000 reason=)
[2026-05-25 02:52:31] [info] phone-bridge: reconnecting in 1s
[2026-05-25 02:52:32] [info] phone-bridge: connected, subscribing to user_registration,user_blf,user_status
[2026-05-25 02:58:02] [warning] phone-bridge: no events for 330s — forcing reconnect
[2026-05-25 02:58:02] [warning] phone-bridge: connection closed (code=1000 reason=)
[2026-05-25 02:58:02] [info] phone-bridge: reconnecting in 1s
[2026-05-25 02:58:04] [info] phone-bridge: connected, subscribing to user_registration,user_blf,user_status
[2026-05-25 03:03:34] [warning] phone-bridge: no events for 330s — forcing reconnect
[2026-05-25 03:03:34] [warning] phone-bridge: connection closed (code=1000 reason=)
[2026-05-25 03:03:34] [info] phone-bridge: reconnecting in 1s
[2026-05-25 03:03:35] [info] phone-bridge: connected, subscribing to user_registration,user_blf,user_status
[2026-05-25 03:08:36] [warning] phone-bridge: no events for 301s — forcing reconnect
[2026-05-25 03:08:36] [warning] phone-bridge: connection closed (code=1000 reason=)
[2026-05-25 03:08:36] [info] phone-bridge: reconnecting in 1s
[2026-05-25 03:08:37] [info] phone-bridge: connected, subscribing to user_registration,user_blf,user_status
[2026-05-25 03:14:07] [warning] phone-bridge: no events for 330s — forcing reconnect
[2026-05-25 03:14:07] [warning] phone-bridge: connection closed (code=1000 reason=)
[2026-05-25 03:14:07] [info] phone-bridge: reconnecting in 1s
[2026-05-25 03:14:09] [info] phone-bridge: connected, subscribing to user_registration,user_blf,user_status
[2026-05-25 03:19:39] [warning] phone-bridge: no events for 330s — forcing reconnect
[2026-05-25 03:19:39] [warning] phone-bridge: connection closed (code=1000 reason=)
[2026-05-25 03:19:39] [info] phone-bridge: reconnecting in 1s
[2026-05-25 03:19:40] [info] phone-bridge: connected, subscribing to user_registration,user_blf,user_status
[2026-05-25 03:25:10] [warning] phone-bridge: no events for 330s — forcing reconnect
[2026-05-25 03:25:10] [warning] phone-bridge: connection closed (code=1000 reason=)
[2026-05-25 03:25:10] [info] phone-bridge: reconnecting in 1s
[2026-05-25 03:25:12] [info] phone-bridge: connected, subscribing to user_registration,user_blf,user_status
[2026-05-25 03:30:42] [warning] phone-bridge: no events for 330s — forcing reconnect
[2026-05-25 03:30:42] [warning] phone-bridge: connection closed (code=1000 reason=)
[2026-05-25 03:30:42] [info] phone-bridge: reconnecting in 1s
[2026-05-25 03:30:43] [info] phone-bridge: connected, subscribing to user_registration,user_blf,user_status
[2026-05-25 03:36:14] [warning] phone-bridge: no events for 330s — forcing reconnect
[2026-05-25 03:36:14] [warning] phone-bridge: connection closed (code=1000 reason=)
[2026-05-25 03:36:14] [info] phone-bridge: reconnecting in 1s
[2026-05-25 03:36:15] [info] phone-bridge: connected, subscribing to user_registration,user_blf,user_status
[2026-05-25 03:41:45] [warning] phone-bridge: no events for 330s — forcing reconnect
[2026-05-25 03:41:45] [warning] phone-bridge: connection closed (code=1000 reason=)
[2026-05-25 03:41:45] [info] phone-bridge: reconnecting in 1s
[2026-05-25 03:41:46] [info] phone-bridge: connected, subscribing to user_registration,user_blf,user_status
[2026-05-25 03:47:17] [warning] phone-bridge: no events for 330s — forcing reconnect
[2026-05-25 03:47:17] [warning] phone-bridge: connection closed (code=1000 reason=)
[2026-05-25 03:47:17] [info] phone-bridge: reconnecting in 1s
[2026-05-25 03:47:18] [info] phone-bridge: connected, subscribing to user_registration,user_blf,user_status
[2026-05-25 03:52:48] [warning] phone-bridge: no events for 330s — forcing reconnect
[2026-05-25 03:52:48] [warning] phone-bridge: connection closed (code=1000 reason=)
[2026-05-25 03:52:48] [info] phone-bridge: reconnecting in 1s
[2026-05-25 03:52:50] [info] phone-bridge: connected, subscribing to user_registration,user_blf,user_status
[2026-05-25 03:58:20] [warning] phone-bridge: no events for 330s — forcing reconnect
[2026-05-25 03:58:20] [warning] phone-bridge: connection closed (code=1000 reason=)
[2026-05-25 03:58:20] [info] phone-bridge: reconnecting in 1s
[2026-05-25 03:58:21] [info] phone-bridge: connected, subscribing to user_registration,user_blf,user_status
[2026-05-25 04:03:51] [warning] phone-bridge: no events for 330s — forcing reconnect
[2026-05-25 04:03:51] [warning] phone-bridge: connection closed (code=1000 reason=)
[2026-05-25 04:03:51] [info] phone-bridge: reconnecting in 1s
[2026-05-25 04:03:53] [info] phone-bridge: connected, subscribing to user_registration,user_blf,user_status
[2026-05-25 04:09:23] [warning] phone-bridge: no events for 330s — forcing reconnect
[2026-05-25 04:09:23] [warning] phone-bridge: connection closed (code=1000 reason=)
[2026-05-25 04:09:23] [info] phone-bridge: reconnecting in 1s
[2026-05-25 04:09:24] [info] phone-bridge: connected, subscribing to user_registration,user_blf,user_status
[2026-05-25 04:14:54] [warning] phone-bridge: no events for 330s — forcing reconnect
[2026-05-25 04:14:54] [warning] phone-bridge: connection closed (code=1000 reason=)
[2026-05-25 04:14:54] [info] phone-bridge: reconnecting in 1s
[2026-05-25 04:14:56] [info] phone-bridge: connected, subscribing to user_registration,user_blf,user_status
[2026-05-25 04:20:26] [warning] phone-bridge: no events for 330s — forcing reconnect
[2026-05-25 04:20:26] [warning] phone-bridge: connection closed (code=1000 reason=)
[2026-05-25 04:20:26] [info] phone-bridge: reconnecting in 1s
[2026-05-25 04:20:27] [info] phone-bridge: connected, subscribing to user_registration,user_blf,user_status
[2026-05-25 04:25:57] [warning] phone-bridge: no events for 330s — forcing reconnect
[2026-05-25 04:25:57] [warning] phone-bridge: connection closed (code=1000 reason=)
[2026-05-25 04:25:57] [info] phone-bridge: reconnecting in 1s
[2026-05-25 04:25:59] [info] phone-bridge: connected, subscribing to user_registration,user_blf,user_status
[2026-05-25 04:31:29] [warning] phone-bridge: no events for 330s — forcing reconnect
[2026-05-25 04:31:29] [warning] phone-bridge: connection closed (code=1000 reason=)
[2026-05-25 04:31:29] [info] phone-bridge: reconnecting in 1s
[2026-05-25 04:31:30] [info] phone-bridge: connected, subscribing to user_registration,user_blf,user_status
[2026-05-25 04:37:00] [warning] phone-bridge: no events for 330s — forcing reconnect
[2026-05-25 04:37:00] [warning] phone-bridge: connection closed (code=1000 reason=)
[2026-05-25 04:37:00] [info] phone-bridge: reconnecting in 1s
[2026-05-25 04:37:02] [info] phone-bridge: connected, subscribing to user_registration,user_blf,user_status
[2026-05-25 04:42:32] [warning] phone-bridge: no events for 330s — forcing reconnect
[2026-05-25 04:42:32] [warning] phone-bridge: connection closed (code=1000 reason=)
[2026-05-25 04:42:32] [info] phone-bridge: reconnecting in 1s
[2026-05-25 04:42:33] [info] phone-bridge: connected, subscribing to user_registration,user_blf,user_status
[2026-05-25 04:48:03] [warning] phone-bridge: no events for 330s — forcing reconnect
[2026-05-25 04:48:03] [warning] phone-bridge: connection closed (code=1000 reason=)
[2026-05-25 04:48:03] [info] phone-bridge: reconnecting in 1s
[2026-05-25 04:48:05] [info] phone-bridge: connected, subscribing to user_registration,user_blf,user_status
[2026-05-25 04:53:35] [warning] phone-bridge: no events for 330s — forcing reconnect
[2026-05-25 04:53:35] [warning] phone-bridge: connection closed (code=1000 reason=)
[2026-05-25 04:53:35] [info] phone-bridge: reconnecting in 1s
[2026-05-25 04:53:36] [info] phone-bridge: connected, subscribing to user_registration,user_blf,user_status
[2026-05-25 04:59:06] [warning] phone-bridge: no events for 330s — forcing reconnect
[2026-05-25 04:59:06] [warning] phone-bridge: connection closed (code=1000 reason=)
[2026-05-25 04:59:06] [info] phone-bridge: reconnecting in 1s
[2026-05-25 04:59:08] [info] phone-bridge: connected, subscribing to user_registration,user_blf,user_status
[2026-05-25 05:04:38] [warning] phone-bridge: no events for 330s — forcing reconnect
[2026-05-25 05:04:38] [warning] phone-bridge: connection closed (code=1000 reason=)
[2026-05-25 05:04:38] [info] phone-bridge: reconnecting in 1s
[2026-05-25 05:04:39] [info] phone-bridge: connected, subscribing to user_registration,user_blf,user_status
[2026-05-25 05:10:09] [warning] phone-bridge: no events for 330s — forcing reconnect
[2026-05-25 05:10:09] [warning] phone-bridge: connection closed (code=1000 reason=)
[2026-05-25 05:10:09] [info] phone-bridge: reconnecting in 1s
[2026-05-25 05:10:11] [info] phone-bridge: connected, subscribing to user_registration,user_blf,user_status
[2026-05-25 05:15:41] [warning] phone-bridge: no events for 330s — forcing reconnect
[2026-05-25 05:15:41] [warning] phone-bridge: connection closed (code=1000 reason=)
[2026-05-25 05:15:41] [info] phone-bridge: reconnecting in 1s
[2026-05-25 05:15:42] [info] phone-bridge: connected, subscribing to user_registration,user_blf,user_status
[2026-05-25 05:21:12] [warning] phone-bridge: no events for 330s — forcing reconnect
[2026-05-25 05:21:12] [warning] phone-bridge: connection closed (code=1000 reason=)
[2026-05-25 05:21:12] [info] phone-bridge: reconnecting in 1s
[2026-05-25 05:21:14] [info] phone-bridge: connected, subscribing to user_registration,user_blf,user_status
[2026-05-25 05:26:44] [warning] phone-bridge: no events for 330s — forcing reconnect
[2026-05-25 05:26:44] [warning] phone-bridge: connection closed (code=1000 reason=)
[2026-05-25 05:26:44] [info] phone-bridge: reconnecting in 1s
[2026-05-25 05:26:45] [info] phone-bridge: connected, subscribing to user_registration,user_blf,user_status
[2026-05-25 05:32:15] [warning] phone-bridge: no events for 330s — forcing reconnect
[2026-05-25 05:32:15] [warning] phone-bridge: connection closed (code=1000 reason=)
[2026-05-25 05:32:15] [info] phone-bridge: reconnecting in 1s
[2026-05-25 05:32:17] [info] phone-bridge: connected, subscribing to user_registration,user_blf,user_status
[2026-05-25 05:37:47] [warning] phone-bridge: no events for 330s — forcing reconnect
[2026-05-25 05:37:47] [warning] phone-bridge: connection closed (code=1000 reason=)
[2026-05-25 05:37:47] [info] phone-bridge: reconnecting in 1s
[2026-05-25 05:37:48] [info] phone-bridge: connected, subscribing to user_registration,user_blf,user_status
[2026-05-25 05:43:18] [warning] phone-bridge: no events for 330s — forcing reconnect
[2026-05-25 05:43:18] [warning] phone-bridge: connection closed (code=1000 reason=)
[2026-05-25 05:43:18] [info] phone-bridge: reconnecting in 1s
[2026-05-25 05:43:20] [info] phone-bridge: connected, subscribing to user_registration,user_blf,user_status
[2026-05-25 05:48:50] [warning] phone-bridge: no events for 330s — forcing reconnect
[2026-05-25 05:48:50] [warning] phone-bridge: connection closed (code=1000 reason=)
[2026-05-25 05:48:50] [info] phone-bridge: reconnecting in 1s
[2026-05-25 05:48:51] [info] phone-bridge: connected, subscribing to user_registration,user_blf,user_status
[2026-05-25 05:54:21] [warning] phone-bridge: no events for 330s — forcing reconnect
[2026-05-25 05:54:21] [warning] phone-bridge: connection closed (code=1000 reason=)
[2026-05-25 05:54:21] [info] phone-bridge: reconnecting in 1s
[2026-05-25 05:54:23] [info] phone-bridge: connected, subscribing to user_registration,user_blf,user_status
[2026-05-25 05:59:53] [warning] phone-bridge: no events for 330s — forcing reconnect
[2026-05-25 05:59:53] [warning] phone-bridge: connection closed (code=1000 reason=)
[2026-05-25 05:59:53] [info] phone-bridge: reconnecting in 1s
[2026-05-25 05:59:54] [info] phone-bridge: connected, subscribing to user_registration,user_blf,user_status
[2026-05-25 06:05:24] [warning] phone-bridge: no events for 330s — forcing reconnect
[2026-05-25 06:05:24] [warning] phone-bridge: connection closed (code=1000 reason=)
[2026-05-25 06:05:24] [info] phone-bridge: reconnecting in 1s
[2026-05-25 06:05:26] [info] phone-bridge: connected, subscribing to user_registration,user_blf,user_status
[2026-05-25 06:10:56] [warning] phone-bridge: no events for 330s — forcing reconnect
[2026-05-25 06:10:56] [warning] phone-bridge: connection closed (code=1000 reason=)
[2026-05-25 06:10:56] [info] phone-bridge: reconnecting in 1s
[2026-05-25 06:10:57] [info] phone-bridge: connected, subscribing to user_registration,user_blf,user_status
[2026-05-25 06:15:58] [warning] phone-bridge: no events for 301s — forcing reconnect
[2026-05-25 06:15:58] [warning] phone-bridge: connection closed (code=1000 reason=)
[2026-05-25 06:15:58] [info] phone-bridge: reconnecting in 1s
[2026-05-25 06:15:59] [info] phone-bridge: connected, subscribing to user_registration,user_blf,user_status
[2026-05-25 06:21:29] [warning] phone-bridge: no events for 330s — forcing reconnect
[2026-05-25 06:21:29] [warning] phone-bridge: connection closed (code=1000 reason=)
[2026-05-25 06:21:29] [info] phone-bridge: reconnecting in 1s
[2026-05-25 06:21:31] [info] phone-bridge: connected, subscribing to user_registration,user_blf,user_status
[2026-05-25 06:27:01] [warning] phone-bridge: no events for 330s — forcing reconnect
[2026-05-25 06:27:01] [warning] phone-bridge: connection closed (code=1000 reason=)
[2026-05-25 06:27:01] [info] phone-bridge: reconnecting in 1s
[2026-05-25 06:27:02] [info] phone-bridge: connected, subscribing to user_registration,user_blf,user_status
[2026-05-25 06:32:32] [warning] phone-bridge: no events for 330s — forcing reconnect
[2026-05-25 06:32:32] [warning] phone-bridge: connection closed (code=1000 reason=)
[2026-05-25 06:32:32] [info] phone-bridge: reconnecting in 1s
[2026-05-25 06:32:33] [info] phone-bridge: connected, subscribing to user_registration,user_blf,user_status
[2026-05-25 06:38:04] [warning] phone-bridge: no events for 330s — forcing reconnect
[2026-05-25 06:38:04] [warning] phone-bridge: connection closed (code=1000 reason=)
[2026-05-25 06:38:04] [info] phone-bridge: reconnecting in 1s
[2026-05-25 06:38:05] [info] phone-bridge: connected, subscribing to user_registration,user_blf,user_status
[2026-05-25 06:43:35] [warning] phone-bridge: no events for 330s — forcing reconnect
[2026-05-25 06:43:35] [warning] phone-bridge: connection closed (code=1000 reason=)
[2026-05-25 06:43:35] [info] phone-bridge: reconnecting in 1s
[2026-05-25 06:43:37] [info] phone-bridge: connected, subscribing to user_registration,user_blf,user_status
[2026-05-25 06:49:07] [warning] phone-bridge: no events for 330s — forcing reconnect
[2026-05-25 06:49:07] [warning] phone-bridge: connection closed (code=1000 reason=)
[2026-05-25 06:49:07] [info] phone-bridge: reconnecting in 1s
[2026-05-25 06:49:08] [info] phone-bridge: connected, subscribing to user_registration,user_blf,user_status
[2026-05-25 06:54:38] [warning] phone-bridge: no events for 330s — forcing reconnect
[2026-05-25 06:54:38] [warning] phone-bridge: connection closed (code=1000 reason=)
[2026-05-25 06:54:38] [info] phone-bridge: reconnecting in 1s
[2026-05-25 06:54:39] [info] phone-bridge: connected, subscribing to user_registration,user_blf,user_status
[2026-05-25 07:00:10] [warning] phone-bridge: no events for 330s — forcing reconnect
[2026-05-25 07:00:10] [warning] phone-bridge: connection closed (code=1000 reason=)
[2026-05-25 07:00:10] [info] phone-bridge: reconnecting in 1s
[2026-05-25 07:00:11] [info] phone-bridge: connected, subscribing to user_registration,user_blf,user_status
[2026-05-25 07:05:41] [warning] phone-bridge: no events for 330s — forcing reconnect
[2026-05-25 07:05:41] [warning] phone-bridge: connection closed (code=1000 reason=)
[2026-05-25 07:05:41] [info] phone-bridge: reconnecting in 1s
[2026-05-25 07:05:43] [info] phone-bridge: connected, subscribing to user_registration,user_blf,user_status
[2026-05-25 07:11:13] [warning] phone-bridge: no events for 330s — forcing reconnect
[2026-05-25 07:11:13] [warning] phone-bridge: connection closed (code=1000 reason=)
[2026-05-25 07:11:13] [info] phone-bridge: reconnecting in 1s
[2026-05-25 07:11:14] [info] phone-bridge: connected, subscribing to user_registration,user_blf,user_status
[2026-05-25 07:16:44] [warning] phone-bridge: no events for 330s — forcing reconnect
[2026-05-25 07:16:44] [warning] phone-bridge: connection closed (code=1000 reason=)
[2026-05-25 07:16:44] [info] phone-bridge: reconnecting in 1s
[2026-05-25 07:16:46] [info] phone-bridge: connected, subscribing to user_registration,user_blf,user_status
[2026-05-25 07:22:16] [warning] phone-bridge: no events for 330s — forcing reconnect
[2026-05-25 07:22:16] [warning] phone-bridge: connection closed (code=1000 reason=)
[2026-05-25 07:22:16] [info] phone-bridge: reconnecting in 1s
[2026-05-25 07:22:17] [info] phone-bridge: connected, subscribing to user_registration,user_blf,user_status
[2026-05-25 07:27:47] [warning] phone-bridge: no events for 330s — forcing reconnect
[2026-05-25 07:27:47] [warning] phone-bridge: connection closed (code=1000 reason=)
[2026-05-25 07:27:47] [info] phone-bridge: reconnecting in 1s
[2026-05-25 07:27:49] [info] phone-bridge: connected, subscribing to user_registration,user_blf,user_status
[2026-05-25 20:38:28] [warning] phone-bridge: no events for 320s — forcing reconnect
[2026-05-25 20:38:28] [warning] phone-bridge: connection closed (code=1000 reason=)
[2026-05-25 20:38:28] [info] phone-bridge: reconnecting in 1s
[2026-05-25 20:38:29] [info] phone-bridge: connected, subscribing to user_registration,user_blf,user_status
[2026-05-25 20:47:30] [warning] phone-bridge: no events for 322s — forcing reconnect
[2026-05-25 20:47:30] [warning] phone-bridge: connection closed (code=1000 reason=)
[2026-05-25 20:47:30] [info] phone-bridge: reconnecting in 1s
[2026-05-25 20:47:31] [info] phone-bridge: connected, subscribing to user_registration,user_blf,user_status
[2026-05-25 20:56:31] [warning] phone-bridge: no events for 323s — forcing reconnect
[2026-05-25 20:56:31] [warning] phone-bridge: connection closed (code=1000 reason=)
[2026-05-25 20:56:31] [info] phone-bridge: reconnecting in 1s
[2026-05-25 20:56:33] [info] phone-bridge: connected, subscribing to user_registration,user_blf,user_status
[2026-05-25 21:06:03] [warning] phone-bridge: no events for 310s — forcing reconnect
[2026-05-25 21:06:03] [warning] phone-bridge: connection closed (code=1000 reason=)
[2026-05-25 21:06:03] [info] phone-bridge: reconnecting in 1s
[2026-05-25 21:06:04] [info] phone-bridge: connected, subscribing to user_registration,user_blf,user_status
[2026-05-25 21:21:04] [warning] phone-bridge: no events for 316s — forcing reconnect
[2026-05-25 21:21:04] [warning] phone-bridge: connection closed (code=1000 reason=)
[2026-05-25 21:21:04] [info] phone-bridge: reconnecting in 1s
[2026-05-25 21:21:06] [info] phone-bridge: connected, subscribing to user_registration,user_blf,user_status
[2026-05-25 21:33:36] [warning] phone-bridge: no events for 308s — forcing reconnect
[2026-05-25 21:33:36] [warning] phone-bridge: connection closed (code=1000 reason=)
[2026-05-25 21:33:36] [info] phone-bridge: reconnecting in 1s
[2026-05-25 21:33:37] [info] phone-bridge: connected, subscribing to user_registration,user_blf,user_status
[2026-05-25 21:44:38] [warning] phone-bridge: no events for 318s — forcing reconnect
[2026-05-25 21:44:38] [warning] phone-bridge: connection closed (code=1000 reason=)
[2026-05-25 21:44:38] [info] phone-bridge: reconnecting in 1s
[2026-05-25 21:44:39] [info] phone-bridge: connected, subscribing to user_registration,user_blf,user_status
[2026-05-25 21:51:39] [warning] phone-bridge: no events for 328s — forcing reconnect
[2026-05-25 21:51:39] [warning] phone-bridge: connection closed (code=1000 reason=)
[2026-05-25 21:51:39] [info] phone-bridge: reconnecting in 1s
[2026-05-25 21:51:41] [info] phone-bridge: connected, subscribing to user_registration,user_blf,user_status
[2026-05-25 22:00:41] [warning] phone-bridge: no events for 329s — forcing reconnect
[2026-05-25 22:00:41] [warning] phone-bridge: connection closed (code=1000 reason=)
[2026-05-25 22:00:41] [info] phone-bridge: reconnecting in 1s
[2026-05-25 22:00:42] [info] phone-bridge: connected, subscribing to user_registration,user_blf,user_status
[2026-05-25 22:16:42] [warning] phone-bridge: no events for 329s — forcing reconnect
[2026-05-25 22:16:42] [warning] phone-bridge: connection closed (code=1000 reason=)
[2026-05-25 22:16:42] [info] phone-bridge: reconnecting in 1s
[2026-05-25 22:16:44] [info] phone-bridge: connected, subscribing to user_registration,user_blf,user_status
[2026-05-26 00:18:16] [warning] phone-bridge: no events for 312s — forcing reconnect
[2026-05-26 00:18:16] [warning] phone-bridge: connection closed (code=1000 reason=)
[2026-05-26 00:18:16] [info] phone-bridge: reconnecting in 1s
[2026-05-26 00:18:17] [info] phone-bridge: connected, subscribing to user_registration,user_blf,user_status
[2026-05-26 00:23:47] [warning] phone-bridge: no events for 330s — forcing reconnect
[2026-05-26 00:23:47] [warning] phone-bridge: connection closed (code=1000 reason=)
[2026-05-26 00:23:47] [info] phone-bridge: reconnecting in 1s
[2026-05-26 00:23:49] [info] phone-bridge: connected, subscribing to user_registration,user_blf,user_status
[2026-05-26 00:29:19] [warning] phone-bridge: no events for 330s — forcing reconnect
[2026-05-26 00:29:19] [warning] phone-bridge: connection closed (code=1000 reason=)
[2026-05-26 00:29:19] [info] phone-bridge: reconnecting in 1s
[2026-05-26 00:29:20] [info] phone-bridge: connected, subscribing to user_registration,user_blf,user_status
[2026-05-26 00:34:50] [warning] phone-bridge: no events for 330s — forcing reconnect
[2026-05-26 00:34:50] [warning] phone-bridge: connection closed (code=1000 reason=)
[2026-05-26 00:34:50] [info] phone-bridge: reconnecting in 1s
[2026-05-26 00:34:52] [info] phone-bridge: connected, subscribing to user_registration,user_blf,user_status
[2026-05-26 00:40:22] [warning] phone-bridge: no events for 330s — forcing reconnect
[2026-05-26 00:40:22] [warning] phone-bridge: connection closed (code=1000 reason=)
[2026-05-26 00:40:22] [info] phone-bridge: reconnecting in 1s
[2026-05-26 00:40:23] [info] phone-bridge: connected, subscribing to user_registration,user_blf,user_status
[2026-05-26 00:45:53] [warning] phone-bridge: no events for 330s — forcing reconnect
[2026-05-26 00:45:53] [warning] phone-bridge: connection closed (code=1000 reason=)
[2026-05-26 00:45:53] [info] phone-bridge: reconnecting in 1s
[2026-05-26 00:45:55] [info] phone-bridge: connected, subscribing to user_registration,user_blf,user_status
[2026-05-26 00:51:25] [warning] phone-bridge: no events for 330s — forcing reconnect
[2026-05-26 00:51:25] [warning] phone-bridge: connection closed (code=1000 reason=)
[2026-05-26 00:51:25] [info] phone-bridge: reconnecting in 1s
[2026-05-26 00:51:27] [info] phone-bridge: connected, subscribing to user_registration,user_blf,user_status
[2026-05-26 00:56:57] [warning] phone-bridge: no events for 330s — forcing reconnect
[2026-05-26 00:56:57] [warning] phone-bridge: connection closed (code=1000 reason=)
[2026-05-26 00:56:57] [info] phone-bridge: reconnecting in 1s
[2026-05-26 00:56:58] [info] phone-bridge: connected, subscribing to user_registration,user_blf,user_status
[2026-05-26 01:02:28] [warning] phone-bridge: no events for 330s — forcing reconnect
[2026-05-26 01:02:28] [warning] phone-bridge: connection closed (code=1000 reason=)
[2026-05-26 01:02:28] [info] phone-bridge: reconnecting in 1s
[2026-05-26 01:02:30] [info] phone-bridge: connected, subscribing to user_registration,user_blf,user_status
[2026-05-26 01:08:00] [warning] phone-bridge: no events for 330s — forcing reconnect
[2026-05-26 01:08:00] [warning] phone-bridge: connection closed (code=1000 reason=)
[2026-05-26 01:08:00] [info] phone-bridge: reconnecting in 1s
[2026-05-26 01:08:01] [info] phone-bridge: connected, subscribing to user_registration,user_blf,user_status
[2026-05-26 01:13:31] [warning] phone-bridge: no events for 330s — forcing reconnect
[2026-05-26 01:13:31] [warning] phone-bridge: connection closed (code=1000 reason=)
[2026-05-26 01:13:31] [info] phone-bridge: reconnecting in 1s
[2026-05-26 01:13:33] [info] phone-bridge: connected, subscribing to user_registration,user_blf,user_status
[2026-05-26 01:19:03] [warning] phone-bridge: no events for 330s — forcing reconnect
[2026-05-26 01:19:03] [warning] phone-bridge: connection closed (code=1000 reason=)
[2026-05-26 01:19:03] [info] phone-bridge: reconnecting in 1s
[2026-05-26 01:19:04] [info] phone-bridge: connected, subscribing to user_registration,user_blf,user_status
[2026-05-26 01:24:34] [warning] phone-bridge: no events for 330s — forcing reconnect
[2026-05-26 01:24:34] [warning] phone-bridge: connection closed (code=1000 reason=)
[2026-05-26 01:24:34] [info] phone-bridge: reconnecting in 1s
[2026-05-26 01:24:36] [info] phone-bridge: connected, subscribing to user_registration,user_blf,user_status
[2026-05-26 01:30:06] [warning] phone-bridge: no events for 330s — forcing reconnect
[2026-05-26 01:30:06] [warning] phone-bridge: connection closed (code=1000 reason=)
[2026-05-26 01:30:06] [info] phone-bridge: reconnecting in 1s
[2026-05-26 01:30:07] [info] phone-bridge: connected, subscribing to user_registration,user_blf,user_status
[2026-05-26 01:35:37] [warning] phone-bridge: no events for 330s — forcing reconnect
[2026-05-26 01:35:37] [warning] phone-bridge: connection closed (code=1000 reason=)
[2026-05-26 01:35:37] [info] phone-bridge: reconnecting in 1s
[2026-05-26 01:35:39] [info] phone-bridge: connected, subscribing to user_registration,user_blf,user_status
[2026-05-26 01:41:09] [warning] phone-bridge: no events for 330s — forcing reconnect
[2026-05-26 01:41:09] [warning] phone-bridge: connection closed (code=1000 reason=)
[2026-05-26 01:41:09] [info] phone-bridge: reconnecting in 1s
[2026-05-26 01:41:10] [info] phone-bridge: connected, subscribing to user_registration,user_blf,user_status
[2026-05-26 01:46:40] [warning] phone-bridge: no events for 330s — forcing reconnect
[2026-05-26 01:46:40] [warning] phone-bridge: connection closed (code=1000 reason=)
[2026-05-26 01:46:40] [info] phone-bridge: reconnecting in 1s
[2026-05-26 01:46:42] [info] phone-bridge: connected, subscribing to user_registration,user_blf,user_status
[2026-05-26 01:52:12] [warning] phone-bridge: no events for 330s — forcing reconnect
[2026-05-26 01:52:12] [warning] phone-bridge: connection closed (code=1000 reason=)
[2026-05-26 01:52:12] [info] phone-bridge: reconnecting in 1s
[2026-05-26 01:52:13] [info] phone-bridge: connected, subscribing to user_registration,user_blf,user_status
[2026-05-26 01:57:43] [warning] phone-bridge: no events for 330s — forcing reconnect
[2026-05-26 01:57:43] [warning] phone-bridge: connection closed (code=1000 reason=)
[2026-05-26 01:57:43] [info] phone-bridge: reconnecting in 1s
[2026-05-26 01:57:45] [info] phone-bridge: connected, subscribing to user_registration,user_blf,user_status
[2026-05-26 02:03:15] [warning] phone-bridge: no events for 330s — forcing reconnect
[2026-05-26 02:03:15] [warning] phone-bridge: connection closed (code=1000 reason=)
[2026-05-26 02:03:15] [info] phone-bridge: reconnecting in 1s
[2026-05-26 02:03:16] [info] phone-bridge: connected, subscribing to user_registration,user_blf,user_status
[2026-05-26 02:08:47] [warning] phone-bridge: no events for 330s — forcing reconnect
[2026-05-26 02:08:47] [warning] phone-bridge: connection closed (code=1000 reason=)
[2026-05-26 02:08:47] [info] phone-bridge: reconnecting in 1s
[2026-05-26 02:08:48] [info] phone-bridge: connected, subscribing to user_registration,user_blf,user_status
[2026-05-26 02:14:18] [warning] phone-bridge: no events for 330s — forcing reconnect
[2026-05-26 02:14:18] [warning] phone-bridge: connection closed (code=1000 reason=)
[2026-05-26 02:14:18] [info] phone-bridge: reconnecting in 1s
[2026-05-26 02:14:20] [info] phone-bridge: connected, subscribing to user_registration,user_blf,user_status
[2026-05-26 02:19:50] [warning] phone-bridge: no events for 330s — forcing reconnect
[2026-05-26 02:19:50] [warning] phone-bridge: connection closed (code=1000 reason=)
[2026-05-26 02:19:50] [info] phone-bridge: reconnecting in 1s
[2026-05-26 02:19:51] [info] phone-bridge: connected, subscribing to user_registration,user_blf,user_status
[2026-05-26 02:25:21] [warning] phone-bridge: no events for 330s — forcing reconnect
[2026-05-26 02:25:21] [warning] phone-bridge: connection closed (code=1000 reason=)
[2026-05-26 02:25:21] [info] phone-bridge: reconnecting in 1s
[2026-05-26 02:25:23] [info] phone-bridge: connected, subscribing to user_registration,user_blf,user_status
[2026-05-26 02:30:53] [warning] phone-bridge: no events for 330s — forcing reconnect
[2026-05-26 02:30:53] [warning] phone-bridge: connection closed (code=1000 reason=)
[2026-05-26 02:30:53] [info] phone-bridge: reconnecting in 1s
[2026-05-26 02:30:54] [info] phone-bridge: connected, subscribing to user_registration,user_blf,user_status
[2026-05-26 02:36:24] [warning] phone-bridge: no events for 330s — forcing reconnect
[2026-05-26 02:36:24] [warning] phone-bridge: connection closed (code=1000 reason=)
[2026-05-26 02:36:24] [info] phone-bridge: reconnecting in 1s
[2026-05-26 02:36:26] [info] phone-bridge: connected, subscribing to user_registration,user_blf,user_status
[2026-05-26 02:41:56] [warning] phone-bridge: no events for 330s — forcing reconnect
[2026-05-26 02:41:56] [warning] phone-bridge: connection closed (code=1000 reason=)
[2026-05-26 02:41:56] [info] phone-bridge: reconnecting in 1s
[2026-05-26 02:41:57] [info] phone-bridge: connected, subscribing to user_registration,user_blf,user_status
[2026-05-26 02:47:27] [warning] phone-bridge: no events for 330s — forcing reconnect
[2026-05-26 02:47:27] [warning] phone-bridge: connection closed (code=1000 reason=)
[2026-05-26 02:47:27] [info] phone-bridge: reconnecting in 1s
[2026-05-26 02:47:29] [info] phone-bridge: connected, subscribing to user_registration,user_blf,user_status
[2026-05-26 02:52:59] [warning] phone-bridge: no events for 330s — forcing reconnect
[2026-05-26 02:52:59] [warning] phone-bridge: connection closed (code=1000 reason=)
[2026-05-26 02:52:59] [info] phone-bridge: reconnecting in 1s
[2026-05-26 02:53:00] [info] phone-bridge: connected, subscribing to user_registration,user_blf,user_status
[2026-05-26 02:58:30] [warning] phone-bridge: no events for 330s — forcing reconnect
[2026-05-26 02:58:30] [warning] phone-bridge: connection closed (code=1000 reason=)
[2026-05-26 02:58:30] [info] phone-bridge: reconnecting in 1s
[2026-05-26 02:58:32] [info] phone-bridge: connected, subscribing to user_registration,user_blf,user_status
[2026-05-26 03:04:02] [warning] phone-bridge: no events for 330s — forcing reconnect
[2026-05-26 03:04:02] [warning] phone-bridge: connection closed (code=1000 reason=)
[2026-05-26 03:04:02] [info] phone-bridge: reconnecting in 1s
[2026-05-26 03:04:04] [info] phone-bridge: connected, subscribing to user_registration,user_blf,user_status
[2026-05-26 03:09:34] [warning] phone-bridge: no events for 330s — forcing reconnect
[2026-05-26 03:09:34] [warning] phone-bridge: connection closed (code=1000 reason=)
[2026-05-26 03:09:34] [info] phone-bridge: reconnecting in 1s
[2026-05-26 03:09:35] [info] phone-bridge: connected, subscribing to user_registration,user_blf,user_status
[2026-05-26 03:15:05] [warning] phone-bridge: no events for 330s — forcing reconnect
[2026-05-26 03:15:05] [warning] phone-bridge: connection closed (code=1000 reason=)
[2026-05-26 03:15:05] [info] phone-bridge: reconnecting in 1s
[2026-05-26 03:15:07] [info] phone-bridge: connected, subscribing to user_registration,user_blf,user_status
[2026-05-26 03:20:37] [warning] phone-bridge: no events for 330s — forcing reconnect
[2026-05-26 03:20:37] [warning] phone-bridge: connection closed (code=1000 reason=)
[2026-05-26 03:20:37] [info] phone-bridge: reconnecting in 1s
[2026-05-26 03:20:38] [info] phone-bridge: connected, subscribing to user_registration,user_blf,user_status
[2026-05-26 03:26:08] [warning] phone-bridge: no events for 330s — forcing reconnect
[2026-05-26 03:26:08] [warning] phone-bridge: connection closed (code=1000 reason=)
[2026-05-26 03:26:08] [info] phone-bridge: reconnecting in 1s
[2026-05-26 03:26:10] [info] phone-bridge: connected, subscribing to user_registration,user_blf,user_status
[2026-05-26 03:31:40] [warning] phone-bridge: no events for 330s — forcing reconnect
[2026-05-26 03:31:40] [warning] phone-bridge: connection closed (code=1000 reason=)
[2026-05-26 03:31:40] [info] phone-bridge: reconnecting in 1s
[2026-05-26 03:31:41] [info] phone-bridge: connected, subscribing to user_registration,user_blf,user_status
[2026-05-26 03:37:11] [warning] phone-bridge: no events for 330s — forcing reconnect
[2026-05-26 03:37:11] [warning] phone-bridge: connection closed (code=1000 reason=)
[2026-05-26 03:37:11] [info] phone-bridge: reconnecting in 1s
[2026-05-26 03:37:13] [info] phone-bridge: connected, subscribing to user_registration,user_blf,user_status
[2026-05-26 03:42:43] [warning] phone-bridge: no events for 330s — forcing reconnect
[2026-05-26 03:42:43] [warning] phone-bridge: connection closed (code=1000 reason=)
[2026-05-26 03:42:43] [info] phone-bridge: reconnecting in 1s
[2026-05-26 03:42:44] [info] phone-bridge: connected, subscribing to user_registration,user_blf,user_status
[2026-05-26 03:48:15] [warning] phone-bridge: no events for 330s — forcing reconnect
[2026-05-26 03:48:15] [warning] phone-bridge: connection closed (code=1000 reason=)
[2026-05-26 03:48:15] [info] phone-bridge: reconnecting in 1s
[2026-05-26 03:48:16] [info] phone-bridge: connected, subscribing to user_registration,user_blf,user_status
[2026-05-26 03:53:46] [warning] phone-bridge: no events for 330s — forcing reconnect
[2026-05-26 03:53:46] [warning] phone-bridge: connection closed (code=1000 reason=)
[2026-05-26 03:53:46] [info] phone-bridge: reconnecting in 1s
[2026-05-26 03:53:48] [info] phone-bridge: connected, subscribing to user_registration,user_blf,user_status
[2026-05-26 03:59:18] [warning] phone-bridge: no events for 330s — forcing reconnect
[2026-05-26 03:59:18] [warning] phone-bridge: connection closed (code=1000 reason=)
[2026-05-26 03:59:18] [info] phone-bridge: reconnecting in 1s
[2026-05-26 03:59:19] [info] phone-bridge: connected, subscribing to user_registration,user_blf,user_status
[2026-05-26 04:04:49] [warning] phone-bridge: no events for 330s — forcing reconnect
[2026-05-26 04:04:49] [warning] phone-bridge: connection closed (code=1000 reason=)
[2026-05-26 04:04:49] [info] phone-bridge: reconnecting in 1s
[2026-05-26 04:04:51] [info] phone-bridge: connected, subscribing to user_registration,user_blf,user_status
[2026-05-26 04:10:21] [warning] phone-bridge: no events for 330s — forcing reconnect
[2026-05-26 04:10:21] [warning] phone-bridge: connection closed (code=1000 reason=)
[2026-05-26 04:10:21] [info] phone-bridge: reconnecting in 1s
[2026-05-26 04:10:22] [info] phone-bridge: connected, subscribing to user_registration,user_blf,user_status
[2026-05-26 04:15:52] [warning] phone-bridge: no events for 330s — forcing reconnect
[2026-05-26 04:15:52] [warning] phone-bridge: connection closed (code=1000 reason=)
[2026-05-26 04:15:52] [info] phone-bridge: reconnecting in 1s
[2026-05-26 04:15:54] [info] phone-bridge: connected, subscribing to user_registration,user_blf,user_status
[2026-05-26 04:21:24] [warning] phone-bridge: no events for 330s — forcing reconnect
[2026-05-26 04:21:24] [warning] phone-bridge: connection closed (code=1000 reason=)
[2026-05-26 04:21:24] [info] phone-bridge: reconnecting in 1s
[2026-05-26 04:21:25] [info] phone-bridge: connected, subscribing to user_registration,user_blf,user_status
[2026-05-26 04:26:55] [warning] phone-bridge: no events for 330s — forcing reconnect
[2026-05-26 04:26:55] [warning] phone-bridge: connection closed (code=1000 reason=)
[2026-05-26 04:26:55] [info] phone-bridge: reconnecting in 1s
[2026-05-26 04:26:57] [info] phone-bridge: connected, subscribing to user_registration,user_blf,user_status
[2026-05-26 04:32:27] [warning] phone-bridge: no events for 330s — forcing reconnect
[2026-05-26 04:32:27] [warning] phone-bridge: connection closed (code=1000 reason=)
[2026-05-26 04:32:27] [info] phone-bridge: reconnecting in 1s
[2026-05-26 04:32:29] [info] phone-bridge: connected, subscribing to user_registration,user_blf,user_status
[2026-05-26 04:37:59] [warning] phone-bridge: no events for 330s — forcing reconnect
[2026-05-26 04:37:59] [warning] phone-bridge: connection closed (code=1000 reason=)
[2026-05-26 04:37:59] [info] phone-bridge: reconnecting in 1s
[2026-05-26 04:38:00] [info] phone-bridge: connected, subscribing to user_registration,user_blf,user_status
[2026-05-26 04:43:30] [warning] phone-bridge: no events for 330s — forcing reconnect
[2026-05-26 04:43:30] [warning] phone-bridge: connection closed (code=1000 reason=)
[2026-05-26 04:43:30] [info] phone-bridge: reconnecting in 1s
[2026-05-26 04:43:32] [info] phone-bridge: connected, subscribing to user_registration,user_blf,user_status
[2026-05-26 04:49:02] [warning] phone-bridge: no events for 330s — forcing reconnect
[2026-05-26 04:49:02] [warning] phone-bridge: connection closed (code=1000 reason=)
[2026-05-26 04:49:02] [info] phone-bridge: reconnecting in 1s
[2026-05-26 04:49:03] [info] phone-bridge: connected, subscribing to user_registration,user_blf,user_status
[2026-05-26 04:54:33] [warning] phone-bridge: no events for 330s — forcing reconnect
[2026-05-26 04:54:33] [warning] phone-bridge: connection closed (code=1000 reason=)
[2026-05-26 04:54:33] [info] phone-bridge: reconnecting in 1s
[2026-05-26 04:54:35] [info] phone-bridge: connected, subscribing to user_registration,user_blf,user_status
[2026-05-26 05:00:05] [warning] phone-bridge: no events for 330s — forcing reconnect
[2026-05-26 05:00:05] [warning] phone-bridge: connection closed (code=1000 reason=)
[2026-05-26 05:00:05] [info] phone-bridge: reconnecting in 1s
[2026-05-26 05:00:06] [info] phone-bridge: connected, subscribing to user_registration,user_blf,user_status
[2026-05-26 05:05:36] [warning] phone-bridge: no events for 330s — forcing reconnect
[2026-05-26 05:05:36] [warning] phone-bridge: connection closed (code=1000 reason=)
[2026-05-26 05:05:36] [info] phone-bridge: reconnecting in 1s
[2026-05-26 05:05:38] [info] phone-bridge: connected, subscribing to user_registration,user_blf,user_status
[2026-05-26 05:11:08] [warning] phone-bridge: no events for 330s — forcing reconnect
[2026-05-26 05:11:08] [warning] phone-bridge: connection closed (code=1000 reason=)
[2026-05-26 05:11:08] [info] phone-bridge: reconnecting in 1s
[2026-05-26 05:11:09] [info] phone-bridge: connected, subscribing to user_registration,user_blf,user_status
[2026-05-26 05:16:40] [warning] phone-bridge: no events for 330s — forcing reconnect
[2026-05-26 05:16:40] [warning] phone-bridge: connection closed (code=1000 reason=)
[2026-05-26 05:16:40] [info] phone-bridge: reconnecting in 1s
[2026-05-26 05:16:41] [info] phone-bridge: connected, subscribing to user_registration,user_blf,user_status
[2026-05-26 05:22:11] [warning] phone-bridge: no events for 330s — forcing reconnect
[2026-05-26 05:22:11] [warning] phone-bridge: connection closed (code=1000 reason=)
[2026-05-26 05:22:11] [info] phone-bridge: reconnecting in 1s
[2026-05-26 05:22:13] [info] phone-bridge: connected, subscribing to user_registration,user_blf,user_status
[2026-05-26 05:27:43] [warning] phone-bridge: no events for 330s — forcing reconnect
[2026-05-26 05:27:43] [warning] phone-bridge: connection closed (code=1000 reason=)
[2026-05-26 05:27:43] [info] phone-bridge: reconnecting in 1s
[2026-05-26 05:27:44] [info] phone-bridge: connected, subscribing to user_registration,user_blf,user_status
[2026-05-26 05:33:14] [warning] phone-bridge: no events for 330s — forcing reconnect
[2026-05-26 05:33:14] [warning] phone-bridge: connection closed (code=1000 reason=)
[2026-05-26 05:33:14] [info] phone-bridge: reconnecting in 1s
[2026-05-26 05:33:16] [info] phone-bridge: connected, subscribing to user_registration,user_blf,user_status
[2026-05-26 05:38:46] [warning] phone-bridge: no events for 330s — forcing reconnect
[2026-05-26 05:38:46] [warning] phone-bridge: connection closed (code=1000 reason=)
[2026-05-26 05:38:46] [info] phone-bridge: reconnecting in 1s
[2026-05-26 05:38:47] [info] phone-bridge: connected, subscribing to user_registration,user_blf,user_status
[2026-05-26 05:44:17] [warning] phone-bridge: no events for 330s — forcing reconnect
[2026-05-26 05:44:17] [warning] phone-bridge: connection closed (code=1000 reason=)
[2026-05-26 05:44:17] [info] phone-bridge: reconnecting in 1s
[2026-05-26 05:44:19] [info] phone-bridge: connected, subscribing to user_registration,user_blf,user_status
[2026-05-26 05:49:49] [warning] phone-bridge: no events for 330s — forcing reconnect
[2026-05-26 05:49:49] [warning] phone-bridge: connection closed (code=1000 reason=)
[2026-05-26 05:49:49] [info] phone-bridge: reconnecting in 1s
[2026-05-26 05:49:50] [info] phone-bridge: connected, subscribing to user_registration,user_blf,user_status
[2026-05-26 05:55:20] [warning] phone-bridge: no events for 330s — forcing reconnect
[2026-05-26 05:55:20] [warning] phone-bridge: connection closed (code=1000 reason=)
[2026-05-26 05:55:20] [info] phone-bridge: reconnecting in 1s
[2026-05-26 05:55:22] [info] phone-bridge: connected, subscribing to user_registration,user_blf,user_status
[2026-05-26 06:00:52] [warning] phone-bridge: no events for 330s — forcing reconnect
[2026-05-26 06:00:52] [warning] phone-bridge: connection closed (code=1000 reason=)
[2026-05-26 06:00:52] [info] phone-bridge: reconnecting in 1s
[2026-05-26 06:00:53] [info] phone-bridge: connected, subscribing to user_registration,user_blf,user_status
[2026-05-26 06:06:24] [warning] phone-bridge: no events for 331s — forcing reconnect
[2026-05-26 06:06:24] [warning] phone-bridge: connection closed (code=1000 reason=)
[2026-05-26 06:06:24] [info] phone-bridge: reconnecting in 1s
[2026-05-26 06:06:25] [info] phone-bridge: connected, subscribing to user_registration,user_blf,user_status
[2026-05-26 06:11:55] [warning] phone-bridge: no events for 330s — forcing reconnect
[2026-05-26 06:11:55] [warning] phone-bridge: connection closed (code=1000 reason=)
[2026-05-26 06:11:55] [info] phone-bridge: reconnecting in 1s
[2026-05-26 06:11:56] [info] phone-bridge: connected, subscribing to user_registration,user_blf,user_status
[2026-05-26 06:17:27] [warning] phone-bridge: no events for 330s — forcing reconnect
[2026-05-26 06:17:27] [warning] phone-bridge: connection closed (code=1000 reason=)
[2026-05-26 06:17:27] [info] phone-bridge: reconnecting in 1s
[2026-05-26 06:17:28] [info] phone-bridge: connected, subscribing to user_registration,user_blf,user_status
[2026-05-26 06:22:58] [warning] phone-bridge: no events for 330s — forcing reconnect
[2026-05-26 06:22:58] [warning] phone-bridge: connection closed (code=1000 reason=)
[2026-05-26 06:22:58] [info] phone-bridge: reconnecting in 1s
[2026-05-26 06:23:00] [info] phone-bridge: connected, subscribing to user_registration,user_blf,user_status
[2026-05-26 06:28:30] [warning] phone-bridge: no events for 330s — forcing reconnect
[2026-05-26 06:28:30] [warning] phone-bridge: connection closed (code=1000 reason=)
[2026-05-26 06:28:30] [info] phone-bridge: reconnecting in 1s
[2026-05-26 06:28:31] [info] phone-bridge: connected, subscribing to user_registration,user_blf,user_status
[2026-05-26 06:34:01] [warning] phone-bridge: no events for 330s — forcing reconnect
[2026-05-26 06:34:01] [warning] phone-bridge: connection closed (code=1000 reason=)
[2026-05-26 06:34:01] [info] phone-bridge: reconnecting in 1s
[2026-05-26 06:34:03] [info] phone-bridge: connected, subscribing to user_registration,user_blf,user_status
[2026-05-26 06:39:33] [warning] phone-bridge: no events for 330s — forcing reconnect
[2026-05-26 06:39:33] [warning] phone-bridge: connection closed (code=1000 reason=)
[2026-05-26 06:39:33] [info] phone-bridge: reconnecting in 1s
[2026-05-26 06:39:34] [info] phone-bridge: connected, subscribing to user_registration,user_blf,user_status
[2026-05-26 06:45:04] [warning] phone-bridge: no events for 330s — forcing reconnect
[2026-05-26 06:45:04] [warning] phone-bridge: connection closed (code=1000 reason=)
[2026-05-26 06:45:04] [info] phone-bridge: reconnecting in 1s
[2026-05-26 06:45:06] [info] phone-bridge: connected, subscribing to user_registration,user_blf,user_status
[2026-05-26 06:50:36] [warning] phone-bridge: no events for 330s — forcing reconnect
[2026-05-26 06:50:36] [warning] phone-bridge: connection closed (code=1000 reason=)
[2026-05-26 06:50:36] [info] phone-bridge: reconnecting in 1s
[2026-05-26 06:50:37] [info] phone-bridge: connected, subscribing to user_registration,user_blf,user_status
[2026-05-26 06:56:08] [warning] phone-bridge: no events for 330s — forcing reconnect
[2026-05-26 06:56:08] [warning] phone-bridge: connection closed (code=1000 reason=)
[2026-05-26 06:56:08] [info] phone-bridge: reconnecting in 1s
[2026-05-26 06:56:09] [info] phone-bridge: connected, subscribing to user_registration,user_blf,user_status
[2026-05-26 07:01:39] [warning] phone-bridge: no events for 330s — forcing reconnect
[2026-05-26 07:01:39] [warning] phone-bridge: connection closed (code=1000 reason=)
[2026-05-26 07:01:39] [info] phone-bridge: reconnecting in 1s
[2026-05-26 07:01:41] [info] phone-bridge: connected, subscribing to user_registration,user_blf,user_status
[2026-05-26 07:07:11] [warning] phone-bridge: no events for 330s — forcing reconnect
[2026-05-26 07:07:11] [warning] phone-bridge: connection closed (code=1000 reason=)
[2026-05-26 07:07:11] [info] phone-bridge: reconnecting in 1s
[2026-05-26 07:07:12] [info] phone-bridge: connected, subscribing to user_registration,user_blf,user_status
[2026-05-26 07:12:42] [warning] phone-bridge: no events for 330s — forcing reconnect
[2026-05-26 07:12:42] [warning] phone-bridge: connection closed (code=1000 reason=)
[2026-05-26 07:12:42] [info] phone-bridge: reconnecting in 1s
[2026-05-26 07:12:44] [info] phone-bridge: connected, subscribing to user_registration,user_blf,user_status
[2026-05-26 07:18:14] [warning] phone-bridge: no events for 330s — forcing reconnect
[2026-05-26 07:18:14] [warning] phone-bridge: connection closed (code=1000 reason=)
[2026-05-26 07:18:14] [info] phone-bridge: reconnecting in 1s
[2026-05-26 07:18:15] [info] phone-bridge: connected, subscribing to user_registration,user_blf,user_status
[2026-05-26 07:23:45] [warning] phone-bridge: no events for 330s — forcing reconnect
[2026-05-26 07:23:45] [warning] phone-bridge: connection closed (code=1000 reason=)
[2026-05-26 07:23:45] [info] phone-bridge: reconnecting in 1s
[2026-05-26 07:23:47] [info] phone-bridge: connected, subscribing to user_registration,user_blf,user_status
[2026-05-26 07:29:17] [warning] phone-bridge: no events for 330s — forcing reconnect
[2026-05-26 07:29:17] [warning] phone-bridge: connection closed (code=1000 reason=)
[2026-05-26 07:29:17] [info] phone-bridge: reconnecting in 1s
[2026-05-26 07:29:18] [info] phone-bridge: connected, subscribing to user_registration,user_blf,user_status
[2026-05-26 07:34:48] [warning] phone-bridge: no events for 330s — forcing reconnect
[2026-05-26 07:34:48] [warning] phone-bridge: connection closed (code=1000 reason=)
[2026-05-26 07:34:48] [info] phone-bridge: reconnecting in 1s
[2026-05-26 07:34:50] [info] phone-bridge: connected, subscribing to user_registration,user_blf,user_status
[2026-05-26 07:40:20] [warning] phone-bridge: no events for 330s — forcing reconnect
[2026-05-26 07:40:20] [warning] phone-bridge: connection closed (code=1000 reason=)
[2026-05-26 07:40:20] [info] phone-bridge: reconnecting in 1s
[2026-05-26 07:40:21] [info] phone-bridge: connected, subscribing to user_registration,user_blf,user_status
[2026-05-26 20:10:00] [warning] phone-bridge: no events for 324s — forcing reconnect
[2026-05-26 20:10:00] [warning] phone-bridge: connection closed (code=1000 reason=)
[2026-05-26 20:10:00] [info] phone-bridge: reconnecting in 1s
[2026-05-26 20:10:02] [info] phone-bridge: connected, subscribing to user_registration,user_blf,user_status
[2026-05-26 20:15:32] [warning] phone-bridge: no events for 330s — forcing reconnect
[2026-05-26 20:15:32] [warning] phone-bridge: connection closed (code=1000 reason=)
[2026-05-26 20:15:32] [info] phone-bridge: reconnecting in 1s
[2026-05-26 20:15:33] [info] phone-bridge: connected, subscribing to user_registration,user_blf,user_status
[2026-05-26 20:21:04] [warning] phone-bridge: no events for 330s — forcing reconnect
[2026-05-26 20:21:04] [warning] phone-bridge: connection closed (code=1000 reason=)
[2026-05-26 20:21:04] [info] phone-bridge: reconnecting in 1s
[2026-05-26 20:21:05] [info] phone-bridge: connected, subscribing to user_registration,user_blf,user_status
[2026-05-26 20:26:35] [warning] phone-bridge: no events for 330s — forcing reconnect
[2026-05-26 20:26:35] [warning] phone-bridge: connection closed (code=1000 reason=)
[2026-05-26 20:26:35] [info] phone-bridge: reconnecting in 1s
[2026-05-26 20:26:37] [info] phone-bridge: connected, subscribing to user_registration,user_blf,user_status
[2026-05-26 20:32:07] [warning] phone-bridge: no events for 330s — forcing reconnect
[2026-05-26 20:32:07] [warning] phone-bridge: connection closed (code=1000 reason=)
[2026-05-26 20:32:07] [info] phone-bridge: reconnecting in 1s
[2026-05-26 20:32:09] [info] phone-bridge: connected, subscribing to user_registration,user_blf,user_status
[2026-05-26 20:37:39] [warning] phone-bridge: no events for 330s — forcing reconnect
[2026-05-26 20:37:39] [warning] phone-bridge: connection closed (code=1000 reason=)
[2026-05-26 20:37:39] [info] phone-bridge: reconnecting in 1s
[2026-05-26 20:37:40] [info] phone-bridge: connected, subscribing to user_registration,user_blf,user_status
[2026-05-26 20:43:10] [warning] phone-bridge: no events for 330s — forcing reconnect
[2026-05-26 20:43:10] [warning] phone-bridge: connection closed (code=1000 reason=)
[2026-05-26 20:43:10] [info] phone-bridge: reconnecting in 1s
[2026-05-26 20:43:12] [info] phone-bridge: connected, subscribing to user_registration,user_blf,user_status
[2026-05-26 20:48:42] [warning] phone-bridge: no events for 330s — forcing reconnect
[2026-05-26 20:48:42] [warning] phone-bridge: connection closed (code=1000 reason=)
[2026-05-26 20:48:42] [info] phone-bridge: reconnecting in 1s
[2026-05-26 20:48:44] [info] phone-bridge: connected, subscribing to user_registration,user_blf,user_status
[2026-05-26 20:54:14] [warning] phone-bridge: no events for 330s — forcing reconnect
[2026-05-26 20:54:14] [warning] phone-bridge: connection closed (code=1000 reason=)
[2026-05-26 20:54:14] [info] phone-bridge: reconnecting in 1s
[2026-05-26 20:54:15] [info] phone-bridge: connected, subscribing to user_registration,user_blf,user_status
[2026-05-26 20:59:45] [warning] phone-bridge: no events for 330s — forcing reconnect
[2026-05-26 20:59:45] [warning] phone-bridge: connection closed (code=1000 reason=)
[2026-05-26 20:59:45] [info] phone-bridge: reconnecting in 1s
[2026-05-26 20:59:47] [info] phone-bridge: connected, subscribing to user_registration,user_blf,user_status
[2026-05-26 21:05:17] [warning] phone-bridge: no events for 330s — forcing reconnect
[2026-05-26 21:05:17] [warning] phone-bridge: connection closed (code=1000 reason=)
[2026-05-26 21:05:17] [info] phone-bridge: reconnecting in 1s
[2026-05-26 21:05:19] [info] phone-bridge: connected, subscribing to user_registration,user_blf,user_status
[2026-05-26 21:10:49] [warning] phone-bridge: no events for 330s — forcing reconnect
[2026-05-26 21:10:49] [warning] phone-bridge: connection closed (code=1000 reason=)
[2026-05-26 21:10:49] [info] phone-bridge: reconnecting in 1s
[2026-05-26 21:10:50] [info] phone-bridge: connected, subscribing to user_registration,user_blf,user_status
[2026-05-26 21:16:21] [warning] phone-bridge: no events for 330s — forcing reconnect
[2026-05-26 21:16:21] [warning] phone-bridge: connection closed (code=1000 reason=)
[2026-05-26 21:16:21] [info] phone-bridge: reconnecting in 1s
[2026-05-26 21:16:22] [info] phone-bridge: connected, subscribing to user_registration,user_blf,user_status
[2026-05-26 21:21:52] [warning] phone-bridge: no events for 330s — forcing reconnect
[2026-05-26 21:21:52] [warning] phone-bridge: connection closed (code=1000 reason=)
[2026-05-26 21:21:52] [info] phone-bridge: reconnecting in 1s
[2026-05-26 21:21:54] [info] phone-bridge: connected, subscribing to user_registration,user_blf,user_status
[2026-05-26 21:27:24] [warning] phone-bridge: no events for 330s — forcing reconnect
[2026-05-26 21:27:24] [warning] phone-bridge: connection closed (code=1000 reason=)
[2026-05-26 21:27:24] [info] phone-bridge: reconnecting in 1s
[2026-05-26 21:27:26] [info] phone-bridge: connected, subscribing to user_registration,user_blf,user_status
[2026-05-26 21:32:56] [warning] phone-bridge: no events for 330s — forcing reconnect
[2026-05-26 21:32:56] [warning] phone-bridge: connection closed (code=1000 reason=)
[2026-05-26 21:32:56] [info] phone-bridge: reconnecting in 1s
[2026-05-26 21:32:57] [info] phone-bridge: connected, subscribing to user_registration,user_blf,user_status
[2026-05-26 21:38:27] [warning] phone-bridge: no events for 330s — forcing reconnect
[2026-05-26 21:38:27] [warning] phone-bridge: connection closed (code=1000 reason=)
[2026-05-26 21:38:27] [info] phone-bridge: reconnecting in 1s
[2026-05-26 21:38:29] [info] phone-bridge: connected, subscribing to user_registration,user_blf,user_status
[2026-05-26 21:43:59] [warning] phone-bridge: no events for 330s — forcing reconnect
[2026-05-26 21:43:59] [warning] phone-bridge: connection closed (code=1000 reason=)
[2026-05-26 21:43:59] [info] phone-bridge: reconnecting in 1s
[2026-05-26 21:44:01] [info] phone-bridge: connected, subscribing to user_registration,user_blf,user_status
[2026-05-26 21:49:31] [warning] phone-bridge: no events for 330s — forcing reconnect
[2026-05-26 21:49:31] [warning] phone-bridge: connection closed (code=1000 reason=)
[2026-05-26 21:49:31] [info] phone-bridge: reconnecting in 1s
[2026-05-26 21:49:32] [info] phone-bridge: connected, subscribing to user_registration,user_blf,user_status
[2026-05-26 21:55:02] [warning] phone-bridge: no events for 330s — forcing reconnect
[2026-05-26 21:55:02] [warning] phone-bridge: connection closed (code=1000 reason=)
[2026-05-26 21:55:02] [info] phone-bridge: reconnecting in 1s
[2026-05-26 21:55:04] [info] phone-bridge: connected, subscribing to user_registration,user_blf,user_status
[2026-05-26 22:00:34] [warning] phone-bridge: no events for 330s — forcing reconnect
[2026-05-26 22:00:34] [warning] phone-bridge: connection closed (code=1000 reason=)
[2026-05-26 22:00:34] [info] phone-bridge: reconnecting in 1s
[2026-05-26 22:00:36] [info] phone-bridge: connected, subscribing to user_registration,user_blf,user_status
[2026-05-26 22:06:06] [warning] phone-bridge: no events for 330s — forcing reconnect
[2026-05-26 22:06:06] [warning] phone-bridge: connection closed (code=1000 reason=)
[2026-05-26 22:06:06] [info] phone-bridge: reconnecting in 1s
[2026-05-26 22:06:07] [info] phone-bridge: connected, subscribing to user_registration,user_blf,user_status
[2026-05-26 22:11:38] [warning] phone-bridge: no events for 330s — forcing reconnect
[2026-05-26 22:11:38] [warning] phone-bridge: connection closed (code=1000 reason=)
[2026-05-26 22:11:38] [info] phone-bridge: reconnecting in 1s
[2026-05-26 22:11:39] [info] phone-bridge: connected, subscribing to user_registration,user_blf,user_status
[2026-05-26 22:17:09] [warning] phone-bridge: no events for 330s — forcing reconnect
[2026-05-26 22:17:09] [warning] phone-bridge: connection closed (code=1000 reason=)
[2026-05-26 22:17:09] [info] phone-bridge: reconnecting in 1s
[2026-05-26 22:17:11] [info] phone-bridge: connected, subscribing to user_registration,user_blf,user_status
[2026-05-26 22:22:41] [warning] phone-bridge: no events for 330s — forcing reconnect
[2026-05-26 22:22:41] [warning] phone-bridge: connection closed (code=1000 reason=)
[2026-05-26 22:22:41] [info] phone-bridge: reconnecting in 1s
[2026-05-26 22:22:43] [info] phone-bridge: connected, subscribing to user_registration,user_blf,user_status
[2026-05-26 22:28:13] [warning] phone-bridge: no events for 330s — forcing reconnect
[2026-05-26 22:28:13] [warning] phone-bridge: connection closed (code=1000 reason=)
[2026-05-26 22:28:13] [info] phone-bridge: reconnecting in 1s
[2026-05-26 22:28:14] [info] phone-bridge: connected, subscribing to user_registration,user_blf,user_status
[2026-05-26 22:33:45] [warning] phone-bridge: no events for 330s — forcing reconnect
[2026-05-26 22:33:45] [warning] phone-bridge: connection closed (code=1000 reason=)
[2026-05-26 22:33:45] [info] phone-bridge: reconnecting in 1s
[2026-05-26 22:33:46] [info] phone-bridge: connected, subscribing to user_registration,user_blf,user_status
[2026-05-26 22:39:16] [warning] phone-bridge: no events for 330s — forcing reconnect
[2026-05-26 22:39:16] [warning] phone-bridge: connection closed (code=1000 reason=)
[2026-05-26 22:39:16] [info] phone-bridge: reconnecting in 1s
[2026-05-26 22:39:18] [info] phone-bridge: connected, subscribing to user_registration,user_blf,user_status
[2026-05-26 22:44:48] [warning] phone-bridge: no events for 330s — forcing reconnect
[2026-05-26 22:44:48] [warning] phone-bridge: connection closed (code=1000 reason=)
[2026-05-26 22:44:48] [info] phone-bridge: reconnecting in 1s
[2026-05-26 22:44:50] [info] phone-bridge: connected, subscribing to user_registration,user_blf,user_status
[2026-05-26 22:50:20] [warning] phone-bridge: no events for 330s — forcing reconnect
[2026-05-26 22:50:20] [warning] phone-bridge: connection closed (code=1000 reason=)
[2026-05-26 22:50:20] [info] phone-bridge: reconnecting in 1s
[2026-05-26 22:50:21] [info] phone-bridge: connected, subscribing to user_registration,user_blf,user_status
[2026-05-26 22:55:51] [warning] phone-bridge: no events for 330s — forcing reconnect
[2026-05-26 22:55:51] [warning] phone-bridge: connection closed (code=1000 reason=)
[2026-05-26 22:55:51] [info] phone-bridge: reconnecting in 1s
[2026-05-26 22:55:53] [info] phone-bridge: connected, subscribing to user_registration,user_blf,user_status
[2026-05-26 23:01:23] [warning] phone-bridge: no events for 330s — forcing reconnect
[2026-05-26 23:01:23] [warning] phone-bridge: connection closed (code=1000 reason=)
[2026-05-26 23:01:23] [info] phone-bridge: reconnecting in 1s
[2026-05-26 23:01:25] [info] phone-bridge: connected, subscribing to user_registration,user_blf,user_status
[2026-05-26 23:06:55] [warning] phone-bridge: no events for 330s — forcing reconnect
[2026-05-26 23:06:55] [warning] phone-bridge: connection closed (code=1000 reason=)
[2026-05-26 23:06:55] [info] phone-bridge: reconnecting in 1s
[2026-05-26 23:06:56] [info] phone-bridge: connected, subscribing to user_registration,user_blf,user_status
[2026-05-26 23:12:26] [warning] phone-bridge: no events for 330s — forcing reconnect
[2026-05-26 23:12:26] [warning] phone-bridge: connection closed (code=1000 reason=)
[2026-05-26 23:12:26] [info] phone-bridge: reconnecting in 1s
[2026-05-26 23:12:28] [info] phone-bridge: connected, subscribing to user_registration,user_blf,user_status
[2026-05-26 23:17:58] [warning] phone-bridge: no events for 330s — forcing reconnect
[2026-05-26 23:17:58] [warning] phone-bridge: connection closed (code=1000 reason=)
[2026-05-26 23:17:58] [info] phone-bridge: reconnecting in 1s
[2026-05-26 23:18:00] [info] phone-bridge: connected, subscribing to user_registration,user_blf,user_status
[2026-05-26 23:23:30] [warning] phone-bridge: no events for 330s — forcing reconnect
[2026-05-26 23:23:30] [warning] phone-bridge: connection closed (code=1000 reason=)
[2026-05-26 23:23:30] [info] phone-bridge: reconnecting in 1s
[2026-05-26 23:23:31] [info] phone-bridge: connected, subscribing to user_registration,user_blf,user_status
[2026-05-26 23:29:02] [warning] phone-bridge: no events for 330s — forcing reconnect
[2026-05-26 23:29:02] [warning] phone-bridge: connection closed (code=1000 reason=)
[2026-05-26 23:29:02] [info] phone-bridge: reconnecting in 1s
[2026-05-26 23:29:03] [info] phone-bridge: connected, subscribing to user_registration,user_blf,user_status
[2026-05-26 23:34:33] [warning] phone-bridge: no events for 330s — forcing reconnect
[2026-05-26 23:34:33] [warning] phone-bridge: connection closed (code=1000 reason=)
[2026-05-26 23:34:33] [info] phone-bridge: reconnecting in 1s
[2026-05-26 23:34:35] [info] phone-bridge: connected, subscribing to user_registration,user_blf,user_status
[2026-05-26 23:40:05] [warning] phone-bridge: no events for 330s — forcing reconnect
[2026-05-26 23:40:05] [warning] phone-bridge: connection closed (code=1000 reason=)
[2026-05-26 23:40:05] [info] phone-bridge: reconnecting in 1s
[2026-05-26 23:40:07] [info] phone-bridge: connected, subscribing to user_registration,user_blf,user_status
[2026-05-26 23:45:37] [warning] phone-bridge: no events for 330s — forcing reconnect
[2026-05-26 23:45:37] [warning] phone-bridge: connection closed (code=1000 reason=)
[2026-05-26 23:45:37] [info] phone-bridge: reconnecting in 1s
[2026-05-26 23:45:38] [info] phone-bridge: connected, subscribing to user_registration,user_blf,user_status
[2026-05-26 23:51:08] [warning] phone-bridge: no events for 330s — forcing reconnect
[2026-05-26 23:51:08] [warning] phone-bridge: connection closed (code=1000 reason=)
[2026-05-26 23:51:08] [info] phone-bridge: reconnecting in 1s
[2026-05-26 23:51:10] [info] phone-bridge: connected, subscribing to user_registration,user_blf,user_status
[2026-05-26 23:56:40] [warning] phone-bridge: no events for 330s — forcing reconnect
[2026-05-26 23:56:40] [warning] phone-bridge: connection closed (code=1000 reason=)
[2026-05-26 23:56:40] [info] phone-bridge: reconnecting in 1s
[2026-05-26 23:56:42] [info] phone-bridge: connected, subscribing to user_registration,user_blf,user_status
[2026-05-27 00:02:12] [warning] phone-bridge: no events for 330s — forcing reconnect
[2026-05-27 00:02:12] [warning] phone-bridge: connection closed (code=1000 reason=)
[2026-05-27 00:02:12] [info] phone-bridge: reconnecting in 1s
[2026-05-27 00:02:13] [info] phone-bridge: connected, subscribing to user_registration,user_blf,user_status
[2026-05-27 00:07:44] [warning] phone-bridge: no events for 330s — forcing reconnect
[2026-05-27 00:07:44] [warning] phone-bridge: connection closed (code=1000 reason=)
[2026-05-27 00:07:44] [info] phone-bridge: reconnecting in 1s
[2026-05-27 00:07:45] [info] phone-bridge: connected, subscribing to user_registration,user_blf,user_status
[2026-05-27 00:13:15] [warning] phone-bridge: no events for 330s — forcing reconnect
[2026-05-27 00:13:15] [warning] phone-bridge: connection closed (code=1000 reason=)
[2026-05-27 00:13:15] [info] phone-bridge: reconnecting in 1s
[2026-05-27 00:13:17] [info] phone-bridge: connected, subscribing to user_registration,user_blf,user_status
[2026-05-27 00:18:47] [warning] phone-bridge: no events for 330s — forcing reconnect
[2026-05-27 00:18:47] [warning] phone-bridge: connection closed (code=1000 reason=)
[2026-05-27 00:18:47] [info] phone-bridge: reconnecting in 1s
[2026-05-27 00:18:49] [info] phone-bridge: connected, subscribing to user_registration,user_blf,user_status
[2026-05-27 00:24:19] [warning] phone-bridge: no events for 330s — forcing reconnect
[2026-05-27 00:24:19] [warning] phone-bridge: connection closed (code=1000 reason=)
[2026-05-27 00:24:19] [info] phone-bridge: reconnecting in 1s
[2026-05-27 00:24:20] [info] phone-bridge: connected, subscribing to user_registration,user_blf,user_status
[2026-05-27 00:29:50] [warning] phone-bridge: no events for 330s — forcing reconnect
[2026-05-27 00:29:50] [warning] phone-bridge: connection closed (code=1000 reason=)
[2026-05-27 00:29:50] [info] phone-bridge: reconnecting in 1s
[2026-05-27 00:29:52] [info] phone-bridge: connected, subscribing to user_registration,user_blf,user_status
[2026-05-27 00:35:22] [warning] phone-bridge: no events for 330s — forcing reconnect
[2026-05-27 00:35:22] [warning] phone-bridge: connection closed (code=1000 reason=)
[2026-05-27 00:35:22] [info] phone-bridge: reconnecting in 1s
[2026-05-27 00:35:24] [info] phone-bridge: connected, subscribing to user_registration,user_blf,user_status
[2026-05-27 00:40:54] [warning] phone-bridge: no events for 330s — forcing reconnect
[2026-05-27 00:40:54] [warning] phone-bridge: connection closed (code=1000 reason=)
[2026-05-27 00:40:54] [info] phone-bridge: reconnecting in 1s
[2026-05-27 00:40:55] [info] phone-bridge: connected, subscribing to user_registration,user_blf,user_status
[2026-05-27 00:46:25] [warning] phone-bridge: no events for 330s — forcing reconnect
[2026-05-27 00:46:25] [warning] phone-bridge: connection closed (code=1000 reason=)
[2026-05-27 00:46:25] [info] phone-bridge: reconnecting in 1s
[2026-05-27 00:46:27] [info] phone-bridge: connected, subscribing to user_registration,user_blf,user_status
[2026-05-27 00:51:57] [warning] phone-bridge: no events for 330s — forcing reconnect
[2026-05-27 00:51:57] [warning] phone-bridge: connection closed (code=1000 reason=)
[2026-05-27 00:51:57] [info] phone-bridge: reconnecting in 1s
[2026-05-27 00:51:59] [info] phone-bridge: connected, subscribing to user_registration,user_blf,user_status
[2026-05-27 00:57:29] [warning] phone-bridge: no events for 330s — forcing reconnect
[2026-05-27 00:57:29] [warning] phone-bridge: connection closed (code=1000 reason=)
[2026-05-27 00:57:29] [info] phone-bridge: reconnecting in 1s
[2026-05-27 00:57:31] [info] phone-bridge: connected, subscribing to user_registration,user_blf,user_status
[2026-05-27 01:03:01] [warning] phone-bridge: no events for 330s — forcing reconnect
[2026-05-27 01:03:01] [warning] phone-bridge: connection closed (code=1000 reason=)
[2026-05-27 01:03:01] [info] phone-bridge: reconnecting in 1s
[2026-05-27 01:03:02] [info] phone-bridge: connected, subscribing to user_registration,user_blf,user_status
[2026-05-27 01:08:32] [warning] phone-bridge: no events for 330s — forcing reconnect
[2026-05-27 01:08:32] [warning] phone-bridge: connection closed (code=1000 reason=)
[2026-05-27 01:08:32] [info] phone-bridge: reconnecting in 1s
[2026-05-27 01:08:34] [info] phone-bridge: connected, subscribing to user_registration,user_blf,user_status
[2026-05-27 01:14:04] [warning] phone-bridge: no events for 330s — forcing reconnect
[2026-05-27 01:14:04] [warning] phone-bridge: connection closed (code=1000 reason=)
[2026-05-27 01:14:04] [info] phone-bridge: reconnecting in 1s
[2026-05-27 01:14:06] [info] phone-bridge: connected, subscribing to user_registration,user_blf,user_status
[2026-05-27 01:19:36] [warning] phone-bridge: no events for 330s — forcing reconnect
[2026-05-27 01:19:36] [warning] phone-bridge: connection closed (code=1000 reason=)
[2026-05-27 01:19:36] [info] phone-bridge: reconnecting in 1s
[2026-05-27 01:19:37] [info] phone-bridge: connected, subscribing to user_registration,user_blf,user_status
[2026-05-27 01:25:07] [warning] phone-bridge: no events for 330s — forcing reconnect
[2026-05-27 01:25:07] [warning] phone-bridge: connection closed (code=1000 reason=)
[2026-05-27 01:25:07] [info] phone-bridge: reconnecting in 1s
[2026-05-27 01:25:09] [info] phone-bridge: connected, subscribing to user_registration,user_blf,user_status
[2026-05-27 01:30:39] [warning] phone-bridge: no events for 330s — forcing reconnect
[2026-05-27 01:30:39] [warning] phone-bridge: connection closed (code=1000 reason=)
[2026-05-27 01:30:39] [info] phone-bridge: reconnecting in 1s
[2026-05-27 01:30:41] [info] phone-bridge: connected, subscribing to user_registration,user_blf,user_status
[2026-05-27 01:36:11] [warning] phone-bridge: no events for 330s — forcing reconnect
[2026-05-27 01:36:11] [warning] phone-bridge: connection closed (code=1000 reason=)
[2026-05-27 01:36:11] [info] phone-bridge: reconnecting in 1s
[2026-05-27 01:36:12] [info] phone-bridge: connected, subscribing to user_registration,user_blf,user_status
[2026-05-27 01:41:42] [warning] phone-bridge: no events for 330s — forcing reconnect
[2026-05-27 01:41:42] [warning] phone-bridge: connection closed (code=1000 reason=)
[2026-05-27 01:41:42] [info] phone-bridge: reconnecting in 1s
[2026-05-27 01:41:44] [info] phone-bridge: connected, subscribing to user_registration,user_blf,user_status
[2026-05-27 01:47:14] [warning] phone-bridge: no events for 330s — forcing reconnect
[2026-05-27 01:47:14] [warning] phone-bridge: connection closed (code=1000 reason=)
[2026-05-27 01:47:14] [info] phone-bridge: reconnecting in 1s
[2026-05-27 01:47:16] [info] phone-bridge: connected, subscribing to user_registration,user_blf,user_status
[2026-05-27 01:52:46] [warning] phone-bridge: no events for 330s — forcing reconnect
[2026-05-27 01:52:46] [warning] phone-bridge: connection closed (code=1000 reason=)
[2026-05-27 01:52:46] [info] phone-bridge: reconnecting in 1s
[2026-05-27 01:52:47] [info] phone-bridge: connected, subscribing to user_registration,user_blf,user_status
[2026-05-27 01:58:18] [warning] phone-bridge: no events for 330s — forcing reconnect
[2026-05-27 01:58:18] [warning] phone-bridge: connection closed (code=1000 reason=)
[2026-05-27 01:58:18] [info] phone-bridge: reconnecting in 1s
[2026-05-27 01:58:19] [info] phone-bridge: connected, subscribing to user_registration,user_blf,user_status
[2026-05-27 02:03:49] [warning] phone-bridge: no events for 330s — forcing reconnect
[2026-05-27 02:03:49] [warning] phone-bridge: connection closed (code=1000 reason=)
[2026-05-27 02:03:49] [info] phone-bridge: reconnecting in 1s
[2026-05-27 02:03:51] [info] phone-bridge: connected, subscribing to user_registration,user_blf,user_status
[2026-05-27 02:09:21] [warning] phone-bridge: no events for 330s — forcing reconnect
[2026-05-27 02:09:21] [warning] phone-bridge: connection closed (code=1000 reason=)
[2026-05-27 02:09:21] [info] phone-bridge: reconnecting in 1s
[2026-05-27 02:09:23] [info] phone-bridge: connected, subscribing to user_registration,user_blf,user_status
[2026-05-27 02:14:53] [warning] phone-bridge: no events for 330s — forcing reconnect
[2026-05-27 02:14:53] [warning] phone-bridge: connection closed (code=1000 reason=)
[2026-05-27 02:14:53] [info] phone-bridge: reconnecting in 1s
[2026-05-27 02:14:54] [info] phone-bridge: connected, subscribing to user_registration,user_blf,user_status
[2026-05-27 02:20:24] [warning] phone-bridge: no events for 330s — forcing reconnect
[2026-05-27 02:20:24] [warning] phone-bridge: connection closed (code=1000 reason=)
[2026-05-27 02:20:24] [info] phone-bridge: reconnecting in 1s
[2026-05-27 02:20:26] [info] phone-bridge: connected, subscribing to user_registration,user_blf,user_status
[2026-05-27 02:25:56] [warning] phone-bridge: no events for 330s — forcing reconnect
[2026-05-27 02:25:56] [warning] phone-bridge: connection closed (code=1000 reason=)
[2026-05-27 02:25:56] [info] phone-bridge: reconnecting in 1s
[2026-05-27 02:25:58] [info] phone-bridge: connected, subscribing to user_registration,user_blf,user_status
[2026-05-27 02:31:28] [warning] phone-bridge: no events for 330s — forcing reconnect
[2026-05-27 02:31:28] [warning] phone-bridge: connection closed (code=1000 reason=)
[2026-05-27 02:31:28] [info] phone-bridge: reconnecting in 1s
[2026-05-27 02:31:30] [info] phone-bridge: connected, subscribing to user_registration,user_blf,user_status
[2026-05-27 02:37:00] [warning] phone-bridge: no events for 330s — forcing reconnect
[2026-05-27 02:37:00] [warning] phone-bridge: connection closed (code=1000 reason=)
[2026-05-27 02:37:00] [info] phone-bridge: reconnecting in 1s
[2026-05-27 02:37:01] [info] phone-bridge: connected, subscribing to user_registration,user_blf,user_status
[2026-05-27 02:42:31] [warning] phone-bridge: no events for 330s — forcing reconnect
[2026-05-27 02:42:31] [warning] phone-bridge: connection closed (code=1000 reason=)
[2026-05-27 02:42:31] [info] phone-bridge: reconnecting in 1s
[2026-05-27 02:42:33] [info] phone-bridge: connected, subscribing to user_registration,user_blf,user_status
[2026-05-27 02:48:03] [warning] phone-bridge: no events for 330s — forcing reconnect
[2026-05-27 02:48:03] [warning] phone-bridge: connection closed (code=1000 reason=)
[2026-05-27 02:48:03] [info] phone-bridge: reconnecting in 1s
[2026-05-27 02:48:05] [info] phone-bridge: connected, subscribing to user_registration,user_blf,user_status
[2026-05-27 02:53:35] [warning] phone-bridge: no events for 330s — forcing reconnect
[2026-05-27 02:53:35] [warning] phone-bridge: connection closed (code=1000 reason=)
[2026-05-27 02:53:35] [info] phone-bridge: reconnecting in 1s
[2026-05-27 02:53:36] [info] phone-bridge: connected, subscribing to user_registration,user_blf,user_status
[2026-05-27 02:59:07] [warning] phone-bridge: no events for 330s — forcing reconnect
[2026-05-27 02:59:07] [warning] phone-bridge: connection closed (code=1000 reason=)
[2026-05-27 02:59:07] [info] phone-bridge: reconnecting in 1s
[2026-05-27 02:59:08] [info] phone-bridge: connected, subscribing to user_registration,user_blf,user_status
[2026-05-27 03:04:38] [warning] phone-bridge: no events for 330s — forcing reconnect
[2026-05-27 03:04:38] [warning] phone-bridge: connection closed (code=1000 reason=)
[2026-05-27 03:04:38] [info] phone-bridge: reconnecting in 1s
[2026-05-27 03:04:40] [info] phone-bridge: connected, subscribing to user_registration,user_blf,user_status
[2026-05-27 03:10:10] [warning] phone-bridge: no events for 330s — forcing reconnect
[2026-05-27 03:10:10] [warning] phone-bridge: connection closed (code=1000 reason=)
[2026-05-27 03:10:10] [info] phone-bridge: reconnecting in 1s
[2026-05-27 03:10:12] [info] phone-bridge: connected, subscribing to user_registration,user_blf,user_status
[2026-05-27 03:15:42] [warning] phone-bridge: no events for 330s — forcing reconnect
[2026-05-27 03:15:42] [warning] phone-bridge: connection closed (code=1000 reason=)
[2026-05-27 03:15:42] [info] phone-bridge: reconnecting in 1s
[2026-05-27 03:15:43] [info] phone-bridge: connected, subscribing to user_registration,user_blf,user_status
[2026-05-27 03:21:13] [warning] phone-bridge: no events for 330s — forcing reconnect
[2026-05-27 03:21:13] [warning] phone-bridge: connection closed (code=1000 reason=)
[2026-05-27 03:21:13] [info] phone-bridge: reconnecting in 1s
[2026-05-27 03:21:15] [info] phone-bridge: connected, subscribing to user_registration,user_blf,user_status
[2026-05-27 03:26:45] [warning] phone-bridge: no events for 330s — forcing reconnect
[2026-05-27 03:26:45] [warning] phone-bridge: connection closed (code=1000 reason=)
[2026-05-27 03:26:45] [info] phone-bridge: reconnecting in 1s
[2026-05-27 03:26:47] [info] phone-bridge: connected, subscribing to user_registration,user_blf,user_status
[2026-05-27 03:32:17] [warning] phone-bridge: no events for 330s — forcing reconnect
[2026-05-27 03:32:17] [warning] phone-bridge: connection closed (code=1000 reason=)
[2026-05-27 03:32:17] [info] phone-bridge: reconnecting in 1s
[2026-05-27 03:32:18] [info] phone-bridge: connected, subscribing to user_registration,user_blf,user_status
[2026-05-27 03:37:48] [warning] phone-bridge: no events for 330s — forcing reconnect
[2026-05-27 03:37:48] [warning] phone-bridge: connection closed (code=1000 reason=)
[2026-05-27 03:37:48] [info] phone-bridge: reconnecting in 1s
[2026-05-27 03:37:50] [info] phone-bridge: connected, subscribing to user_registration,user_blf,user_status
[2026-05-27 03:43:20] [warning] phone-bridge: no events for 330s — forcing reconnect
[2026-05-27 03:43:20] [warning] phone-bridge: connection closed (code=1000 reason=)
[2026-05-27 03:43:20] [info] phone-bridge: reconnecting in 1s
[2026-05-27 03:43:22] [info] phone-bridge: connected, subscribing to user_registration,user_blf,user_status
[2026-05-27 03:48:52] [warning] phone-bridge: no events for 330s — forcing reconnect
[2026-05-27 03:48:52] [warning] phone-bridge: connection closed (code=1000 reason=)
[2026-05-27 03:48:52] [info] phone-bridge: reconnecting in 1s
[2026-05-27 03:48:54] [info] phone-bridge: connected, subscribing to user_registration,user_blf,user_status
[2026-05-27 03:54:24] [warning] phone-bridge: no events for 330s — forcing reconnect
[2026-05-27 03:54:24] [warning] phone-bridge: connection closed (code=1000 reason=)
[2026-05-27 03:54:24] [info] phone-bridge: reconnecting in 1s
[2026-05-27 03:54:25] [info] phone-bridge: connected, subscribing to user_registration,user_blf,user_status
[2026-05-27 03:59:55] [warning] phone-bridge: no events for 330s — forcing reconnect
[2026-05-27 03:59:55] [warning] phone-bridge: connection closed (code=1000 reason=)
[2026-05-27 03:59:55] [info] phone-bridge: reconnecting in 1s
[2026-05-27 03:59:57] [info] phone-bridge: connected, subscribing to user_registration,user_blf,user_status
[2026-05-27 04:05:27] [warning] phone-bridge: no events for 330s — forcing reconnect
[2026-05-27 04:05:27] [warning] phone-bridge: connection closed (code=1000 reason=)
[2026-05-27 04:05:27] [info] phone-bridge: reconnecting in 1s
[2026-05-27 04:05:29] [info] phone-bridge: connected, subscribing to user_registration,user_blf,user_status
[2026-05-27 04:10:59] [warning] phone-bridge: no events for 330s — forcing reconnect
[2026-05-27 04:10:59] [warning] phone-bridge: connection closed (code=1000 reason=)
[2026-05-27 04:10:59] [info] phone-bridge: reconnecting in 1s
[2026-05-27 04:11:00] [info] phone-bridge: connected, subscribing to user_registration,user_blf,user_status
[2026-05-27 04:16:30] [warning] phone-bridge: no events for 330s — forcing reconnect
[2026-05-27 04:16:30] [warning] phone-bridge: connection closed (code=1000 reason=)
[2026-05-27 04:16:30] [info] phone-bridge: reconnecting in 1s
[2026-05-27 04:16:32] [info] phone-bridge: connected, subscribing to user_registration,user_blf,user_status
[2026-05-27 04:22:02] [warning] phone-bridge: no events for 330s — forcing reconnect
[2026-05-27 04:22:02] [warning] phone-bridge: connection closed (code=1000 reason=)
[2026-05-27 04:22:02] [info] phone-bridge: reconnecting in 1s
[2026-05-27 04:22:04] [info] phone-bridge: connected, subscribing to user_registration,user_blf,user_status
[2026-05-27 04:27:34] [warning] phone-bridge: no events for 330s — forcing reconnect
[2026-05-27 04:27:34] [warning] phone-bridge: connection closed (code=1000 reason=)
[2026-05-27 04:27:34] [info] phone-bridge: reconnecting in 1s
[2026-05-27 04:27:35] [info] phone-bridge: connected, subscribing to user_registration,user_blf,user_status
[2026-05-27 04:33:05] [warning] phone-bridge: no events for 330s — forcing reconnect
[2026-05-27 04:33:05] [warning] phone-bridge: connection closed (code=1000 reason=)
[2026-05-27 04:33:05] [info] phone-bridge: reconnecting in 1s
[2026-05-27 04:33:07] [info] phone-bridge: connected, subscribing to user_registration,user_blf,user_status
[2026-05-27 04:38:37] [warning] phone-bridge: no events for 330s — forcing reconnect
[2026-05-27 04:38:37] [warning] phone-bridge: connection closed (code=1000 reason=)
[2026-05-27 04:38:37] [info] phone-bridge: reconnecting in 1s
[2026-05-27 04:38:39] [info] phone-bridge: connected, subscribing to user_registration,user_blf,user_status
[2026-05-27 04:44:09] [warning] phone-bridge: no events for 330s — forcing reconnect
[2026-05-27 04:44:09] [warning] phone-bridge: connection closed (code=1000 reason=)
[2026-05-27 04:44:09] [info] phone-bridge: reconnecting in 1s
[2026-05-27 04:44:10] [info] phone-bridge: connected, subscribing to user_registration,user_blf,user_status
[2026-05-27 04:49:41] [warning] phone-bridge: no events for 330s — forcing reconnect
[2026-05-27 04:49:41] [warning] phone-bridge: connection closed (code=1000 reason=)
[2026-05-27 04:49:41] [info] phone-bridge: reconnecting in 1s
[2026-05-27 04:49:42] [info] phone-bridge: connected, subscribing to user_registration,user_blf,user_status
[2026-05-27 04:55:12] [warning] phone-bridge: no events for 330s — forcing reconnect
[2026-05-27 04:55:12] [warning] phone-bridge: connection closed (code=1000 reason=)
[2026-05-27 04:55:12] [info] phone-bridge: reconnecting in 1s
[2026-05-27 04:55:14] [info] phone-bridge: connected, subscribing to user_registration,user_blf,user_status
[2026-05-27 05:00:44] [warning] phone-bridge: no events for 330s — forcing reconnect
[2026-05-27 05:00:44] [warning] phone-bridge: connection closed (code=1000 reason=)
[2026-05-27 05:00:44] [info] phone-bridge: reconnecting in 1s
[2026-05-27 05:00:46] [info] phone-bridge: connected, subscribing to user_registration,user_blf,user_status
[2026-05-27 05:06:16] [warning] phone-bridge: no events for 330s — forcing reconnect
[2026-05-27 05:06:16] [warning] phone-bridge: connection closed (code=1000 reason=)
[2026-05-27 05:06:16] [info] phone-bridge: reconnecting in 1s
[2026-05-27 05:06:17] [info] phone-bridge: connected, subscribing to user_registration,user_blf,user_status
[2026-05-27 05:11:47] [warning] phone-bridge: no events for 330s — forcing reconnect
[2026-05-27 05:11:47] [warning] phone-bridge: connection closed (code=1000 reason=)
[2026-05-27 05:11:47] [info] phone-bridge: reconnecting in 1s
[2026-05-27 05:11:49] [info] phone-bridge: connected, subscribing to user_registration,user_blf,user_status
[2026-05-27 05:17:19] [warning] phone-bridge: no events for 330s — forcing reconnect
[2026-05-27 05:17:19] [warning] phone-bridge: connection closed (code=1000 reason=)
[2026-05-27 05:17:19] [info] phone-bridge: reconnecting in 1s
[2026-05-27 05:17:21] [info] phone-bridge: connected, subscribing to user_registration,user_blf,user_status
[2026-05-27 05:22:51] [warning] phone-bridge: no events for 330s — forcing reconnect
[2026-05-27 05:22:51] [warning] phone-bridge: connection closed (code=1000 reason=)
[2026-05-27 05:22:51] [info] phone-bridge: reconnecting in 1s
[2026-05-27 05:22:52] [info] phone-bridge: connected, subscribing to user_registration,user_blf,user_status
[2026-05-27 05:28:22] [warning] phone-bridge: no events for 330s — forcing reconnect
[2026-05-27 05:28:22] [warning] phone-bridge: connection closed (code=1000 reason=)
[2026-05-27 05:28:22] [info] phone-bridge: reconnecting in 1s
[2026-05-27 05:28:24] [info] phone-bridge: connected, subscribing to user_registration,user_blf,user_status
[2026-05-27 05:33:54] [warning] phone-bridge: no events for 330s — forcing reconnect
[2026-05-27 05:33:54] [warning] phone-bridge: connection closed (code=1000 reason=)
[2026-05-27 05:33:54] [info] phone-bridge: reconnecting in 1s
[2026-05-27 05:33:56] [info] phone-bridge: connected, subscribing to user_registration,user_blf,user_status
[2026-05-27 05:39:26] [warning] phone-bridge: no events for 330s — forcing reconnect
[2026-05-27 05:39:26] [warning] phone-bridge: connection closed (code=1000 reason=)
[2026-05-27 05:39:26] [info] phone-bridge: reconnecting in 1s
[2026-05-27 05:39:27] [info] phone-bridge: connected, subscribing to user_registration,user_blf,user_status
[2026-05-27 05:44:58] [warning] phone-bridge: no events for 330s — forcing reconnect
[2026-05-27 05:44:58] [warning] phone-bridge: connection closed (code=1000 reason=)
[2026-05-27 05:44:58] [info] phone-bridge: reconnecting in 1s
[2026-05-27 05:44:59] [info] phone-bridge: connected, subscribing to user_registration,user_blf,user_status
[2026-05-27 05:50:29] [warning] phone-bridge: no events for 330s — forcing reconnect
[2026-05-27 05:50:29] [warning] phone-bridge: connection closed (code=1000 reason=)
[2026-05-27 05:50:29] [info] phone-bridge: reconnecting in 1s
[2026-05-27 05:50:31] [info] phone-bridge: connected, subscribing to user_registration,user_blf,user_status
[2026-05-27 05:56:01] [warning] phone-bridge: no events for 330s — forcing reconnect
[2026-05-27 05:56:01] [warning] phone-bridge: connection closed (code=1000 reason=)
[2026-05-27 05:56:01] [info] phone-bridge: reconnecting in 1s
[2026-05-27 05:56:03] [info] phone-bridge: connected, subscribing to user_registration,user_blf,user_status
[2026-05-27 06:01:33] [warning] phone-bridge: no events for 330s — forcing reconnect
[2026-05-27 06:01:33] [warning] phone-bridge: connection closed (code=1000 reason=)
[2026-05-27 06:01:33] [info] phone-bridge: reconnecting in 1s
[2026-05-27 06:01:34] [info] phone-bridge: connected, subscribing to user_registration,user_blf,user_status
[2026-05-27 06:07:04] [warning] phone-bridge: no events for 330s — forcing reconnect
[2026-05-27 06:07:04] [warning] phone-bridge: connection closed (code=1000 reason=)
[2026-05-27 06:07:04] [info] phone-bridge: reconnecting in 1s
[2026-05-27 06:07:06] [info] phone-bridge: connected, subscribing to user_registration,user_blf,user_status
[2026-05-27 06:12:36] [warning] phone-bridge: no events for 330s — forcing reconnect
[2026-05-27 06:12:36] [warning] phone-bridge: connection closed (code=1000 reason=)
[2026-05-27 06:12:36] [info] phone-bridge: reconnecting in 1s
[2026-05-27 06:12:38] [info] phone-bridge: connected, subscribing to user_registration,user_blf,user_status
[2026-05-27 06:18:08] [warning] phone-bridge: no events for 330s — forcing reconnect
[2026-05-27 06:18:08] [warning] phone-bridge: connection closed (code=1000 reason=)
[2026-05-27 06:18:08] [info] phone-bridge: reconnecting in 1s
[2026-05-27 06:18:09] [info] phone-bridge: connected, subscribing to user_registration,user_blf,user_status
[2026-05-27 06:23:39] [warning] phone-bridge: no events for 330s — forcing reconnect
[2026-05-27 06:23:39] [warning] phone-bridge: connection closed (code=1000 reason=)
[2026-05-27 06:23:39] [info] phone-bridge: reconnecting in 1s
[2026-05-27 06:23:41] [info] phone-bridge: connected, subscribing to user_registration,user_blf,user_status
[2026-05-27 06:29:11] [warning] phone-bridge: no events for 330s — forcing reconnect
[2026-05-27 06:29:11] [warning] phone-bridge: connection closed (code=1000 reason=)
[2026-05-27 06:29:11] [info] phone-bridge: reconnecting in 1s
[2026-05-27 06:29:13] [info] phone-bridge: connected, subscribing to user_registration,user_blf,user_status
[2026-05-27 18:46:23] [warning] phone-bridge: no events for 311s — forcing reconnect
[2026-05-27 18:46:23] [warning] phone-bridge: connection closed (code=1000 reason=)
[2026-05-27 18:46:23] [info] phone-bridge: reconnecting in 1s
[2026-05-27 18:46:24] [info] phone-bridge: connected, subscribing to user_registration,user_blf,user_status
[2026-05-27 18:51:54] [warning] phone-bridge: no events for 330s — forcing reconnect
[2026-05-27 18:51:54] [warning] phone-bridge: connection closed (code=1000 reason=)
[2026-05-27 18:51:54] [info] phone-bridge: reconnecting in 1s
[2026-05-27 18:51:56] [info] phone-bridge: connected, subscribing to user_registration,user_blf,user_status
[2026-05-27 18:57:26] [warning] phone-bridge: no events for 330s — forcing reconnect
[2026-05-27 18:57:26] [warning] phone-bridge: connection closed (code=1000 reason=)
[2026-05-27 18:57:26] [info] phone-bridge: reconnecting in 1s
[2026-05-27 18:57:27] [info] phone-bridge: connected, subscribing to user_registration,user_blf,user_status
[2026-05-27 19:02:57] [warning] phone-bridge: no events for 330s — forcing reconnect
[2026-05-27 19:02:57] [warning] phone-bridge: connection closed (code=1000 reason=)
[2026-05-27 19:02:57] [info] phone-bridge: reconnecting in 1s
[2026-05-27 19:02:59] [info] phone-bridge: connected, subscribing to user_registration,user_blf,user_status
[2026-05-27 19:08:29] [warning] phone-bridge: no events for 330s — forcing reconnect
[2026-05-27 19:08:29] [warning] phone-bridge: connection closed (code=1000 reason=)
[2026-05-27 19:08:29] [info] phone-bridge: reconnecting in 1s
[2026-05-27 19:08:30] [info] phone-bridge: connected, subscribing to user_registration,user_blf,user_status
[2026-05-27 19:14:00] [warning] phone-bridge: no events for 330s — forcing reconnect
[2026-05-27 19:14:00] [warning] phone-bridge: connection closed (code=1000 reason=)
[2026-05-27 19:14:00] [info] phone-bridge: reconnecting in 1s
[2026-05-27 19:14:02] [info] phone-bridge: connected, subscribing to user_registration,user_blf,user_status
[2026-05-27 19:19:32] [warning] phone-bridge: no events for 330s — forcing reconnect
[2026-05-27 19:19:32] [warning] phone-bridge: connection closed (code=1000 reason=)
[2026-05-27 19:19:32] [info] phone-bridge: reconnecting in 1s
[2026-05-27 19:19:33] [info] phone-bridge: connected, subscribing to user_registration,user_blf,user_status
[2026-05-27 19:25:03] [warning] phone-bridge: no events for 330s — forcing reconnect
[2026-05-27 19:25:03] [warning] phone-bridge: connection closed (code=1000 reason=)
[2026-05-27 19:25:03] [info] phone-bridge: reconnecting in 1s
[2026-05-27 19:25:05] [info] phone-bridge: connected, subscribing to user_registration,user_blf,user_status
[2026-05-27 19:30:35] [warning] phone-bridge: no events for 330s — forcing reconnect
[2026-05-27 19:30:35] [warning] phone-bridge: connection closed (code=1000 reason=)
[2026-05-27 19:30:35] [info] phone-bridge: reconnecting in 1s
[2026-05-27 19:30:37] [info] phone-bridge: connected, subscribing to user_registration,user_blf,user_status
[2026-05-27 19:36:07] [warning] phone-bridge: no events for 330s — forcing reconnect
[2026-05-27 19:36:07] [warning] phone-bridge: connection closed (code=1000 reason=)
[2026-05-27 19:36:07] [info] phone-bridge: reconnecting in 1s
[2026-05-27 19:36:08] [info] phone-bridge: connected, subscribing to user_registration,user_blf,user_status
[2026-05-27 19:41:38] [warning] phone-bridge: no events for 330s — forcing reconnect
[2026-05-27 19:41:38] [warning] phone-bridge: connection closed (code=1000 reason=)
[2026-05-27 19:41:38] [info] phone-bridge: reconnecting in 1s
[2026-05-27 19:41:40] [info] phone-bridge: connected, subscribing to user_registration,user_blf,user_status
[2026-05-27 19:47:10] [warning] phone-bridge: no events for 330s — forcing reconnect
[2026-05-27 19:47:10] [warning] phone-bridge: connection closed (code=1000 reason=)
[2026-05-27 19:47:10] [info] phone-bridge: reconnecting in 1s
[2026-05-27 19:47:11] [info] phone-bridge: connected, subscribing to user_registration,user_blf,user_status
[2026-05-27 19:52:12] [warning] phone-bridge: no events for 301s — forcing reconnect
[2026-05-27 19:52:12] [warning] phone-bridge: connection closed (code=1000 reason=)
[2026-05-27 19:52:12] [info] phone-bridge: reconnecting in 1s
[2026-05-27 19:52:13] [info] phone-bridge: connected, subscribing to user_registration,user_blf,user_status
[2026-05-27 19:57:43] [warning] phone-bridge: no events for 330s — forcing reconnect
[2026-05-27 19:57:43] [warning] phone-bridge: connection closed (code=1000 reason=)
[2026-05-27 19:57:43] [info] phone-bridge: reconnecting in 1s
[2026-05-27 19:57:44] [info] phone-bridge: connected, subscribing to user_registration,user_blf,user_status
[2026-05-27 20:03:14] [warning] phone-bridge: no events for 330s — forcing reconnect
[2026-05-27 20:03:14] [warning] phone-bridge: connection closed (code=1000 reason=)
[2026-05-27 20:03:14] [info] phone-bridge: reconnecting in 1s
[2026-05-27 20:03:16] [info] phone-bridge: connected, subscribing to user_registration,user_blf,user_status
[2026-05-27 20:13:46] [warning] phone-bridge: no events for 322s — forcing reconnect
[2026-05-27 20:13:46] [warning] phone-bridge: connection closed (code=1000 reason=)
[2026-05-27 20:13:46] [info] phone-bridge: reconnecting in 1s
[2026-05-27 20:13:47] [info] phone-bridge: connected, subscribing to user_registration,user_blf,user_status
[2026-05-27 20:22:48] [warning] phone-bridge: no events for 320s — forcing reconnect
[2026-05-27 20:22:48] [warning] phone-bridge: connection closed (code=1000 reason=)
[2026-05-27 20:22:48] [info] phone-bridge: reconnecting in 1s
[2026-05-27 20:22:49] [info] phone-bridge: connected, subscribing to user_registration,user_blf,user_status
[2026-05-27 20:28:19] [warning] phone-bridge: no events for 330s — forcing reconnect
[2026-05-27 20:28:19] [warning] phone-bridge: connection closed (code=1000 reason=)
[2026-05-27 20:28:19] [info] phone-bridge: reconnecting in 1s
[2026-05-27 20:28:21] [info] phone-bridge: connected, subscribing to user_registration,user_blf,user_status
[2026-05-27 20:33:51] [warning] phone-bridge: no events for 330s — forcing reconnect
[2026-05-27 20:33:51] [warning] phone-bridge: connection closed (code=1000 reason=)
[2026-05-27 20:33:51] [info] phone-bridge: reconnecting in 1s
[2026-05-27 20:33:52] [info] phone-bridge: connected, subscribing to user_registration,user_blf,user_status
[2026-05-27 20:39:22] [warning] phone-bridge: no events for 330s — forcing reconnect
[2026-05-27 20:39:22] [warning] phone-bridge: connection closed (code=1000 reason=)
[2026-05-27 20:39:22] [info] phone-bridge: reconnecting in 1s
[2026-05-27 20:39:24] [info] phone-bridge: connected, subscribing to user_registration,user_blf,user_status
[2026-05-27 20:44:54] [warning] phone-bridge: no events for 330s — forcing reconnect
[2026-05-27 20:44:54] [warning] phone-bridge: connection closed (code=1000 reason=)
[2026-05-27 20:44:54] [info] phone-bridge: reconnecting in 1s
[2026-05-27 20:44:55] [info] phone-bridge: connected, subscribing to user_registration,user_blf,user_status
[2026-05-27 20:50:25] [warning] phone-bridge: no events for 330s — forcing reconnect
[2026-05-27 20:50:25] [warning] phone-bridge: connection closed (code=1000 reason=)
[2026-05-27 20:50:25] [info] phone-bridge: reconnecting in 1s
[2026-05-27 20:50:27] [info] phone-bridge: connected, subscribing to user_registration,user_blf,user_status
[2026-05-27 20:55:57] [warning] phone-bridge: no events for 330s — forcing reconnect
[2026-05-27 20:55:57] [warning] phone-bridge: connection closed (code=1000 reason=)
[2026-05-27 20:55:57] [info] phone-bridge: reconnecting in 1s
[2026-05-27 20:55:58] [info] phone-bridge: connected, subscribing to user_registration,user_blf,user_status
[2026-05-27 21:01:28] [warning] phone-bridge: no events for 330s — forcing reconnect
[2026-05-27 21:01:28] [warning] phone-bridge: connection closed (code=1000 reason=)
[2026-05-27 21:01:28] [info] phone-bridge: reconnecting in 1s
[2026-05-27 21:01:30] [info] phone-bridge: connected, subscribing to user_registration,user_blf,user_status
[2026-05-27 21:07:00] [warning] phone-bridge: no events for 330s — forcing reconnect
[2026-05-27 21:07:00] [warning] phone-bridge: connection closed (code=1000 reason=)
[2026-05-27 21:07:00] [info] phone-bridge: reconnecting in 1s
[2026-05-27 21:07:01] [info] phone-bridge: connected, subscribing to user_registration,user_blf,user_status
[2026-05-27 21:12:31] [warning] phone-bridge: no events for 330s — forcing reconnect
[2026-05-27 21:12:31] [warning] phone-bridge: connection closed (code=1000 reason=)
[2026-05-27 21:12:31] [info] phone-bridge: reconnecting in 1s
[2026-05-27 21:12:33] [info] phone-bridge: connected, subscribing to user_registration,user_blf,user_status
[2026-05-27 21:18:03] [warning] phone-bridge: no events for 330s — forcing reconnect
[2026-05-27 21:18:03] [warning] phone-bridge: connection closed (code=1000 reason=)
[2026-05-27 21:18:03] [info] phone-bridge: reconnecting in 1s
[2026-05-27 21:18:04] [info] phone-bridge: connected, subscribing to user_registration,user_blf,user_status
[2026-05-27 21:23:34] [warning] phone-bridge: no events for 330s — forcing reconnect
[2026-05-27 21:23:34] [warning] phone-bridge: connection closed (code=1000 reason=)
[2026-05-27 21:23:34] [info] phone-bridge: reconnecting in 1s
[2026-05-27 21:23:36] [info] phone-bridge: connected, subscribing to user_registration,user_blf,user_status
[2026-05-27 21:29:06] [warning] phone-bridge: no events for 330s — forcing reconnect
[2026-05-27 21:29:06] [warning] phone-bridge: connection closed (code=1000 reason=)
[2026-05-27 21:29:06] [info] phone-bridge: reconnecting in 1s
[2026-05-27 21:29:07] [info] phone-bridge: connected, subscribing to user_registration,user_blf,user_status
[2026-05-27 21:34:08] [warning] phone-bridge: no events for 301s — forcing reconnect
[2026-05-27 21:34:08] [warning] phone-bridge: connection closed (code=1000 reason=)
[2026-05-27 21:34:08] [info] phone-bridge: reconnecting in 1s
[2026-05-27 21:34:09] [info] phone-bridge: connected, subscribing to user_registration,user_blf,user_status
[2026-05-27 21:39:39] [warning] phone-bridge: no events for 330s — forcing reconnect
[2026-05-27 21:39:39] [warning] phone-bridge: connection closed (code=1000 reason=)
[2026-05-27 21:39:39] [info] phone-bridge: reconnecting in 1s
[2026-05-27 21:39:40] [info] phone-bridge: connected, subscribing to user_registration,user_blf,user_status
[2026-05-27 21:45:10] [warning] phone-bridge: no events for 330s — forcing reconnect
[2026-05-27 21:45:10] [warning] phone-bridge: connection closed (code=1000 reason=)
[2026-05-27 21:45:10] [info] phone-bridge: reconnecting in 1s
[2026-05-27 21:45:12] [info] phone-bridge: connected, subscribing to user_registration,user_blf,user_status
[2026-05-27 21:50:42] [warning] phone-bridge: no events for 330s — forcing reconnect
[2026-05-27 21:50:42] [warning] phone-bridge: connection closed (code=1000 reason=)
[2026-05-27 21:50:42] [info] phone-bridge: reconnecting in 1s
[2026-05-27 21:50:43] [info] phone-bridge: connected, subscribing to user_registration,user_blf,user_status
[2026-05-27 21:56:14] [warning] phone-bridge: no events for 330s — forcing reconnect
[2026-05-27 21:56:14] [warning] phone-bridge: connection closed (code=1000 reason=)
[2026-05-27 21:56:14] [info] phone-bridge: reconnecting in 1s
[2026-05-27 21:56:15] [info] phone-bridge: connected, subscribing to user_registration,user_blf,user_status
[2026-05-27 22:01:45] [warning] phone-bridge: no events for 330s — forcing reconnect
[2026-05-27 22:01:45] [warning] phone-bridge: connection closed (code=1000 reason=)
[2026-05-27 22:01:45] [info] phone-bridge: reconnecting in 1s
[2026-05-27 22:01:47] [info] phone-bridge: connected, subscribing to user_registration,user_blf,user_status
[2026-05-27 22:07:17] [warning] phone-bridge: no events for 330s — forcing reconnect
[2026-05-27 22:07:17] [warning] phone-bridge: connection closed (code=1000 reason=)
[2026-05-27 22:07:17] [info] phone-bridge: reconnecting in 1s
[2026-05-27 22:07:18] [info] phone-bridge: connected, subscribing to user_registration,user_blf,user_status
[2026-05-27 22:12:48] [warning] phone-bridge: no events for 330s — forcing reconnect
[2026-05-27 22:12:48] [warning] phone-bridge: connection closed (code=1000 reason=)
[2026-05-27 22:12:48] [info] phone-bridge: reconnecting in 1s
[2026-05-27 22:12:50] [info] phone-bridge: connected, subscribing to user_registration,user_blf,user_status
[2026-05-27 22:18:20] [warning] phone-bridge: no events for 330s — forcing reconnect
[2026-05-27 22:18:20] [warning] phone-bridge: connection closed (code=1000 reason=)
[2026-05-27 22:18:20] [info] phone-bridge: reconnecting in 1s
[2026-05-27 22:18:21] [info] phone-bridge: connected, subscribing to user_registration,user_blf,user_status
[2026-05-27 22:23:51] [warning] phone-bridge: no events for 330s — forcing reconnect
[2026-05-27 22:23:51] [warning] phone-bridge: connection closed (code=1000 reason=)
[2026-05-27 22:23:51] [info] phone-bridge: reconnecting in 1s
[2026-05-27 22:23:53] [info] phone-bridge: connected, subscribing to user_registration,user_blf,user_status
[2026-05-27 22:29:23] [warning] phone-bridge: no events for 330s — forcing reconnect
[2026-05-27 22:29:23] [warning] phone-bridge: connection closed (code=1000 reason=)
[2026-05-27 22:29:23] [info] phone-bridge: reconnecting in 1s
[2026-05-27 22:29:24] [info] phone-bridge: connected, subscribing to user_registration,user_blf,user_status
[2026-05-27 22:34:54] [warning] phone-bridge: no events for 330s — forcing reconnect
[2026-05-27 22:34:54] [warning] phone-bridge: connection closed (code=1000 reason=)
[2026-05-27 22:34:54] [info] phone-bridge: reconnecting in 1s
[2026-05-27 22:34:56] [info] phone-bridge: connected, subscribing to user_registration,user_blf,user_status
[2026-05-27 22:40:26] [warning] phone-bridge: no events for 330s — forcing reconnect
[2026-05-27 22:40:26] [warning] phone-bridge: connection closed (code=1000 reason=)
[2026-05-27 22:40:26] [info] phone-bridge: reconnecting in 1s
[2026-05-27 22:40:27] [info] phone-bridge: connected, subscribing to user_registration,user_blf,user_status
[2026-05-27 22:45:57] [warning] phone-bridge: no events for 330s — forcing reconnect
[2026-05-27 22:45:57] [warning] phone-bridge: connection closed (code=1000 reason=)
[2026-05-27 22:45:57] [info] phone-bridge: reconnecting in 1s
[2026-05-27 22:45:59] [info] phone-bridge: connected, subscribing to user_registration,user_blf,user_status
[2026-05-27 22:51:29] [warning] phone-bridge: no events for 330s — forcing reconnect
[2026-05-27 22:51:29] [warning] phone-bridge: connection closed (code=1000 reason=)
[2026-05-27 22:51:29] [info] phone-bridge: reconnecting in 1s
[2026-05-27 22:51:30] [info] phone-bridge: connected, subscribing to user_registration,user_blf,user_status
[2026-05-27 22:57:00] [warning] phone-bridge: no events for 330s — forcing reconnect
[2026-05-27 22:57:00] [warning] phone-bridge: connection closed (code=1000 reason=)
[2026-05-27 22:57:00] [info] phone-bridge: reconnecting in 1s
[2026-05-27 22:57:02] [info] phone-bridge: connected, subscribing to user_registration,user_blf,user_status
[2026-05-27 23:02:32] [warning] phone-bridge: no events for 330s — forcing reconnect
[2026-05-27 23:02:32] [warning] phone-bridge: connection closed (code=1000 reason=)
[2026-05-27 23:02:32] [info] phone-bridge: reconnecting in 1s
[2026-05-27 23:02:33] [info] phone-bridge: connected, subscribing to user_registration,user_blf,user_status
[2026-05-27 23:08:03] [warning] phone-bridge: no events for 330s — forcing reconnect
[2026-05-27 23:08:03] [warning] phone-bridge: connection closed (code=1000 reason=)
[2026-05-27 23:08:03] [info] phone-bridge: reconnecting in 1s
[2026-05-27 23:08:05] [info] phone-bridge: connected, subscribing to user_registration,user_blf,user_status
[2026-05-27 23:13:35] [warning] phone-bridge: no events for 330s — forcing reconnect
[2026-05-27 23:13:35] [warning] phone-bridge: connection closed (code=1000 reason=)
[2026-05-27 23:13:35] [info] phone-bridge: reconnecting in 1s
[2026-05-27 23:13:36] [info] phone-bridge: connected, subscribing to user_registration,user_blf,user_status
[2026-05-27 23:19:06] [warning] phone-bridge: no events for 330s — forcing reconnect
[2026-05-27 23:19:06] [warning] phone-bridge: connection closed (code=1000 reason=)
[2026-05-27 23:19:06] [info] phone-bridge: reconnecting in 1s
[2026-05-27 23:19:08] [info] phone-bridge: connected, subscribing to user_registration,user_blf,user_status
[2026-05-27 23:24:38] [warning] phone-bridge: no events for 330s — forcing reconnect
[2026-05-27 23:24:38] [warning] phone-bridge: connection closed (code=1000 reason=)
[2026-05-27 23:24:38] [info] phone-bridge: reconnecting in 1s
[2026-05-27 23:24:40] [info] phone-bridge: connected, subscribing to user_registration,user_blf,user_status
[2026-05-27 23:30:10] [warning] phone-bridge: no events for 330s — forcing reconnect
[2026-05-27 23:30:10] [warning] phone-bridge: connection closed (code=1000 reason=)
[2026-05-27 23:30:10] [info] phone-bridge: reconnecting in 1s
[2026-05-27 23:30:11] [info] phone-bridge: connected, subscribing to user_registration,user_blf,user_status
[2026-05-27 23:35:41] [warning] phone-bridge: no events for 330s — forcing reconnect
[2026-05-27 23:35:41] [warning] phone-bridge: connection closed (code=1000 reason=)
[2026-05-27 23:35:41] [info] phone-bridge: reconnecting in 1s
[2026-05-27 23:35:43] [info] phone-bridge: connected, subscribing to user_registration,user_blf,user_status
[2026-05-27 23:41:13] [warning] phone-bridge: no events for 330s — forcing reconnect
[2026-05-27 23:41:13] [warning] phone-bridge: connection closed (code=1000 reason=)
[2026-05-27 23:41:13] [info] phone-bridge: reconnecting in 1s
[2026-05-27 23:41:14] [info] phone-bridge: connected, subscribing to user_registration,user_blf,user_status
[2026-05-27 23:46:44] [warning] phone-bridge: no events for 330s — forcing reconnect
[2026-05-27 23:46:44] [warning] phone-bridge: connection closed (code=1000 reason=)
[2026-05-27 23:46:44] [info] phone-bridge: reconnecting in 1s
[2026-05-27 23:46:46] [info] phone-bridge: connected, subscribing to user_registration,user_blf,user_status
[2026-05-27 23:52:16] [warning] phone-bridge: no events for 330s — forcing reconnect
[2026-05-27 23:52:16] [warning] phone-bridge: connection closed (code=1000 reason=)
[2026-05-27 23:52:16] [info] phone-bridge: reconnecting in 1s
[2026-05-27 23:52:17] [info] phone-bridge: connected, subscribing to user_registration,user_blf,user_status
[2026-05-27 23:57:47] [warning] phone-bridge: no events for 330s — forcing reconnect
[2026-05-27 23:57:47] [warning] phone-bridge: connection closed (code=1000 reason=)
[2026-05-27 23:57:47] [info] phone-bridge: reconnecting in 1s
[2026-05-27 23:57:49] [info] phone-bridge: connected, subscribing to user_registration,user_blf,user_status
[2026-05-28 00:03:19] [warning] phone-bridge: no events for 330s — forcing reconnect
[2026-05-28 00:03:19] [warning] phone-bridge: connection closed (code=1000 reason=)
[2026-05-28 00:03:19] [info] phone-bridge: reconnecting in 1s
[2026-05-28 00:03:20] [info] phone-bridge: connected, subscribing to user_registration,user_blf,user_status
[2026-05-28 00:08:50] [warning] phone-bridge: no events for 330s — forcing reconnect
[2026-05-28 00:08:50] [warning] phone-bridge: connection closed (code=1000 reason=)
[2026-05-28 00:08:50] [info] phone-bridge: reconnecting in 1s
[2026-05-28 00:08:52] [info] phone-bridge: connected, subscribing to user_registration,user_blf,user_status
[2026-05-28 00:14:22] [warning] phone-bridge: no events for 330s — forcing reconnect
[2026-05-28 00:14:22] [warning] phone-bridge: connection closed (code=1000 reason=)
[2026-05-28 00:14:22] [info] phone-bridge: reconnecting in 1s
[2026-05-28 00:14:23] [info] phone-bridge: connected, subscribing to user_registration,user_blf,user_status
[2026-05-28 00:19:53] [warning] phone-bridge: no events for 330s — forcing reconnect
[2026-05-28 00:19:53] [warning] phone-bridge: connection closed (code=1000 reason=)
[2026-05-28 00:19:53] [info] phone-bridge: reconnecting in 1s
[2026-05-28 00:19:55] [info] phone-bridge: connected, subscribing to user_registration,user_blf,user_status
[2026-05-28 00:25:25] [warning] phone-bridge: no events for 330s — forcing reconnect
[2026-05-28 00:25:25] [warning] phone-bridge: connection closed (code=1000 reason=)
[2026-05-28 00:25:25] [info] phone-bridge: reconnecting in 1s
[2026-05-28 00:25:26] [info] phone-bridge: connected, subscribing to user_registration,user_blf,user_status
[2026-05-28 00:30:56] [warning] phone-bridge: no events for 330s — forcing reconnect
[2026-05-28 00:30:56] [warning] phone-bridge: connection closed (code=1000 reason=)
[2026-05-28 00:30:56] [info] phone-bridge: reconnecting in 1s
[2026-05-28 00:30:58] [info] phone-bridge: connected, subscribing to user_registration,user_blf,user_status
[2026-05-28 00:59:58] [warning] phone-bridge: no events for 323s — forcing reconnect
[2026-05-28 00:59:58] [warning] phone-bridge: connection closed (code=1000 reason=)
[2026-05-28 00:59:58] [info] phone-bridge: reconnecting in 1s
[2026-05-28 01:00:00] [info] phone-bridge: connected, subscribing to user_registration,user_blf,user_status
[2026-05-28 01:05:30] [warning] phone-bridge: no events for 330s — forcing reconnect
[2026-05-28 01:05:30] [warning] phone-bridge: connection closed (code=1000 reason=)
[2026-05-28 01:05:30] [info] phone-bridge: reconnecting in 1s
[2026-05-28 01:05:31] [info] phone-bridge: connected, subscribing to user_registration,user_blf,user_status
[2026-05-28 01:11:01] [warning] phone-bridge: no events for 330s — forcing reconnect
[2026-05-28 01:11:01] [warning] phone-bridge: connection closed (code=1000 reason=)
[2026-05-28 01:11:01] [info] phone-bridge: reconnecting in 1s
[2026-05-28 01:11:03] [info] phone-bridge: connected, subscribing to user_registration,user_blf,user_status
[2026-05-28 01:16:33] [warning] phone-bridge: no events for 330s — forcing reconnect
[2026-05-28 01:16:33] [warning] phone-bridge: connection closed (code=1000 reason=)
[2026-05-28 01:16:33] [info] phone-bridge: reconnecting in 1s
[2026-05-28 01:16:34] [info] phone-bridge: connected, subscribing to user_registration,user_blf,user_status
[2026-05-28 01:22:04] [warning] phone-bridge: no events for 330s — forcing reconnect
[2026-05-28 01:22:04] [warning] phone-bridge: connection closed (code=1000 reason=)
[2026-05-28 01:22:04] [info] phone-bridge: reconnecting in 1s
[2026-05-28 01:22:06] [info] phone-bridge: connected, subscribing to user_registration,user_blf,user_status
[2026-05-28 01:27:36] [warning] phone-bridge: no events for 330s — forcing reconnect
[2026-05-28 01:27:36] [warning] phone-bridge: connection closed (code=1000 reason=)
[2026-05-28 01:27:36] [info] phone-bridge: reconnecting in 1s
[2026-05-28 01:27:38] [info] phone-bridge: connected, subscribing to user_registration,user_blf,user_status
[2026-05-28 01:33:08] [warning] phone-bridge: no events for 330s — forcing reconnect
[2026-05-28 01:33:08] [warning] phone-bridge: connection closed (code=1000 reason=)
[2026-05-28 01:33:08] [info] phone-bridge: reconnecting in 1s
[2026-05-28 01:33:09] [info] phone-bridge: connected, subscribing to user_registration,user_blf,user_status
[2026-05-28 01:38:39] [warning] phone-bridge: no events for 330s — forcing reconnect
[2026-05-28 01:38:39] [warning] phone-bridge: connection closed (code=1000 reason=)
[2026-05-28 01:38:39] [info] phone-bridge: reconnecting in 1s
[2026-05-28 01:38:41] [info] phone-bridge: connected, subscribing to user_registration,user_blf,user_status
[2026-05-28 01:44:11] [warning] phone-bridge: no events for 330s — forcing reconnect
[2026-05-28 01:44:11] [warning] phone-bridge: connection closed (code=1000 reason=)
[2026-05-28 01:44:11] [info] phone-bridge: reconnecting in 1s
[2026-05-28 01:44:12] [info] phone-bridge: connected, subscribing to user_registration,user_blf,user_status
[2026-05-28 01:49:42] [warning] phone-bridge: no events for 330s — forcing reconnect
[2026-05-28 01:49:42] [warning] phone-bridge: connection closed (code=1000 reason=)
[2026-05-28 01:49:42] [info] phone-bridge: reconnecting in 1s
[2026-05-28 01:49:44] [info] phone-bridge: connected, subscribing to user_registration,user_blf,user_status
[2026-05-28 01:55:14] [warning] phone-bridge: no events for 330s — forcing reconnect
[2026-05-28 01:55:14] [warning] phone-bridge: connection closed (code=1000 reason=)
[2026-05-28 01:55:14] [info] phone-bridge: reconnecting in 1s
[2026-05-28 01:55:15] [info] phone-bridge: connected, subscribing to user_registration,user_blf,user_status
[2026-05-28 02:00:45] [warning] phone-bridge: no events for 330s — forcing reconnect
[2026-05-28 02:00:45] [warning] phone-bridge: connection closed (code=1000 reason=)
[2026-05-28 02:00:45] [info] phone-bridge: reconnecting in 1s
[2026-05-28 02:00:47] [info] phone-bridge: connected, subscribing to user_registration,user_blf,user_status
[2026-05-28 02:06:17] [warning] phone-bridge: no events for 330s — forcing reconnect
[2026-05-28 02:06:17] [warning] phone-bridge: connection closed (code=1000 reason=)
[2026-05-28 02:06:17] [info] phone-bridge: reconnecting in 1s
[2026-05-28 02:06:18] [info] phone-bridge: connected, subscribing to user_registration,user_blf,user_status
[2026-05-28 02:11:48] [warning] phone-bridge: no events for 330s — forcing reconnect
[2026-05-28 02:11:48] [warning] phone-bridge: connection closed (code=1000 reason=)
[2026-05-28 02:11:48] [info] phone-bridge: reconnecting in 1s
[2026-05-28 02:11:50] [info] phone-bridge: connected, subscribing to user_registration,user_blf,user_status
[2026-05-28 02:17:20] [warning] phone-bridge: no events for 330s — forcing reconnect
[2026-05-28 02:17:20] [warning] phone-bridge: connection closed (code=1000 reason=)
[2026-05-28 02:17:20] [info] phone-bridge: reconnecting in 1s
[2026-05-28 02:17:21] [info] phone-bridge: connected, subscribing to user_registration,user_blf,user_status
[2026-05-28 02:22:51] [warning] phone-bridge: no events for 330s — forcing reconnect
[2026-05-28 02:22:51] [warning] phone-bridge: connection closed (code=1000 reason=)
[2026-05-28 02:22:51] [info] phone-bridge: reconnecting in 1s
[2026-05-28 02:22:53] [info] phone-bridge: connected, subscribing to user_registration,user_blf,user_status
[2026-05-28 02:28:23] [warning] phone-bridge: no events for 330s — forcing reconnect
[2026-05-28 02:28:23] [warning] phone-bridge: connection closed (code=1000 reason=)
[2026-05-28 02:28:23] [info] phone-bridge: reconnecting in 1s
[2026-05-28 02:28:24] [info] phone-bridge: connected, subscribing to user_registration,user_blf,user_status
[2026-05-28 02:33:54] [warning] phone-bridge: no events for 330s — forcing reconnect
[2026-05-28 02:33:54] [warning] phone-bridge: connection closed (code=1000 reason=)
[2026-05-28 02:33:54] [info] phone-bridge: reconnecting in 1s
[2026-05-28 02:33:56] [info] phone-bridge: connected, subscribing to user_registration,user_blf,user_status
[2026-05-28 02:39:26] [warning] phone-bridge: no events for 330s — forcing reconnect
[2026-05-28 02:39:26] [warning] phone-bridge: connection closed (code=1000 reason=)
[2026-05-28 02:39:26] [info] phone-bridge: reconnecting in 1s
[2026-05-28 02:39:27] [info] phone-bridge: connected, subscribing to user_registration,user_blf,user_status
[2026-05-28 02:44:57] [warning] phone-bridge: no events for 330s — forcing reconnect
[2026-05-28 02:44:57] [warning] phone-bridge: connection closed (code=1000 reason=)
[2026-05-28 02:44:57] [info] phone-bridge: reconnecting in 1s
[2026-05-28 02:44:59] [info] phone-bridge: connected, subscribing to user_registration,user_blf,user_status
[2026-05-28 02:50:29] [warning] phone-bridge: no events for 330s — forcing reconnect
[2026-05-28 02:50:29] [warning] phone-bridge: connection closed (code=1000 reason=)
[2026-05-28 02:50:29] [info] phone-bridge: reconnecting in 1s
[2026-05-28 02:50:30] [info] phone-bridge: connected, subscribing to user_registration,user_blf,user_status
[2026-05-28 02:56:00] [warning] phone-bridge: no events for 330s — forcing reconnect
[2026-05-28 02:56:00] [warning] phone-bridge: connection closed (code=1000 reason=)
[2026-05-28 02:56:00] [info] phone-bridge: reconnecting in 1s
[2026-05-28 02:56:02] [info] phone-bridge: connected, subscribing to user_registration,user_blf,user_status
[2026-05-28 03:01:32] [warning] phone-bridge: no events for 330s — forcing reconnect
[2026-05-28 03:01:32] [warning] phone-bridge: connection closed (code=1000 reason=)
[2026-05-28 03:01:32] [info] phone-bridge: reconnecting in 1s
[2026-05-28 03:01:33] [info] phone-bridge: connected, subscribing to user_registration,user_blf,user_status
[2026-05-28 03:07:03] [warning] phone-bridge: no events for 330s — forcing reconnect
[2026-05-28 03:07:03] [warning] phone-bridge: connection closed (code=1000 reason=)
[2026-05-28 03:07:03] [info] phone-bridge: reconnecting in 1s
[2026-05-28 03:07:05] [info] phone-bridge: connected, subscribing to user_registration,user_blf,user_status
[2026-05-28 03:12:35] [warning] phone-bridge: no events for 330s — forcing reconnect
[2026-05-28 03:12:35] [warning] phone-bridge: connection closed (code=1000 reason=)
[2026-05-28 03:12:35] [info] phone-bridge: reconnecting in 1s
[2026-05-28 03:12:36] [info] phone-bridge: connected, subscribing to user_registration,user_blf,user_status
[2026-05-28 03:18:06] [warning] phone-bridge: no events for 330s — forcing reconnect
[2026-05-28 03:18:06] [warning] phone-bridge: connection closed (code=1000 reason=)
[2026-05-28 03:18:06] [info] phone-bridge: reconnecting in 1s
[2026-05-28 03:18:08] [info] phone-bridge: connected, subscribing to user_registration,user_blf,user_status
[2026-05-28 03:23:38] [warning] phone-bridge: no events for 330s — forcing reconnect
[2026-05-28 03:23:38] [warning] phone-bridge: connection closed (code=1000 reason=)
[2026-05-28 03:23:38] [info] phone-bridge: reconnecting in 1s
[2026-05-28 03:23:39] [info] phone-bridge: connected, subscribing to user_registration,user_blf,user_status
[2026-05-28 03:29:09] [warning] phone-bridge: no events for 330s — forcing reconnect
[2026-05-28 03:29:09] [warning] phone-bridge: connection closed (code=1000 reason=)
[2026-05-28 03:29:09] [info] phone-bridge: reconnecting in 1s
[2026-05-28 03:29:11] [info] phone-bridge: connected, subscribing to user_registration,user_blf,user_status
[2026-05-28 03:34:41] [warning] phone-bridge: no events for 330s — forcing reconnect
[2026-05-28 03:34:41] [warning] phone-bridge: connection closed (code=1000 reason=)
[2026-05-28 03:34:41] [info] phone-bridge: reconnecting in 1s
[2026-05-28 03:34:42] [info] phone-bridge: connected, subscribing to user_registration,user_blf,user_status
[2026-05-28 03:40:12] [warning] phone-bridge: no events for 330s — forcing reconnect
[2026-05-28 03:40:12] [warning] phone-bridge: connection closed (code=1000 reason=)
[2026-05-28 03:40:12] [info] phone-bridge: reconnecting in 1s
[2026-05-28 03:40:14] [info] phone-bridge: connected, subscribing to user_registration,user_blf,user_status
[2026-05-28 03:45:44] [warning] phone-bridge: no events for 330s — forcing reconnect
[2026-05-28 03:45:44] [warning] phone-bridge: connection closed (code=1000 reason=)
[2026-05-28 03:45:44] [info] phone-bridge: reconnecting in 1s
[2026-05-28 03:45:45] [info] phone-bridge: connected, subscribing to user_registration,user_blf,user_status
[2026-05-28 03:51:16] [warning] phone-bridge: no events for 330s — forcing reconnect
[2026-05-28 03:51:16] [warning] phone-bridge: connection closed (code=1000 reason=)
[2026-05-28 03:51:16] [info] phone-bridge: reconnecting in 1s
[2026-05-28 03:51:17] [info] phone-bridge: connected, subscribing to user_registration,user_blf,user_status
[2026-05-28 03:56:47] [warning] phone-bridge: no events for 330s — forcing reconnect
[2026-05-28 03:56:47] [warning] phone-bridge: connection closed (code=1000 reason=)
[2026-05-28 03:56:47] [info] phone-bridge: reconnecting in 1s
[2026-05-28 03:56:49] [info] phone-bridge: connected, subscribing to user_registration,user_blf,user_status
[2026-05-28 04:02:19] [warning] phone-bridge: no events for 330s — forcing reconnect
[2026-05-28 04:02:19] [warning] phone-bridge: connection closed (code=1000 reason=)
[2026-05-28 04:02:19] [info] phone-bridge: reconnecting in 1s
[2026-05-28 04:02:20] [info] phone-bridge: connected, subscribing to user_registration,user_blf,user_status
[2026-05-28 04:07:50] [warning] phone-bridge: no events for 330s — forcing reconnect
[2026-05-28 04:07:50] [warning] phone-bridge: connection closed (code=1000 reason=)
[2026-05-28 04:07:50] [info] phone-bridge: reconnecting in 1s
[2026-05-28 04:07:52] [info] phone-bridge: connected, subscribing to user_registration,user_blf,user_status
[2026-05-28 04:13:22] [warning] phone-bridge: no events for 330s — forcing reconnect
[2026-05-28 04:13:22] [warning] phone-bridge: connection closed (code=1000 reason=)
[2026-05-28 04:13:22] [info] phone-bridge: reconnecting in 1s
[2026-05-28 04:13:23] [info] phone-bridge: connected, subscribing to user_registration,user_blf,user_status
[2026-05-28 04:18:53] [warning] phone-bridge: no events for 330s — forcing reconnect
[2026-05-28 04:18:53] [warning] phone-bridge: connection closed (code=1000 reason=)
[2026-05-28 04:18:53] [info] phone-bridge: reconnecting in 1s
[2026-05-28 04:18:55] [info] phone-bridge: connected, subscribing to user_registration,user_blf,user_status
[2026-05-28 04:24:25] [warning] phone-bridge: no events for 330s — forcing reconnect
[2026-05-28 04:24:25] [warning] phone-bridge: connection closed (code=1000 reason=)
[2026-05-28 04:24:25] [info] phone-bridge: reconnecting in 1s
[2026-05-28 04:24:26] [info] phone-bridge: connected, subscribing to user_registration,user_blf,user_status
[2026-05-28 04:29:56] [warning] phone-bridge: no events for 330s — forcing reconnect
[2026-05-28 04:29:56] [warning] phone-bridge: connection closed (code=1000 reason=)
[2026-05-28 04:29:56] [info] phone-bridge: reconnecting in 1s
[2026-05-28 04:29:58] [info] phone-bridge: connected, subscribing to user_registration,user_blf,user_status
[2026-05-28 04:35:28] [warning] phone-bridge: no events for 330s — forcing reconnect
[2026-05-28 04:35:28] [warning] phone-bridge: connection closed (code=1000 reason=)
[2026-05-28 04:35:28] [info] phone-bridge: reconnecting in 1s
[2026-05-28 04:35:29] [info] phone-bridge: connected, subscribing to user_registration,user_blf,user_status
[2026-05-28 04:40:59] [warning] phone-bridge: no events for 330s — forcing reconnect
[2026-05-28 04:40:59] [warning] phone-bridge: connection closed (code=1000 reason=)
[2026-05-28 04:40:59] [info] phone-bridge: reconnecting in 1s
[2026-05-28 04:41:01] [info] phone-bridge: connected, subscribing to user_registration,user_blf,user_status
[2026-05-28 04:46:31] [warning] phone-bridge: no events for 330s — forcing reconnect
[2026-05-28 04:46:31] [warning] phone-bridge: connection closed (code=1000 reason=)
[2026-05-28 04:46:31] [info] phone-bridge: reconnecting in 1s
[2026-05-28 04:46:32] [info] phone-bridge: connected, subscribing to user_registration,user_blf,user_status
[2026-05-28 04:52:02] [warning] phone-bridge: no events for 330s — forcing reconnect
[2026-05-28 04:52:02] [warning] phone-bridge: connection closed (code=1000 reason=)
[2026-05-28 04:52:02] [info] phone-bridge: reconnecting in 1s
[2026-05-28 04:52:04] [info] phone-bridge: connected, subscribing to user_registration,user_blf,user_status
[2026-05-28 04:57:34] [warning] phone-bridge: no events for 330s — forcing reconnect
[2026-05-28 04:57:34] [warning] phone-bridge: connection closed (code=1000 reason=)
[2026-05-28 04:57:34] [info] phone-bridge: reconnecting in 1s
[2026-05-28 04:57:35] [info] phone-bridge: connected, subscribing to user_registration,user_blf,user_status
[2026-05-28 05:03:05] [warning] phone-bridge: no events for 330s — forcing reconnect
[2026-05-28 05:03:05] [warning] phone-bridge: connection closed (code=1000 reason=)
[2026-05-28 05:03:05] [info] phone-bridge: reconnecting in 1s
[2026-05-28 05:03:07] [info] phone-bridge: connected, subscribing to user_registration,user_blf,user_status
[2026-05-28 05:08:37] [warning] phone-bridge: no events for 330s — forcing reconnect
[2026-05-28 05:08:37] [warning] phone-bridge: connection closed (code=1000 reason=)
[2026-05-28 05:08:37] [info] phone-bridge: reconnecting in 1s
[2026-05-28 05:08:38] [info] phone-bridge: connected, subscribing to user_registration,user_blf,user_status
[2026-05-28 05:14:08] [warning] phone-bridge: no events for 330s — forcing reconnect
[2026-05-28 05:14:08] [warning] phone-bridge: connection closed (code=1000 reason=)
[2026-05-28 05:14:08] [info] phone-bridge: reconnecting in 1s
[2026-05-28 05:14:10] [info] phone-bridge: connected, subscribing to user_registration,user_blf,user_status
[2026-05-28 05:19:40] [warning] phone-bridge: no events for 330s — forcing reconnect
[2026-05-28 05:19:40] [warning] phone-bridge: connection closed (code=1000 reason=)
[2026-05-28 05:19:40] [info] phone-bridge: reconnecting in 1s
[2026-05-28 05:19:42] [info] phone-bridge: connected, subscribing to user_registration,user_blf,user_status
[2026-05-28 05:25:12] [warning] phone-bridge: no events for 330s — forcing reconnect
[2026-05-28 05:25:12] [warning] phone-bridge: connection closed (code=1000 reason=)
[2026-05-28 05:25:12] [info] phone-bridge: reconnecting in 1s
[2026-05-28 05:25:13] [info] phone-bridge: connected, subscribing to user_registration,user_blf,user_status
[2026-05-28 05:30:43] [warning] phone-bridge: no events for 330s — forcing reconnect
[2026-05-28 05:30:43] [warning] phone-bridge: connection closed (code=1000 reason=)
[2026-05-28 05:30:43] [info] phone-bridge: reconnecting in 1s
[2026-05-28 05:30:45] [info] phone-bridge: connected, subscribing to user_registration,user_blf,user_status
[2026-05-28 05:36:15] [warning] phone-bridge: no events for 330s — forcing reconnect
[2026-05-28 05:36:15] [warning] phone-bridge: connection closed (code=1000 reason=)
[2026-05-28 05:36:15] [info] phone-bridge: reconnecting in 1s
[2026-05-28 05:36:16] [info] phone-bridge: connected, subscribing to user_registration,user_blf,user_status
[2026-05-28 05:41:46] [warning] phone-bridge: no events for 330s — forcing reconnect
[2026-05-28 05:41:46] [warning] phone-bridge: connection closed (code=1000 reason=)
[2026-05-28 05:41:46] [info] phone-bridge: reconnecting in 1s
[2026-05-28 05:41:48] [info] phone-bridge: connected, subscribing to user_registration,user_blf,user_status
[2026-05-28 05:47:18] [warning] phone-bridge: no events for 330s — forcing reconnect
[2026-05-28 05:47:18] [warning] phone-bridge: connection closed (code=1000 reason=)
[2026-05-28 05:47:18] [info] phone-bridge: reconnecting in 1s
[2026-05-28 05:47:19] [info] phone-bridge: connected, subscribing to user_registration,user_blf,user_status
[2026-05-28 05:52:49] [warning] phone-bridge: no events for 330s — forcing reconnect
[2026-05-28 05:52:49] [warning] phone-bridge: connection closed (code=1000 reason=)
[2026-05-28 05:52:49] [info] phone-bridge: reconnecting in 1s
[2026-05-28 05:52:51] [info] phone-bridge: connected, subscribing to user_registration,user_blf,user_status
[2026-05-28 05:58:21] [warning] phone-bridge: no events for 330s — forcing reconnect
[2026-05-28 05:58:21] [warning] phone-bridge: connection closed (code=1000 reason=)
[2026-05-28 05:58:21] [info] phone-bridge: reconnecting in 1s
[2026-05-28 05:58:22] [info] phone-bridge: connected, subscribing to user_registration,user_blf,user_status
[2026-05-28 06:03:52] [warning] phone-bridge: no events for 330s — forcing reconnect
[2026-05-28 06:03:52] [warning] phone-bridge: connection closed (code=1000 reason=)
[2026-05-28 06:03:52] [info] phone-bridge: reconnecting in 1s
[2026-05-28 06:03:54] [info] phone-bridge: connected, subscribing to user_registration,user_blf,user_status
[2026-05-28 06:09:24] [warning] phone-bridge: no events for 330s — forcing reconnect
[2026-05-28 06:09:24] [warning] phone-bridge: connection closed (code=1000 reason=)
[2026-05-28 06:09:24] [info] phone-bridge: reconnecting in 1s
[2026-05-28 06:09:25] [info] phone-bridge: connected, subscribing to user_registration,user_blf,user_status
[2026-05-28 06:14:55] [warning] phone-bridge: no events for 330s — forcing reconnect
[2026-05-28 06:14:55] [warning] phone-bridge: connection closed (code=1000 reason=)
[2026-05-28 06:14:55] [info] phone-bridge: reconnecting in 1s
[2026-05-28 06:14:57] [info] phone-bridge: connected, subscribing to user_registration,user_blf,user_status
[2026-05-28 06:20:27] [warning] phone-bridge: no events for 330s — forcing reconnect
[2026-05-28 06:20:27] [warning] phone-bridge: connection closed (code=1000 reason=)
[2026-05-28 06:20:27] [info] phone-bridge: reconnecting in 1s
[2026-05-28 06:20:28] [info] phone-bridge: connected, subscribing to user_registration,user_blf,user_status
[2026-05-28 06:25:58] [warning] phone-bridge: no events for 330s — forcing reconnect
[2026-05-28 06:25:58] [warning] phone-bridge: connection closed (code=1000 reason=)
[2026-05-28 06:25:58] [info] phone-bridge: reconnecting in 1s
[2026-05-28 06:26:00] [info] phone-bridge: connected, subscribing to user_registration,user_blf,user_status
[2026-05-28 06:31:30] [warning] phone-bridge: no events for 330s — forcing reconnect
[2026-05-28 06:31:30] [warning] phone-bridge: connection closed (code=1000 reason=)
[2026-05-28 06:31:30] [info] phone-bridge: reconnecting in 1s
[2026-05-28 06:31:31] [info] phone-bridge: connected, subscribing to user_registration,user_blf,user_status
[2026-05-28 06:37:01] [warning] phone-bridge: no events for 330s — forcing reconnect
[2026-05-28 06:37:01] [warning] phone-bridge: connection closed (code=1000 reason=)
[2026-05-28 06:37:01] [info] phone-bridge: reconnecting in 1s
[2026-05-28 06:37:03] [info] phone-bridge: connected, subscribing to user_registration,user_blf,user_status
[2026-05-28 06:42:33] [warning] phone-bridge: no events for 330s — forcing reconnect
[2026-05-28 06:42:33] [warning] phone-bridge: connection closed (code=1000 reason=)
[2026-05-28 06:42:33] [info] phone-bridge: reconnecting in 1s
[2026-05-28 06:42:34] [info] phone-bridge: connected, subscribing to user_registration,user_blf,user_status
[2026-05-28 06:48:04] [warning] phone-bridge: no events for 330s — forcing reconnect
[2026-05-28 06:48:04] [warning] phone-bridge: connection closed (code=1000 reason=)
[2026-05-28 06:48:04] [info] phone-bridge: reconnecting in 1s
[2026-05-28 06:48:06] [info] phone-bridge: connected, subscribing to user_registration,user_blf,user_status
[2026-05-28 06:53:36] [warning] phone-bridge: no events for 330s — forcing reconnect
[2026-05-28 06:53:36] [warning] phone-bridge: connection closed (code=1000 reason=)
[2026-05-28 06:53:36] [info] phone-bridge: reconnecting in 1s
[2026-05-28 06:53:37] [info] phone-bridge: connected, subscribing to user_registration,user_blf,user_status
[2026-05-28 06:58:38] [warning] phone-bridge: no events for 301s — forcing reconnect
[2026-05-28 06:58:38] [warning] phone-bridge: connection closed (code=1000 reason=)
[2026-05-28 06:58:38] [info] phone-bridge: reconnecting in 1s
[2026-05-28 06:58:39] [info] phone-bridge: connected, subscribing to user_registration,user_blf,user_status
[2026-05-28 07:04:09] [warning] phone-bridge: no events for 330s — forcing reconnect
[2026-05-28 07:04:09] [warning] phone-bridge: connection closed (code=1000 reason=)
[2026-05-28 07:04:09] [info] phone-bridge: reconnecting in 1s
[2026-05-28 07:04:10] [info] phone-bridge: connected, subscribing to user_registration,user_blf,user_status
[2026-05-28 07:09:41] [warning] phone-bridge: no events for 330s — forcing reconnect
[2026-05-28 07:09:41] [warning] phone-bridge: connection closed (code=1000 reason=)
[2026-05-28 07:09:41] [info] phone-bridge: reconnecting in 1s
[2026-05-28 07:09:42] [info] phone-bridge: connected, subscribing to user_registration,user_blf,user_status
[2026-05-28 07:15:12] [warning] phone-bridge: no events for 330s — forcing reconnect
[2026-05-28 07:15:12] [warning] phone-bridge: connection closed (code=1000 reason=)
[2026-05-28 07:15:12] [info] phone-bridge: reconnecting in 1s
[2026-05-28 07:15:13] [info] phone-bridge: connected, subscribing to user_registration,user_blf,user_status
[2026-05-28 07:20:43] [warning] phone-bridge: no events for 330s — forcing reconnect
[2026-05-28 07:20:43] [warning] phone-bridge: connection closed (code=1000 reason=)
[2026-05-28 07:20:43] [info] phone-bridge: reconnecting in 1s
[2026-05-28 07:20:45] [info] phone-bridge: connected, subscribing to user_registration,user_blf,user_status
[2026-05-28 07:26:15] [warning] phone-bridge: no events for 330s — forcing reconnect
[2026-05-28 07:26:15] [warning] phone-bridge: connection closed (code=1000 reason=)
[2026-05-28 07:26:15] [info] phone-bridge: reconnecting in 1s
[2026-05-28 07:26:16] [info] phone-bridge: connected, subscribing to user_registration,user_blf,user_status
[2026-05-28 07:31:47] [warning] phone-bridge: no events for 330s — forcing reconnect
[2026-05-28 07:31:47] [warning] phone-bridge: connection closed (code=1000 reason=)
[2026-05-28 07:31:47] [info] phone-bridge: reconnecting in 1s
[2026-05-28 07:31:48] [info] phone-bridge: connected, subscribing to user_registration,user_blf,user_status
[2026-05-28 07:37:18] [warning] phone-bridge: no events for 330s — forcing reconnect
[2026-05-28 07:37:18] [warning] phone-bridge: connection closed (code=1000 reason=)
[2026-05-28 07:37:18] [info] phone-bridge: reconnecting in 1s
[2026-05-28 07:37:20] [info] phone-bridge: connected, subscribing to user_registration,user_blf,user_status
[2026-05-28 07:42:50] [warning] phone-bridge: no events for 330s — forcing reconnect
[2026-05-28 07:42:50] [warning] phone-bridge: connection closed (code=1000 reason=)
[2026-05-28 07:42:50] [info] phone-bridge: reconnecting in 1s
[2026-05-28 07:42:51] [info] phone-bridge: connected, subscribing to user_registration,user_blf,user_status
[2026-05-28 07:48:21] [warning] phone-bridge: no events for 330s — forcing reconnect
[2026-05-28 07:48:21] [warning] phone-bridge: connection closed (code=1000 reason=)
[2026-05-28 07:48:21] [info] phone-bridge: reconnecting in 1s
[2026-05-28 07:48:23] [info] phone-bridge: connected, subscribing to user_registration,user_blf,user_status
[2026-05-28 07:53:53] [warning] phone-bridge: no events for 330s — forcing reconnect
[2026-05-28 07:53:53] [warning] phone-bridge: connection closed (code=1000 reason=)
[2026-05-28 07:53:53] [info] phone-bridge: reconnecting in 1s
[2026-05-28 07:53:54] [info] phone-bridge: connected, subscribing to user_registration,user_blf,user_status
[2026-05-28 07:59:24] [warning] phone-bridge: no events for 330s — forcing reconnect
[2026-05-28 07:59:24] [warning] phone-bridge: connection closed (code=1000 reason=)
[2026-05-28 07:59:24] [info] phone-bridge: reconnecting in 1s
[2026-05-28 07:59:26] [info] phone-bridge: connected, subscribing to user_registration,user_blf,user_status
[2026-05-28 08:04:56] [warning] phone-bridge: no events for 330s — forcing reconnect
[2026-05-28 08:04:56] [warning] phone-bridge: connection closed (code=1000 reason=)
[2026-05-28 08:04:56] [info] phone-bridge: reconnecting in 1s
[2026-05-28 08:04:57] [info] phone-bridge: connected, subscribing to user_registration,user_blf,user_status
[2026-05-28 08:10:27] [warning] phone-bridge: no events for 330s — forcing reconnect
[2026-05-28 08:10:27] [warning] phone-bridge: connection closed (code=1000 reason=)
[2026-05-28 08:10:27] [info] phone-bridge: reconnecting in 1s
[2026-05-28 08:10:29] [info] phone-bridge: connected, subscribing to user_registration,user_blf,user_status
[2026-05-28 08:15:59] [warning] phone-bridge: no events for 330s — forcing reconnect
[2026-05-28 08:15:59] [warning] phone-bridge: connection closed (code=1000 reason=)
[2026-05-28 08:15:59] [info] phone-bridge: reconnecting in 1s
[2026-05-28 08:16:00] [info] phone-bridge: connected, subscribing to user_registration,user_blf,user_status
[2026-05-28 08:21:30] [warning] phone-bridge: no events for 330s — forcing reconnect
[2026-05-28 08:21:30] [warning] phone-bridge: connection closed (code=1000 reason=)
[2026-05-28 08:21:30] [info] phone-bridge: reconnecting in 1s
[2026-05-28 08:21:32] [info] phone-bridge: connected, subscribing to user_registration,user_blf,user_status
[2026-05-28 08:27:02] [warning] phone-bridge: no events for 330s — forcing reconnect
[2026-05-28 08:27:02] [warning] phone-bridge: connection closed (code=1000 reason=)
[2026-05-28 08:27:02] [info] phone-bridge: reconnecting in 1s
[2026-05-28 08:27:03] [info] phone-bridge: connected, subscribing to user_registration,user_blf,user_status
[2026-05-28 08:32:33] [warning] phone-bridge: no events for 330s — forcing reconnect
[2026-05-28 08:32:33] [warning] phone-bridge: connection closed (code=1000 reason=)
[2026-05-28 08:32:33] [info] phone-bridge: reconnecting in 1s
[2026-05-28 08:32:35] [info] phone-bridge: connected, subscribing to user_registration,user_blf,user_status
[2026-05-28 08:40:35] [warning] phone-bridge: no events for 315s — forcing reconnect
[2026-05-28 08:40:35] [warning] phone-bridge: connection closed (code=1000 reason=)
[2026-05-28 08:40:35] [info] phone-bridge: reconnecting in 1s
[2026-05-28 08:40:36] [info] phone-bridge: connected, subscribing to user_registration,user_blf,user_status
[2026-05-28 08:46:06] [warning] phone-bridge: no events for 330s — forcing reconnect
[2026-05-28 08:46:06] [warning] phone-bridge: connection closed (code=1000 reason=)
[2026-05-28 08:46:06] [info] phone-bridge: reconnecting in 1s
[2026-05-28 08:46:08] [info] phone-bridge: connected, subscribing to user_registration,user_blf,user_status
[2026-05-28 08:51:38] [warning] phone-bridge: no events for 330s — forcing reconnect
[2026-05-28 08:51:38] [warning] phone-bridge: connection closed (code=1000 reason=)
[2026-05-28 08:51:38] [info] phone-bridge: reconnecting in 1s
[2026-05-28 08:51:39] [info] phone-bridge: connected, subscribing to user_registration,user_blf,user_status
[2026-05-28 16:27:45] [warning] phone-bridge: no events for 302s — forcing reconnect
[2026-05-28 16:27:45] [warning] phone-bridge: connection closed (code=1000 reason=)
[2026-05-28 16:27:45] [info] phone-bridge: reconnecting in 1s
[2026-05-28 16:28:46] [error] phone-bridge: reconnect failed: Connection to tls://pbx12127.onpbx.ru:3342 timed out after 60 seconds (ETIMEDOUT)
[2026-05-28 16:28:46] [info] phone-bridge: reconnecting in 2s
[2026-05-28 16:29:48] [error] phone-bridge: reconnect failed: Connection to tls://pbx12127.onpbx.ru:3342 timed out after 60 seconds (ETIMEDOUT)
[2026-05-28 16:29:48] [info] phone-bridge: reconnecting in 4s
[2026-05-28 16:30:52] [error] phone-bridge: reconnect failed: Connection to tls://pbx12127.onpbx.ru:3342 timed out after 60 seconds (ETIMEDOUT)
[2026-05-28 16:30:52] [info] phone-bridge: reconnecting in 8s
[2026-05-28 16:32:00] [error] phone-bridge: reconnect failed: Connection to tls://pbx12127.onpbx.ru:3342 timed out after 60 seconds (ETIMEDOUT)
[2026-05-28 16:32:00] [info] phone-bridge: reconnecting in 16s
[2026-05-28 16:33:16] [error] phone-bridge: reconnect failed: Connection to tls://pbx12127.onpbx.ru:3342 timed out after 60 seconds (ETIMEDOUT)
[2026-05-28 16:33:16] [info] phone-bridge: reconnecting in 30s
[2026-05-28 16:34:46] [error] phone-bridge: reconnect failed: Connection to tls://pbx12127.onpbx.ru:3342 timed out after 60 seconds (ETIMEDOUT)
[2026-05-28 16:34:46] [info] phone-bridge: reconnecting in 30s
[2026-05-28 16:36:16] [error] phone-bridge: reconnect failed: Connection to tls://pbx12127.onpbx.ru:3342 timed out after 60 seconds (ETIMEDOUT)
[2026-05-28 16:36:16] [info] phone-bridge: reconnecting in 30s
[2026-05-28 16:37:46] [error] phone-bridge: reconnect failed: Connection to tls://pbx12127.onpbx.ru:3342 timed out after 60 seconds (ETIMEDOUT)
[2026-05-28 16:37:46] [info] phone-bridge: reconnecting in 30s
[2026-05-28 16:39:16] [error] phone-bridge: reconnect failed: Connection to tls://pbx12127.onpbx.ru:3342 timed out after 60 seconds (ETIMEDOUT)
[2026-05-28 16:39:16] [info] phone-bridge: reconnecting in 30s
[2026-05-28 16:40:46] [error] phone-bridge: reconnect failed: Connection to tls://pbx12127.onpbx.ru:3342 timed out after 60 seconds (ETIMEDOUT)
[2026-05-28 16:40:46] [info] phone-bridge: reconnecting in 30s
[2026-05-28 16:42:16] [error] phone-bridge: reconnect failed: Connection to tls://pbx12127.onpbx.ru:3342 timed out after 60 seconds (ETIMEDOUT)
[2026-05-28 16:42:16] [info] phone-bridge: reconnecting in 30s
[2026-05-28 16:43:46] [error] phone-bridge: reconnect failed: Connection to tls://pbx12127.onpbx.ru:3342 timed out after 60 seconds (ETIMEDOUT)
[2026-05-28 16:43:46] [info] phone-bridge: reconnecting in 30s
[2026-05-28 16:45:16] [error] phone-bridge: reconnect failed: Connection to tls://pbx12127.onpbx.ru:3342 timed out after 60 seconds (ETIMEDOUT)
[2026-05-28 16:45:16] [info] phone-bridge: reconnecting in 30s
[2026-05-28 16:46:46] [error] phone-bridge: reconnect failed: Connection to tls://pbx12127.onpbx.ru:3342 timed out after 60 seconds (ETIMEDOUT)
[2026-05-28 16:46:46] [info] phone-bridge: reconnecting in 30s
[2026-05-28 16:48:16] [error] phone-bridge: reconnect failed: Connection to tls://pbx12127.onpbx.ru:3342 timed out after 60 seconds (ETIMEDOUT)
[2026-05-28 16:48:16] [info] phone-bridge: reconnecting in 30s
[2026-05-28 16:49:46] [error] phone-bridge: reconnect failed: Connection to tls://pbx12127.onpbx.ru:3342 timed out after 60 seconds (ETIMEDOUT)
[2026-05-28 16:49:46] [info] phone-bridge: reconnecting in 30s
[2026-05-28 16:51:16] [error] phone-bridge: reconnect failed: Connection to tls://pbx12127.onpbx.ru:3342 timed out after 60 seconds (ETIMEDOUT)
[2026-05-28 16:51:16] [info] phone-bridge: reconnecting in 30s
[2026-05-28 16:52:46] [error] phone-bridge: reconnect failed: Connection to tls://pbx12127.onpbx.ru:3342 timed out after 60 seconds (ETIMEDOUT)
[2026-05-28 16:52:46] [info] phone-bridge: reconnecting in 30s
[2026-05-28 16:54:16] [error] phone-bridge: reconnect failed: Connection to tls://pbx12127.onpbx.ru:3342 timed out after 60 seconds (ETIMEDOUT)
[2026-05-28 16:54:16] [info] phone-bridge: reconnecting in 30s
[2026-05-28 16:55:46] [error] phone-bridge: reconnect failed: Connection to tls://pbx12127.onpbx.ru:3342 timed out after 60 seconds (ETIMEDOUT)
[2026-05-28 16:55:46] [info] phone-bridge: reconnecting in 30s
[2026-05-28 16:57:17] [error] phone-bridge: reconnect failed: Connection to tls://pbx12127.onpbx.ru:3342 timed out after 60 seconds (ETIMEDOUT)
[2026-05-28 16:57:17] [info] phone-bridge: reconnecting in 30s
[2026-05-28 16:58:47] [error] phone-bridge: reconnect failed: Connection to tls://pbx12127.onpbx.ru:3342 timed out after 60 seconds (ETIMEDOUT)
[2026-05-28 16:58:47] [info] phone-bridge: reconnecting in 30s
[2026-05-28 17:00:17] [error] phone-bridge: reconnect failed: Connection to tls://pbx12127.onpbx.ru:3342 timed out after 60 seconds (ETIMEDOUT)
[2026-05-28 17:00:17] [info] phone-bridge: reconnecting in 30s
[2026-05-28 17:01:47] [error] phone-bridge: reconnect failed: Connection to tls://pbx12127.onpbx.ru:3342 timed out after 60 seconds (ETIMEDOUT)
[2026-05-28 17:01:47] [info] phone-bridge: reconnecting in 30s
[2026-05-28 17:03:17] [error] phone-bridge: reconnect failed: Connection to tls://pbx12127.onpbx.ru:3342 timed out after 60 seconds (ETIMEDOUT)
[2026-05-28 17:03:17] [info] phone-bridge: reconnecting in 30s
[2026-05-28 17:04:47] [error] phone-bridge: reconnect failed: Connection to tls://pbx12127.onpbx.ru:3342 timed out after 60 seconds (ETIMEDOUT)
[2026-05-28 17:04:47] [info] phone-bridge: reconnecting in 30s
[2026-05-28 17:06:17] [error] phone-bridge: reconnect failed: Connection to tls://pbx12127.onpbx.ru:3342 timed out after 60 seconds (ETIMEDOUT)
[2026-05-28 17:06:17] [info] phone-bridge: reconnecting in 30s
[2026-05-28 17:07:47] [error] phone-bridge: reconnect failed: Connection to tls://pbx12127.onpbx.ru:3342 timed out after 60 seconds (ETIMEDOUT)
[2026-05-28 17:07:47] [info] phone-bridge: reconnecting in 30s
[2026-05-28 17:09:17] [error] phone-bridge: reconnect failed: Connection to tls://pbx12127.onpbx.ru:3342 timed out after 60 seconds (ETIMEDOUT)
[2026-05-28 17:09:17] [info] phone-bridge: reconnecting in 30s
[2026-05-28 17:10:47] [error] phone-bridge: reconnect failed: Connection to tls://pbx12127.onpbx.ru:3342 timed out after 60 seconds (ETIMEDOUT)
[2026-05-28 17:10:47] [info] phone-bridge: reconnecting in 30s
[2026-05-28 17:12:17] [error] phone-bridge: reconnect failed: Connection to tls://pbx12127.onpbx.ru:3342 timed out after 60 seconds (ETIMEDOUT)
[2026-05-28 17:12:17] [info] phone-bridge: reconnecting in 30s
[2026-05-28 17:13:47] [error] phone-bridge: reconnect failed: Connection to tls://pbx12127.onpbx.ru:3342 timed out after 60 seconds (ETIMEDOUT)
[2026-05-28 17:13:47] [info] phone-bridge: reconnecting in 30s
[2026-05-28 17:15:17] [error] phone-bridge: reconnect failed: Connection to tls://pbx12127.onpbx.ru:3342 timed out after 60 seconds (ETIMEDOUT)
[2026-05-28 17:15:17] [info] phone-bridge: reconnecting in 30s
[2026-05-28 17:16:47] [error] phone-bridge: reconnect failed: Connection to tls://pbx12127.onpbx.ru:3342 timed out after 60 seconds (ETIMEDOUT)
[2026-05-28 17:16:47] [info] phone-bridge: reconnecting in 30s
[2026-05-28 17:18:17] [error] phone-bridge: reconnect failed: Connection to tls://pbx12127.onpbx.ru:3342 timed out after 60 seconds (ETIMEDOUT)
[2026-05-28 17:18:17] [info] phone-bridge: reconnecting in 30s
[2026-05-28 17:19:47] [error] phone-bridge: reconnect failed: Connection to tls://pbx12127.onpbx.ru:3342 timed out after 60 seconds (ETIMEDOUT)
[2026-05-28 17:19:47] [info] phone-bridge: reconnecting in 30s
[2026-05-28 17:21:17] [error] phone-bridge: reconnect failed: Connection to tls://pbx12127.onpbx.ru:3342 timed out after 60 seconds (ETIMEDOUT)
[2026-05-28 17:21:17] [info] phone-bridge: reconnecting in 30s
[2026-05-28 17:22:47] [error] phone-bridge: reconnect failed: Connection to tls://pbx12127.onpbx.ru:3342 timed out after 60 seconds (ETIMEDOUT)
[2026-05-28 17:22:47] [info] phone-bridge: reconnecting in 30s
[2026-05-28 17:24:17] [error] phone-bridge: reconnect failed: Connection to tls://pbx12127.onpbx.ru:3342 timed out after 60 seconds (ETIMEDOUT)
[2026-05-28 17:24:17] [info] phone-bridge: reconnecting in 30s
[2026-05-28 17:25:47] [error] phone-bridge: reconnect failed: Connection to tls://pbx12127.onpbx.ru:3342 timed out after 60 seconds (ETIMEDOUT)
[2026-05-28 17:25:47] [info] phone-bridge: reconnecting in 30s
[2026-05-28 17:27:17] [error] phone-bridge: reconnect failed: Connection to tls://pbx12127.onpbx.ru:3342 timed out after 60 seconds (ETIMEDOUT)
[2026-05-28 17:27:17] [info] phone-bridge: reconnecting in 30s
[2026-05-28 17:28:47] [error] phone-bridge: reconnect failed: Connection to tls://pbx12127.onpbx.ru:3342 timed out after 60 seconds (ETIMEDOUT)
[2026-05-28 17:28:47] [info] phone-bridge: reconnecting in 30s
[2026-05-28 17:30:17] [error] phone-bridge: reconnect failed: Connection to tls://pbx12127.onpbx.ru:3342 timed out after 60 seconds (ETIMEDOUT)
[2026-05-28 17:30:17] [info] phone-bridge: reconnecting in 30s
[2026-05-28 17:31:47] [error] phone-bridge: reconnect failed: Connection to tls://pbx12127.onpbx.ru:3342 timed out after 60 seconds (ETIMEDOUT)
[2026-05-28 17:31:47] [info] phone-bridge: reconnecting in 30s
[2026-05-28 17:33:17] [error] phone-bridge: reconnect failed: Connection to tls://pbx12127.onpbx.ru:3342 timed out after 60 seconds (ETIMEDOUT)
[2026-05-28 17:33:17] [info] phone-bridge: reconnecting in 30s
[2026-05-28 17:34:48] [error] phone-bridge: reconnect failed: Connection to tls://pbx12127.onpbx.ru:3342 timed out after 60 seconds (ETIMEDOUT)
[2026-05-28 17:34:48] [info] phone-bridge: reconnecting in 30s
[2026-05-28 17:36:18] [error] phone-bridge: reconnect failed: Connection to tls://pbx12127.onpbx.ru:3342 timed out after 60 seconds (ETIMEDOUT)
[2026-05-28 17:36:18] [info] phone-bridge: reconnecting in 30s
[2026-05-28 17:37:48] [error] phone-bridge: reconnect failed: Connection to tls://pbx12127.onpbx.ru:3342 timed out after 60 seconds (ETIMEDOUT)
[2026-05-28 17:37:48] [info] phone-bridge: reconnecting in 30s
[2026-05-28 17:39:18] [error] phone-bridge: reconnect failed: Connection to tls://pbx12127.onpbx.ru:3342 timed out after 60 seconds (ETIMEDOUT)
[2026-05-28 17:39:18] [info] phone-bridge: reconnecting in 30s
[2026-05-28 17:40:48] [error] phone-bridge: reconnect failed: Connection to tls://pbx12127.onpbx.ru:3342 timed out after 60 seconds (ETIMEDOUT)
[2026-05-28 17:40:48] [info] phone-bridge: reconnecting in 30s
[2026-05-28 17:42:18] [error] phone-bridge: reconnect failed: Connection to tls://pbx12127.onpbx.ru:3342 timed out after 60 seconds (ETIMEDOUT)
[2026-05-28 17:42:18] [info] phone-bridge: reconnecting in 30s
[2026-05-28 17:43:48] [error] phone-bridge: reconnect failed: Connection to tls://pbx12127.onpbx.ru:3342 timed out after 60 seconds (ETIMEDOUT)
[2026-05-28 17:43:48] [info] phone-bridge: reconnecting in 30s
[2026-05-28 17:45:18] [error] phone-bridge: reconnect failed: Connection to tls://pbx12127.onpbx.ru:3342 timed out after 60 seconds (ETIMEDOUT)
[2026-05-28 17:45:18] [info] phone-bridge: reconnecting in 30s
[2026-05-28 17:46:48] [error] phone-bridge: reconnect failed: Connection to tls://pbx12127.onpbx.ru:3342 timed out after 60 seconds (ETIMEDOUT)
[2026-05-28 17:46:48] [info] phone-bridge: reconnecting in 30s
[2026-05-28 17:48:18] [error] phone-bridge: reconnect failed: Connection to tls://pbx12127.onpbx.ru:3342 timed out after 60 seconds (ETIMEDOUT)
[2026-05-28 17:48:18] [info] phone-bridge: reconnecting in 30s
[2026-05-28 17:49:48] [error] phone-bridge: reconnect failed: Connection to tls://pbx12127.onpbx.ru:3342 timed out after 60 seconds (ETIMEDOUT)
[2026-05-28 17:49:48] [info] phone-bridge: reconnecting in 30s
[2026-05-28 17:51:18] [error] phone-bridge: reconnect failed: Connection to tls://pbx12127.onpbx.ru:3342 timed out after 60 seconds (ETIMEDOUT)
[2026-05-28 17:51:18] [info] phone-bridge: reconnecting in 30s
[2026-05-28 17:52:48] [error] phone-bridge: reconnect failed: Connection to tls://pbx12127.onpbx.ru:3342 timed out after 60 seconds (ETIMEDOUT)
[2026-05-28 17:52:48] [info] phone-bridge: reconnecting in 30s
[2026-05-28 17:54:18] [error] phone-bridge: reconnect failed: Connection to tls://pbx12127.onpbx.ru:3342 timed out after 60 seconds (ETIMEDOUT)
[2026-05-28 17:54:18] [info] phone-bridge: reconnecting in 30s
[2026-05-28 17:55:48] [error] phone-bridge: reconnect failed: Connection to tls://pbx12127.onpbx.ru:3342 timed out after 60 seconds (ETIMEDOUT)
[2026-05-28 17:55:48] [info] phone-bridge: reconnecting in 30s
[2026-05-28 17:57:18] [error] phone-bridge: reconnect failed: Connection to tls://pbx12127.onpbx.ru:3342 timed out after 60 seconds (ETIMEDOUT)
[2026-05-28 17:57:18] [info] phone-bridge: reconnecting in 30s
[2026-05-28 17:58:48] [error] phone-bridge: reconnect failed: Connection to tls://pbx12127.onpbx.ru:3342 timed out after 60 seconds (ETIMEDOUT)
[2026-05-28 17:58:48] [info] phone-bridge: reconnecting in 30s
[2026-05-28 18:00:18] [error] phone-bridge: reconnect failed: Connection to tls://pbx12127.onpbx.ru:3342 timed out after 60 seconds (ETIMEDOUT)
[2026-05-28 18:00:18] [info] phone-bridge: reconnecting in 30s
[2026-05-28 18:01:48] [error] phone-bridge: reconnect failed: Connection to tls://pbx12127.onpbx.ru:3342 timed out after 60 seconds (ETIMEDOUT)
[2026-05-28 18:01:48] [info] phone-bridge: reconnecting in 30s
[2026-05-28 18:03:18] [error] phone-bridge: reconnect failed: Connection to tls://pbx12127.onpbx.ru:3342 timed out after 60 seconds (ETIMEDOUT)
[2026-05-28 18:03:18] [info] phone-bridge: reconnecting in 30s
[2026-05-28 18:04:48] [error] phone-bridge: reconnect failed: Connection to tls://pbx12127.onpbx.ru:3342 timed out after 60 seconds (ETIMEDOUT)
[2026-05-28 18:04:48] [info] phone-bridge: reconnecting in 30s
[2026-05-28 18:06:18] [error] phone-bridge: reconnect failed: Connection to tls://pbx12127.onpbx.ru:3342 timed out after 60 seconds (ETIMEDOUT)
[2026-05-28 18:06:18] [info] phone-bridge: reconnecting in 30s
[2026-05-28 18:07:48] [error] phone-bridge: reconnect failed: Connection to tls://pbx12127.onpbx.ru:3342 timed out after 60 seconds (ETIMEDOUT)
[2026-05-28 18:07:48] [info] phone-bridge: reconnecting in 30s
[2026-05-28 18:09:18] [error] phone-bridge: reconnect failed: Connection to tls://pbx12127.onpbx.ru:3342 timed out after 60 seconds (ETIMEDOUT)
[2026-05-28 18:09:18] [info] phone-bridge: reconnecting in 30s
[2026-05-28 18:10:48] [error] phone-bridge: reconnect failed: Connection to tls://pbx12127.onpbx.ru:3342 timed out after 60 seconds (ETIMEDOUT)
[2026-05-28 18:10:48] [info] phone-bridge: reconnecting in 30s
[2026-05-28 18:12:18] [error] phone-bridge: reconnect failed: Connection to tls://pbx12127.onpbx.ru:3342 timed out after 60 seconds (ETIMEDOUT)
[2026-05-28 18:12:18] [info] phone-bridge: reconnecting in 30s
[2026-05-28 18:13:49] [error] phone-bridge: reconnect failed: Connection to tls://pbx12127.onpbx.ru:3342 timed out after 60 seconds (ETIMEDOUT)
[2026-05-28 18:13:49] [info] phone-bridge: reconnecting in 30s
[2026-05-28 18:15:19] [error] phone-bridge: reconnect failed: Connection to tls://pbx12127.onpbx.ru:3342 timed out after 60 seconds (ETIMEDOUT)
[2026-05-28 18:15:19] [info] phone-bridge: reconnecting in 30s
[2026-05-28 18:16:49] [error] phone-bridge: reconnect failed: Connection to tls://pbx12127.onpbx.ru:3342 timed out after 60 seconds (ETIMEDOUT)
[2026-05-28 18:16:49] [info] phone-bridge: reconnecting in 30s
[2026-05-28 18:18:19] [error] phone-bridge: reconnect failed: Connection to tls://pbx12127.onpbx.ru:3342 timed out after 60 seconds (ETIMEDOUT)
[2026-05-28 18:18:19] [info] phone-bridge: reconnecting in 30s
[2026-05-28 18:19:49] [error] phone-bridge: reconnect failed: Connection to tls://pbx12127.onpbx.ru:3342 timed out after 60 seconds (ETIMEDOUT)
[2026-05-28 18:19:49] [info] phone-bridge: reconnecting in 30s
[2026-05-28 18:21:19] [error] phone-bridge: reconnect failed: Connection to tls://pbx12127.onpbx.ru:3342 timed out after 60 seconds (ETIMEDOUT)
[2026-05-28 18:21:19] [info] phone-bridge: reconnecting in 30s
[2026-05-28 18:22:49] [error] phone-bridge: reconnect failed: Connection to tls://pbx12127.onpbx.ru:3342 timed out after 60 seconds (ETIMEDOUT)
[2026-05-28 18:22:49] [info] phone-bridge: reconnecting in 30s
[2026-05-28 18:24:19] [error] phone-bridge: reconnect failed: Connection to tls://pbx12127.onpbx.ru:3342 timed out after 60 seconds (ETIMEDOUT)
[2026-05-28 18:24:19] [info] phone-bridge: reconnecting in 30s
[2026-05-28 18:25:49] [error] phone-bridge: reconnect failed: Connection to tls://pbx12127.onpbx.ru:3342 timed out after 60 seconds (ETIMEDOUT)
[2026-05-28 18:25:49] [info] phone-bridge: reconnecting in 30s
[2026-05-28 18:27:19] [error] phone-bridge: reconnect failed: Connection to tls://pbx12127.onpbx.ru:3342 timed out after 60 seconds (ETIMEDOUT)
[2026-05-28 18:27:19] [info] phone-bridge: reconnecting in 30s
[2026-05-28 18:28:49] [error] phone-bridge: reconnect failed: Connection to tls://pbx12127.onpbx.ru:3342 timed out after 60 seconds (ETIMEDOUT)
[2026-05-28 18:28:49] [info] phone-bridge: reconnecting in 30s
[2026-05-28 18:30:19] [error] phone-bridge: reconnect failed: Connection to tls://pbx12127.onpbx.ru:3342 timed out after 60 seconds (ETIMEDOUT)
[2026-05-28 18:30:19] [info] phone-bridge: reconnecting in 30s
[2026-05-28 18:31:49] [error] phone-bridge: reconnect failed: Connection to tls://pbx12127.onpbx.ru:3342 timed out after 60 seconds (ETIMEDOUT)
[2026-05-28 18:31:49] [info] phone-bridge: reconnecting in 30s
[2026-05-28 18:33:19] [error] phone-bridge: reconnect failed: Connection to tls://pbx12127.onpbx.ru:3342 timed out after 60 seconds (ETIMEDOUT)
[2026-05-28 18:33:19] [info] phone-bridge: reconnecting in 30s
[2026-05-28 18:34:49] [error] phone-bridge: reconnect failed: Connection to tls://pbx12127.onpbx.ru:3342 timed out after 60 seconds (ETIMEDOUT)
[2026-05-28 18:34:49] [info] phone-bridge: reconnecting in 30s
[2026-05-28 18:36:19] [error] phone-bridge: reconnect failed: Connection to tls://pbx12127.onpbx.ru:3342 timed out after 60 seconds (ETIMEDOUT)
[2026-05-28 18:36:19] [info] phone-bridge: reconnecting in 30s
[2026-05-28 18:37:49] [error] phone-bridge: reconnect failed: Connection to tls://pbx12127.onpbx.ru:3342 timed out after 60 seconds (ETIMEDOUT)
[2026-05-28 18:37:49] [info] phone-bridge: reconnecting in 30s
[2026-05-28 18:39:19] [error] phone-bridge: reconnect failed: Connection to tls://pbx12127.onpbx.ru:3342 timed out after 60 seconds (ETIMEDOUT)
[2026-05-28 18:39:19] [info] phone-bridge: reconnecting in 30s
[2026-05-28 18:40:49] [error] phone-bridge: reconnect failed: Connection to tls://pbx12127.onpbx.ru:3342 timed out after 60 seconds (ETIMEDOUT)
[2026-05-28 18:40:49] [info] phone-bridge: reconnecting in 30s
[2026-05-28 18:42:19] [error] phone-bridge: reconnect failed: Connection to tls://pbx12127.onpbx.ru:3342 timed out after 60 seconds (ETIMEDOUT)
[2026-05-28 18:42:19] [info] phone-bridge: reconnecting in 30s
[2026-05-28 18:43:49] [error] phone-bridge: reconnect failed: Connection to tls://pbx12127.onpbx.ru:3342 timed out after 60 seconds (ETIMEDOUT)
[2026-05-28 18:43:49] [info] phone-bridge: reconnecting in 30s
[2026-05-28 18:45:19] [error] phone-bridge: reconnect failed: Connection to tls://pbx12127.onpbx.ru:3342 timed out after 60 seconds (ETIMEDOUT)
[2026-05-28 18:45:19] [info] phone-bridge: reconnecting in 30s
[2026-05-28 18:46:49] [error] phone-bridge: reconnect failed: Connection to tls://pbx12127.onpbx.ru:3342 timed out after 60 seconds (ETIMEDOUT)
[2026-05-28 18:46:49] [info] phone-bridge: reconnecting in 30s
[2026-05-28 18:48:19] [error] phone-bridge: reconnect failed: Connection to tls://pbx12127.onpbx.ru:3342 timed out after 60 seconds (ETIMEDOUT)
[2026-05-28 18:48:19] [info] phone-bridge: reconnecting in 30s
[2026-05-28 18:49:49] [error] phone-bridge: reconnect failed: Connection to tls://pbx12127.onpbx.ru:3342 timed out after 60 seconds (ETIMEDOUT)
[2026-05-28 18:49:49] [info] phone-bridge: reconnecting in 30s
[2026-05-28 18:51:19] [error] phone-bridge: reconnect failed: Connection to tls://pbx12127.onpbx.ru:3342 timed out after 60 seconds (ETIMEDOUT)
[2026-05-28 18:51:19] [info] phone-bridge: reconnecting in 30s
[2026-05-28 18:52:50] [error] phone-bridge: reconnect failed: Connection to tls://pbx12127.onpbx.ru:3342 timed out after 60 seconds (ETIMEDOUT)
[2026-05-28 18:52:50] [info] phone-bridge: reconnecting in 30s
[2026-05-28 18:54:20] [error] phone-bridge: reconnect failed: Connection to tls://pbx12127.onpbx.ru:3342 timed out after 60 seconds (ETIMEDOUT)
[2026-05-28 18:54:20] [info] phone-bridge: reconnecting in 30s
[2026-05-28 18:55:50] [error] phone-bridge: reconnect failed: Connection to tls://pbx12127.onpbx.ru:3342 timed out after 60 seconds (ETIMEDOUT)
[2026-05-28 18:55:50] [info] phone-bridge: reconnecting in 30s
[2026-05-28 18:57:20] [error] phone-bridge: reconnect failed: Connection to tls://pbx12127.onpbx.ru:3342 timed out after 60 seconds (ETIMEDOUT)
[2026-05-28 18:57:20] [info] phone-bridge: reconnecting in 30s
[2026-05-28 18:58:50] [error] phone-bridge: reconnect failed: Connection to tls://pbx12127.onpbx.ru:3342 timed out after 60 seconds (ETIMEDOUT)
[2026-05-28 18:58:50] [info] phone-bridge: reconnecting in 30s
[2026-05-28 19:00:20] [error] phone-bridge: reconnect failed: Connection to tls://pbx12127.onpbx.ru:3342 timed out after 60 seconds (ETIMEDOUT)
[2026-05-28 19:00:20] [info] phone-bridge: reconnecting in 30s
[2026-05-28 19:01:50] [error] phone-bridge: reconnect failed: Connection to tls://pbx12127.onpbx.ru:3342 timed out after 60 seconds (ETIMEDOUT)
[2026-05-28 19:01:50] [info] phone-bridge: reconnecting in 30s
[2026-05-28 19:03:20] [error] phone-bridge: reconnect failed: Connection to tls://pbx12127.onpbx.ru:3342 timed out after 60 seconds (ETIMEDOUT)
[2026-05-28 19:03:20] [info] phone-bridge: reconnecting in 30s
[2026-05-28 19:04:50] [error] phone-bridge: reconnect failed: Connection to tls://pbx12127.onpbx.ru:3342 timed out after 60 seconds (ETIMEDOUT)
[2026-05-28 19:04:50] [info] phone-bridge: reconnecting in 30s
[2026-05-28 19:06:20] [error] phone-bridge: reconnect failed: Connection to tls://pbx12127.onpbx.ru:3342 timed out after 60 seconds (ETIMEDOUT)
[2026-05-28 19:06:20] [info] phone-bridge: reconnecting in 30s
[2026-05-28 19:07:50] [error] phone-bridge: reconnect failed: Connection to tls://pbx12127.onpbx.ru:3342 timed out after 60 seconds (ETIMEDOUT)
[2026-05-28 19:07:50] [info] phone-bridge: reconnecting in 30s
[2026-05-28 19:09:20] [error] phone-bridge: reconnect failed: Connection to tls://pbx12127.onpbx.ru:3342 timed out after 60 seconds (ETIMEDOUT)
[2026-05-28 19:09:20] [info] phone-bridge: reconnecting in 30s
[2026-05-28 19:10:50] [error] phone-bridge: reconnect failed: Connection to tls://pbx12127.onpbx.ru:3342 timed out after 60 seconds (ETIMEDOUT)
[2026-05-28 19:10:50] [info] phone-bridge: reconnecting in 30s
[2026-05-28 19:12:20] [error] phone-bridge: reconnect failed: Connection to tls://pbx12127.onpbx.ru:3342 timed out after 60 seconds (ETIMEDOUT)
[2026-05-28 19:12:20] [info] phone-bridge: reconnecting in 30s
[2026-05-28 19:13:50] [error] phone-bridge: reconnect failed: Connection to tls://pbx12127.onpbx.ru:3342 timed out after 60 seconds (ETIMEDOUT)
[2026-05-28 19:13:50] [info] phone-bridge: reconnecting in 30s
[2026-05-28 19:15:20] [error] phone-bridge: reconnect failed: Connection to tls://pbx12127.onpbx.ru:3342 timed out after 60 seconds (ETIMEDOUT)
[2026-05-28 19:15:20] [info] phone-bridge: reconnecting in 30s
[2026-05-28 19:16:50] [error] phone-bridge: reconnect failed: Connection to tls://pbx12127.onpbx.ru:3342 timed out after 60 seconds (ETIMEDOUT)
[2026-05-28 19:16:50] [info] phone-bridge: reconnecting in 30s
[2026-05-28 19:18:20] [error] phone-bridge: reconnect failed: Connection to tls://pbx12127.onpbx.ru:3342 timed out after 60 seconds (ETIMEDOUT)
[2026-05-28 19:18:20] [info] phone-bridge: reconnecting in 30s
[2026-05-28 19:19:50] [error] phone-bridge: reconnect failed: Connection to tls://pbx12127.onpbx.ru:3342 timed out after 60 seconds (ETIMEDOUT)
[2026-05-28 19:19:50] [info] phone-bridge: reconnecting in 30s
[2026-05-28 19:21:20] [error] phone-bridge: reconnect failed: Connection to tls://pbx12127.onpbx.ru:3342 timed out after 60 seconds (ETIMEDOUT)
[2026-05-28 19:21:20] [info] phone-bridge: reconnecting in 30s
[2026-05-28 19:22:50] [error] phone-bridge: reconnect failed: Connection to tls://pbx12127.onpbx.ru:3342 timed out after 60 seconds (ETIMEDOUT)
[2026-05-28 19:22:50] [info] phone-bridge: reconnecting in 30s
[2026-05-28 19:24:20] [error] phone-bridge: reconnect failed: Connection to tls://pbx12127.onpbx.ru:3342 timed out after 60 seconds (ETIMEDOUT)
[2026-05-28 19:24:20] [info] phone-bridge: reconnecting in 30s
[2026-05-28 19:25:50] [error] phone-bridge: reconnect failed: Connection to tls://pbx12127.onpbx.ru:3342 timed out after 60 seconds (ETIMEDOUT)
[2026-05-28 19:25:50] [info] phone-bridge: reconnecting in 30s
[2026-05-28 19:27:20] [error] phone-bridge: reconnect failed: Connection to tls://pbx12127.onpbx.ru:3342 timed out after 60 seconds (ETIMEDOUT)
[2026-05-28 19:27:20] [info] phone-bridge: reconnecting in 30s
[2026-05-28 19:28:50] [error] phone-bridge: reconnect failed: Connection to tls://pbx12127.onpbx.ru:3342 timed out after 60 seconds (ETIMEDOUT)
[2026-05-28 19:28:50] [info] phone-bridge: reconnecting in 30s
[2026-05-28 19:30:20] [error] phone-bridge: reconnect failed: Connection to tls://pbx12127.onpbx.ru:3342 timed out after 60 seconds (ETIMEDOUT)
[2026-05-28 19:30:20] [info] phone-bridge: reconnecting in 30s
[2026-05-28 19:31:51] [error] phone-bridge: reconnect failed: Connection to tls://pbx12127.onpbx.ru:3342 timed out after 60 seconds (ETIMEDOUT)
[2026-05-28 19:31:51] [info] phone-bridge: reconnecting in 30s
[2026-05-28 19:33:21] [error] phone-bridge: reconnect failed: Connection to tls://pbx12127.onpbx.ru:3342 timed out after 60 seconds (ETIMEDOUT)
[2026-05-28 19:33:21] [info] phone-bridge: reconnecting in 30s
[2026-05-28 19:34:51] [error] phone-bridge: reconnect failed: Connection to tls://pbx12127.onpbx.ru:3342 timed out after 60 seconds (ETIMEDOUT)
[2026-05-28 19:34:51] [info] phone-bridge: reconnecting in 30s
[2026-05-28 19:36:21] [error] phone-bridge: reconnect failed: Connection to tls://pbx12127.onpbx.ru:3342 timed out after 60 seconds (ETIMEDOUT)
[2026-05-28 19:36:21] [info] phone-bridge: reconnecting in 30s
[2026-05-28 19:37:51] [error] phone-bridge: reconnect failed: Connection to tls://pbx12127.onpbx.ru:3342 timed out after 60 seconds (ETIMEDOUT)
[2026-05-28 19:37:51] [info] phone-bridge: reconnecting in 30s
[2026-05-28 19:39:21] [error] phone-bridge: reconnect failed: Connection to tls://pbx12127.onpbx.ru:3342 timed out after 60 seconds (ETIMEDOUT)
[2026-05-28 19:39:21] [info] phone-bridge: reconnecting in 30s
[2026-05-28 19:40:51] [error] phone-bridge: reconnect failed: Connection to tls://pbx12127.onpbx.ru:3342 timed out after 60 seconds (ETIMEDOUT)
[2026-05-28 19:40:51] [info] phone-bridge: reconnecting in 30s
[2026-05-28 19:42:21] [error] phone-bridge: reconnect failed: Connection to tls://pbx12127.onpbx.ru:3342 timed out after 60 seconds (ETIMEDOUT)
[2026-05-28 19:42:21] [info] phone-bridge: reconnecting in 30s
[2026-05-28 19:43:51] [error] phone-bridge: reconnect failed: Connection to tls://pbx12127.onpbx.ru:3342 timed out after 60 seconds (ETIMEDOUT)
[2026-05-28 19:43:51] [info] phone-bridge: reconnecting in 30s
[2026-05-28 19:45:21] [error] phone-bridge: reconnect failed: Connection to tls://pbx12127.onpbx.ru:3342 timed out after 60 seconds (ETIMEDOUT)
[2026-05-28 19:45:21] [info] phone-bridge: reconnecting in 30s
[2026-05-28 19:46:51] [error] phone-bridge: reconnect failed: Connection to tls://pbx12127.onpbx.ru:3342 timed out after 60 seconds (ETIMEDOUT)
[2026-05-28 19:46:51] [info] phone-bridge: reconnecting in 30s
[2026-05-28 19:48:21] [error] phone-bridge: reconnect failed: Connection to tls://pbx12127.onpbx.ru:3342 timed out after 60 seconds (ETIMEDOUT)
[2026-05-28 19:48:21] [info] phone-bridge: reconnecting in 30s
[2026-05-28 19:49:51] [error] phone-bridge: reconnect failed: Connection to tls://pbx12127.onpbx.ru:3342 timed out after 60 seconds (ETIMEDOUT)
[2026-05-28 19:49:51] [info] phone-bridge: reconnecting in 30s
[2026-05-28 19:51:21] [error] phone-bridge: reconnect failed: Connection to tls://pbx12127.onpbx.ru:3342 timed out after 60 seconds (ETIMEDOUT)
[2026-05-28 19:51:21] [info] phone-bridge: reconnecting in 30s
[2026-05-28 19:52:51] [error] phone-bridge: reconnect failed: Connection to tls://pbx12127.onpbx.ru:3342 timed out after 60 seconds (ETIMEDOUT)
[2026-05-28 19:52:51] [info] phone-bridge: reconnecting in 30s
[2026-05-28 19:54:21] [error] phone-bridge: reconnect failed: Connection to tls://pbx12127.onpbx.ru:3342 timed out after 60 seconds (ETIMEDOUT)
[2026-05-28 19:54:21] [info] phone-bridge: reconnecting in 30s
[2026-05-28 19:55:51] [error] phone-bridge: reconnect failed: Connection to tls://pbx12127.onpbx.ru:3342 timed out after 60 seconds (ETIMEDOUT)
[2026-05-28 19:55:51] [info] phone-bridge: reconnecting in 30s
[2026-05-28 19:57:21] [error] phone-bridge: reconnect failed: Connection to tls://pbx12127.onpbx.ru:3342 timed out after 60 seconds (ETIMEDOUT)
[2026-05-28 19:57:21] [info] phone-bridge: reconnecting in 30s
[2026-05-28 19:58:51] [error] phone-bridge: reconnect failed: Connection to tls://pbx12127.onpbx.ru:3342 timed out after 60 seconds (ETIMEDOUT)
[2026-05-28 19:58:51] [info] phone-bridge: reconnecting in 30s
[2026-05-28 20:00:21] [error] phone-bridge: reconnect failed: Connection to tls://pbx12127.onpbx.ru:3342 timed out after 60 seconds (ETIMEDOUT)
[2026-05-28 20:00:21] [info] phone-bridge: reconnecting in 30s
[2026-05-28 20:01:51] [error] phone-bridge: reconnect failed: Connection to tls://pbx12127.onpbx.ru:3342 timed out after 60 seconds (ETIMEDOUT)
[2026-05-28 20:01:51] [info] phone-bridge: reconnecting in 30s
[2026-05-28 20:03:21] [error] phone-bridge: reconnect failed: Connection to tls://pbx12127.onpbx.ru:3342 timed out after 60 seconds (ETIMEDOUT)
[2026-05-28 20:03:21] [info] phone-bridge: reconnecting in 30s
[2026-05-28 20:04:51] [error] phone-bridge: reconnect failed: Connection to tls://pbx12127.onpbx.ru:3342 timed out after 60 seconds (ETIMEDOUT)
[2026-05-28 20:04:51] [info] phone-bridge: reconnecting in 30s
[2026-05-28 20:06:21] [error] phone-bridge: reconnect failed: Connection to tls://pbx12127.onpbx.ru:3342 timed out after 60 seconds (ETIMEDOUT)
[2026-05-28 20:06:21] [info] phone-bridge: reconnecting in 30s
[2026-05-28 20:07:51] [error] phone-bridge: reconnect failed: Connection to tls://pbx12127.onpbx.ru:3342 timed out after 60 seconds (ETIMEDOUT)
[2026-05-28 20:07:51] [info] phone-bridge: reconnecting in 30s
[2026-05-28 20:09:21] [error] phone-bridge: reconnect failed: Connection to tls://pbx12127.onpbx.ru:3342 timed out after 60 seconds (ETIMEDOUT)
[2026-05-28 20:09:21] [info] phone-bridge: reconnecting in 30s
[2026-05-28 20:10:52] [error] phone-bridge: reconnect failed: Connection to tls://pbx12127.onpbx.ru:3342 timed out after 60 seconds (ETIMEDOUT)
[2026-05-28 20:10:52] [info] phone-bridge: reconnecting in 30s
[2026-05-28 20:12:22] [error] phone-bridge: reconnect failed: Connection to tls://pbx12127.onpbx.ru:3342 timed out after 60 seconds (ETIMEDOUT)
[2026-05-28 20:12:22] [info] phone-bridge: reconnecting in 30s
[2026-05-28 20:13:52] [error] phone-bridge: reconnect failed: Connection to tls://pbx12127.onpbx.ru:3342 timed out after 60 seconds (ETIMEDOUT)
[2026-05-28 20:13:52] [info] phone-bridge: reconnecting in 30s
[2026-05-28 20:15:22] [error] phone-bridge: reconnect failed: Connection to tls://pbx12127.onpbx.ru:3342 timed out after 60 seconds (ETIMEDOUT)
[2026-05-28 20:15:22] [info] phone-bridge: reconnecting in 30s
[2026-05-28 20:16:52] [error] phone-bridge: reconnect failed: Connection to tls://pbx12127.onpbx.ru:3342 timed out after 60 seconds (ETIMEDOUT)
[2026-05-28 20:16:52] [info] phone-bridge: reconnecting in 30s
[2026-05-28 20:18:22] [error] phone-bridge: reconnect failed: Connection to tls://pbx12127.onpbx.ru:3342 timed out after 60 seconds (ETIMEDOUT)
[2026-05-28 20:18:22] [info] phone-bridge: reconnecting in 30s
[2026-05-28 20:19:52] [error] phone-bridge: reconnect failed: Connection to tls://pbx12127.onpbx.ru:3342 timed out after 60 seconds (ETIMEDOUT)
[2026-05-28 20:19:52] [info] phone-bridge: reconnecting in 30s
[2026-05-28 20:21:22] [error] phone-bridge: reconnect failed: Connection to tls://pbx12127.onpbx.ru:3342 timed out after 60 seconds (ETIMEDOUT)
[2026-05-28 20:21:22] [info] phone-bridge: reconnecting in 30s
[2026-05-28 20:22:52] [error] phone-bridge: reconnect failed: Connection to tls://pbx12127.onpbx.ru:3342 timed out after 60 seconds (ETIMEDOUT)
[2026-05-28 20:22:52] [info] phone-bridge: reconnecting in 30s
[2026-05-28 20:24:22] [error] phone-bridge: reconnect failed: Connection to tls://pbx12127.onpbx.ru:3342 timed out after 60 seconds (ETIMEDOUT)
[2026-05-28 20:24:22] [info] phone-bridge: reconnecting in 30s
[2026-05-28 20:25:52] [error] phone-bridge: reconnect failed: Connection to tls://pbx12127.onpbx.ru:3342 timed out after 60 seconds (ETIMEDOUT)
[2026-05-28 20:25:52] [info] phone-bridge: reconnecting in 30s
[2026-05-28 20:27:22] [error] phone-bridge: reconnect failed: Connection to tls://pbx12127.onpbx.ru:3342 timed out after 60 seconds (ETIMEDOUT)
[2026-05-28 20:27:22] [info] phone-bridge: reconnecting in 30s
[2026-05-28 20:28:52] [error] phone-bridge: reconnect failed: Connection to tls://pbx12127.onpbx.ru:3342 timed out after 60 seconds (ETIMEDOUT)
[2026-05-28 20:28:52] [info] phone-bridge: reconnecting in 30s
[2026-05-28 20:30:22] [error] phone-bridge: reconnect failed: Connection to tls://pbx12127.onpbx.ru:3342 timed out after 60 seconds (ETIMEDOUT)
[2026-05-28 20:30:22] [info] phone-bridge: reconnecting in 30s
[2026-05-28 20:31:52] [error] phone-bridge: reconnect failed: Connection to tls://pbx12127.onpbx.ru:3342 timed out after 60 seconds (ETIMEDOUT)
[2026-05-28 20:31:52] [info] phone-bridge: reconnecting in 30s
[2026-05-28 20:33:22] [error] phone-bridge: reconnect failed: Connection to tls://pbx12127.onpbx.ru:3342 timed out after 60 seconds (ETIMEDOUT)
[2026-05-28 20:33:22] [info] phone-bridge: reconnecting in 30s
[2026-05-28 20:34:52] [error] phone-bridge: reconnect failed: Connection to tls://pbx12127.onpbx.ru:3342 timed out after 60 seconds (ETIMEDOUT)
[2026-05-28 20:34:52] [info] phone-bridge: reconnecting in 30s
[2026-05-28 20:36:22] [error] phone-bridge: reconnect failed: Connection to tls://pbx12127.onpbx.ru:3342 timed out after 60 seconds (ETIMEDOUT)
[2026-05-28 20:36:22] [info] phone-bridge: reconnecting in 30s
[2026-05-28 20:37:52] [error] phone-bridge: reconnect failed: Connection to tls://pbx12127.onpbx.ru:3342 timed out after 60 seconds (ETIMEDOUT)
[2026-05-28 20:37:52] [info] phone-bridge: reconnecting in 30s
[2026-05-28 20:39:22] [error] phone-bridge: reconnect failed: Connection to tls://pbx12127.onpbx.ru:3342 timed out after 60 seconds (ETIMEDOUT)
[2026-05-28 20:39:22] [info] phone-bridge: reconnecting in 30s
[2026-05-28 20:40:52] [error] phone-bridge: reconnect failed: Connection to tls://pbx12127.onpbx.ru:3342 timed out after 60 seconds (ETIMEDOUT)
[2026-05-28 20:40:52] [info] phone-bridge: reconnecting in 30s
[2026-05-28 20:42:23] [error] phone-bridge: reconnect failed: Connection to tls://pbx12127.onpbx.ru:3342 timed out after 60 seconds (ETIMEDOUT)
[2026-05-28 20:42:23] [info] phone-bridge: reconnecting in 30s
[2026-05-28 20:43:53] [error] phone-bridge: reconnect failed: Connection to tls://pbx12127.onpbx.ru:3342 timed out after 60 seconds (ETIMEDOUT)
[2026-05-28 20:43:53] [info] phone-bridge: reconnecting in 30s
[2026-05-28 20:45:23] [error] phone-bridge: reconnect failed: Connection to tls://pbx12127.onpbx.ru:3342 timed out after 60 seconds (ETIMEDOUT)
[2026-05-28 20:45:23] [info] phone-bridge: reconnecting in 30s
[2026-05-28 20:46:53] [error] phone-bridge: reconnect failed: Connection to tls://pbx12127.onpbx.ru:3342 timed out after 60 seconds (ETIMEDOUT)
[2026-05-28 20:46:53] [info] phone-bridge: reconnecting in 30s
[2026-05-28 20:48:23] [error] phone-bridge: reconnect failed: Connection to tls://pbx12127.onpbx.ru:3342 timed out after 60 seconds (ETIMEDOUT)
[2026-05-28 20:48:23] [info] phone-bridge: reconnecting in 30s
[2026-05-28 20:49:53] [error] phone-bridge: reconnect failed: Connection to tls://pbx12127.onpbx.ru:3342 timed out after 60 seconds (ETIMEDOUT)
[2026-05-28 20:49:53] [info] phone-bridge: reconnecting in 30s
[2026-05-28 20:51:23] [error] phone-bridge: reconnect failed: Connection to tls://pbx12127.onpbx.ru:3342 timed out after 60 seconds (ETIMEDOUT)
[2026-05-28 20:51:23] [info] phone-bridge: reconnecting in 30s
[2026-05-28 20:52:53] [error] phone-bridge: reconnect failed: Connection to tls://pbx12127.onpbx.ru:3342 timed out after 60 seconds (ETIMEDOUT)
[2026-05-28 20:52:53] [info] phone-bridge: reconnecting in 30s
[2026-05-28 20:54:23] [error] phone-bridge: reconnect failed: Connection to tls://pbx12127.onpbx.ru:3342 timed out after 60 seconds (ETIMEDOUT)
[2026-05-28 20:54:23] [info] phone-bridge: reconnecting in 30s
[2026-05-28 20:55:53] [error] phone-bridge: reconnect failed: Connection to tls://pbx12127.onpbx.ru:3342 timed out after 60 seconds (ETIMEDOUT)
[2026-05-28 20:55:53] [info] phone-bridge: reconnecting in 30s
[2026-05-28 20:57:23] [error] phone-bridge: reconnect failed: Connection to tls://pbx12127.onpbx.ru:3342 timed out after 60 seconds (ETIMEDOUT)
[2026-05-28 20:57:23] [info] phone-bridge: reconnecting in 30s
[2026-05-28 20:58:53] [error] phone-bridge: reconnect failed: Connection to tls://pbx12127.onpbx.ru:3342 timed out after 60 seconds (ETIMEDOUT)
[2026-05-28 20:58:53] [info] phone-bridge: reconnecting in 30s
[2026-05-28 21:00:23] [error] phone-bridge: reconnect failed: Connection to tls://pbx12127.onpbx.ru:3342 timed out after 60 seconds (ETIMEDOUT)
[2026-05-28 21:00:23] [info] phone-bridge: reconnecting in 30s
[2026-05-28 21:01:53] [error] phone-bridge: reconnect failed: Connection to tls://pbx12127.onpbx.ru:3342 timed out after 60 seconds (ETIMEDOUT)
[2026-05-28 21:01:53] [info] phone-bridge: reconnecting in 30s
[2026-05-28 21:03:23] [error] phone-bridge: reconnect failed: Connection to tls://pbx12127.onpbx.ru:3342 timed out after 60 seconds (ETIMEDOUT)
[2026-05-28 21:03:23] [info] phone-bridge: reconnecting in 30s
[2026-05-28 21:04:53] [error] phone-bridge: reconnect failed: Connection to tls://pbx12127.onpbx.ru:3342 timed out after 60 seconds (ETIMEDOUT)
[2026-05-28 21:04:53] [info] phone-bridge: reconnecting in 30s
[2026-05-28 21:06:23] [error] phone-bridge: reconnect failed: Connection to tls://pbx12127.onpbx.ru:3342 timed out after 60 seconds (ETIMEDOUT)
[2026-05-28 21:06:23] [info] phone-bridge: reconnecting in 30s
[2026-05-28 21:07:53] [error] phone-bridge: reconnect failed: Connection to tls://pbx12127.onpbx.ru:3342 timed out after 60 seconds (ETIMEDOUT)
[2026-05-28 21:07:53] [info] phone-bridge: reconnecting in 30s
[2026-05-28 21:09:23] [error] phone-bridge: reconnect failed: Connection to tls://pbx12127.onpbx.ru:3342 timed out after 60 seconds (ETIMEDOUT)
[2026-05-28 21:09:23] [info] phone-bridge: reconnecting in 30s
[2026-05-28 21:10:53] [error] phone-bridge: reconnect failed: Connection to tls://pbx12127.onpbx.ru:3342 timed out after 60 seconds (ETIMEDOUT)
[2026-05-28 21:10:53] [info] phone-bridge: reconnecting in 30s
[2026-05-28 21:12:23] [error] phone-bridge: reconnect failed: Connection to tls://pbx12127.onpbx.ru:3342 timed out after 60 seconds (ETIMEDOUT)
[2026-05-28 21:12:23] [info] phone-bridge: reconnecting in 30s
[2026-05-28 21:12:54] [info] phone-bridge: connected, subscribing to user_registration,user_blf,user_status
[2026-05-28 21:18:24] [warning] phone-bridge: no events for 330s — forcing reconnect
[2026-05-28 21:18:24] [warning] phone-bridge: connection closed (code=1000 reason=)
[2026-05-28 21:18:24] [info] phone-bridge: reconnecting in 1s
[2026-05-28 21:18:26] [info] phone-bridge: connected, subscribing to user_registration,user_blf,user_status
[2026-05-28 21:23:56] [warning] phone-bridge: no events for 330s — forcing reconnect
[2026-05-28 21:23:56] [warning] phone-bridge: connection closed (code=1000 reason=)
[2026-05-28 21:23:56] [info] phone-bridge: reconnecting in 1s
[2026-05-28 21:23:57] [info] phone-bridge: connected, subscribing to user_registration,user_blf,user_status
[2026-05-28 21:29:27] [warning] phone-bridge: no events for 330s — forcing reconnect
[2026-05-28 21:29:27] [warning] phone-bridge: connection closed (code=1000 reason=)
[2026-05-28 21:29:27] [info] phone-bridge: reconnecting in 1s
[2026-05-28 21:29:29] [info] phone-bridge: connected, subscribing to user_registration,user_blf,user_status
[2026-05-28 21:34:59] [warning] phone-bridge: no events for 330s — forcing reconnect
[2026-05-28 21:34:59] [warning] phone-bridge: connection closed (code=1000 reason=)
[2026-05-28 21:34:59] [info] phone-bridge: reconnecting in 1s
[2026-05-28 21:35:00] [info] phone-bridge: connected, subscribing to user_registration,user_blf,user_status
[2026-05-28 21:40:30] [warning] phone-bridge: no events for 330s — forcing reconnect
[2026-05-28 21:40:30] [warning] phone-bridge: connection closed (code=1000 reason=)
[2026-05-28 21:40:30] [info] phone-bridge: reconnecting in 1s
[2026-05-28 21:40:32] [info] phone-bridge: connected, subscribing to user_registration,user_blf,user_status
[2026-05-28 21:46:02] [warning] phone-bridge: no events for 330s — forcing reconnect
[2026-05-28 21:46:02] [warning] phone-bridge: connection closed (code=1000 reason=)
[2026-05-28 21:46:02] [info] phone-bridge: reconnecting in 1s
[2026-05-28 21:46:04] [info] phone-bridge: connected, subscribing to user_registration,user_blf,user_status
[2026-05-28 21:51:34] [warning] phone-bridge: no events for 330s — forcing reconnect
[2026-05-28 21:51:34] [warning] phone-bridge: connection closed (code=1000 reason=)
[2026-05-28 21:51:34] [info] phone-bridge: reconnecting in 1s
[2026-05-28 21:51:35] [info] phone-bridge: connected, subscribing to user_registration,user_blf,user_status
[2026-05-28 21:57:05] [warning] phone-bridge: no events for 330s — forcing reconnect
[2026-05-28 21:57:05] [warning] phone-bridge: connection closed (code=1000 reason=)
[2026-05-28 21:57:05] [info] phone-bridge: reconnecting in 1s
[2026-05-28 21:57:07] [info] phone-bridge: connected, subscribing to user_registration,user_blf,user_status
[2026-05-28 22:02:37] [warning] phone-bridge: no events for 330s — forcing reconnect
[2026-05-28 22:02:37] [warning] phone-bridge: connection closed (code=1000 reason=)
[2026-05-28 22:02:37] [info] phone-bridge: reconnecting in 1s
[2026-05-28 22:02:38] [info] phone-bridge: connected, subscribing to user_registration,user_blf,user_status
[2026-05-28 22:08:08] [warning] phone-bridge: no events for 330s — forcing reconnect
[2026-05-28 22:08:08] [warning] phone-bridge: connection closed (code=1000 reason=)
[2026-05-28 22:08:08] [info] phone-bridge: reconnecting in 1s
[2026-05-28 22:08:10] [info] phone-bridge: connected, subscribing to user_registration,user_blf,user_status
[2026-05-28 22:13:40] [warning] phone-bridge: no events for 330s — forcing reconnect
[2026-05-28 22:13:40] [warning] phone-bridge: connection closed (code=1000 reason=)
[2026-05-28 22:13:40] [info] phone-bridge: reconnecting in 1s
[2026-05-28 22:13:41] [info] phone-bridge: connected, subscribing to user_registration,user_blf,user_status
[2026-05-28 22:19:11] [warning] phone-bridge: no events for 330s — forcing reconnect
[2026-05-28 22:19:11] [warning] phone-bridge: connection closed (code=1000 reason=)
[2026-05-28 22:19:11] [info] phone-bridge: reconnecting in 1s
[2026-05-28 22:19:13] [info] phone-bridge: connected, subscribing to user_registration,user_blf,user_status
[2026-05-28 22:24:43] [warning] phone-bridge: no events for 330s — forcing reconnect
[2026-05-28 22:24:43] [warning] phone-bridge: connection closed (code=1000 reason=)
[2026-05-28 22:24:43] [info] phone-bridge: reconnecting in 1s
[2026-05-28 22:24:44] [info] phone-bridge: connected, subscribing to user_registration,user_blf,user_status
[2026-05-28 22:29:45] [warning] phone-bridge: no events for 301s — forcing reconnect
[2026-05-28 22:29:45] [warning] phone-bridge: connection closed (code=1000 reason=)
[2026-05-28 22:29:45] [info] phone-bridge: reconnecting in 1s
[2026-05-28 22:29:46] [info] phone-bridge: connected, subscribing to user_registration,user_blf,user_status
[2026-05-28 22:35:16] [warning] phone-bridge: no events for 330s — forcing reconnect
[2026-05-28 22:35:16] [warning] phone-bridge: connection closed (code=1000 reason=)
[2026-05-28 22:35:16] [info] phone-bridge: reconnecting in 1s
[2026-05-28 22:35:17] [info] phone-bridge: connected, subscribing to user_registration,user_blf,user_status
[2026-05-28 22:40:48] [warning] phone-bridge: no events for 330s — forcing reconnect
[2026-05-28 22:40:48] [warning] phone-bridge: connection closed (code=1000 reason=)
[2026-05-28 22:40:48] [info] phone-bridge: reconnecting in 1s
[2026-05-28 22:40:49] [info] phone-bridge: connected, subscribing to user_registration,user_blf,user_status
[2026-05-28 22:46:19] [warning] phone-bridge: no events for 330s — forcing reconnect
[2026-05-28 22:46:19] [warning] phone-bridge: connection closed (code=1000 reason=)
[2026-05-28 22:46:19] [info] phone-bridge: reconnecting in 1s
[2026-05-28 22:46:21] [info] phone-bridge: connected, subscribing to user_registration,user_blf,user_status
[2026-05-28 22:51:51] [warning] phone-bridge: no events for 330s — forcing reconnect
[2026-05-28 22:51:51] [warning] phone-bridge: connection closed (code=1000 reason=)
[2026-05-28 22:51:51] [info] phone-bridge: reconnecting in 1s
[2026-05-28 22:51:52] [info] phone-bridge: connected, subscribing to user_registration,user_blf,user_status
[2026-05-28 22:57:22] [warning] phone-bridge: no events for 330s — forcing reconnect
[2026-05-28 22:57:22] [warning] phone-bridge: connection closed (code=1000 reason=)
[2026-05-28 22:57:22] [info] phone-bridge: reconnecting in 1s
[2026-05-28 22:57:24] [info] phone-bridge: connected, subscribing to user_registration,user_blf,user_status
[2026-05-28 23:02:54] [warning] phone-bridge: no events for 330s — forcing reconnect
[2026-05-28 23:02:54] [warning] phone-bridge: connection closed (code=1000 reason=)
[2026-05-28 23:02:54] [info] phone-bridge: reconnecting in 1s
[2026-05-28 23:02:55] [info] phone-bridge: connected, subscribing to user_registration,user_blf,user_status
[2026-05-28 23:08:25] [warning] phone-bridge: no events for 330s — forcing reconnect
[2026-05-28 23:08:25] [warning] phone-bridge: connection closed (code=1000 reason=)
[2026-05-28 23:08:25] [info] phone-bridge: reconnecting in 1s
[2026-05-28 23:08:27] [info] phone-bridge: connected, subscribing to user_registration,user_blf,user_status
[2026-05-28 23:13:57] [warning] phone-bridge: no events for 330s — forcing reconnect
[2026-05-28 23:13:57] [warning] phone-bridge: connection closed (code=1000 reason=)
[2026-05-28 23:13:57] [info] phone-bridge: reconnecting in 1s
[2026-05-28 23:13:58] [info] phone-bridge: connected, subscribing to user_registration,user_blf,user_status
[2026-05-28 23:19:28] [warning] phone-bridge: no events for 330s — forcing reconnect
[2026-05-28 23:19:28] [warning] phone-bridge: connection closed (code=1000 reason=)
[2026-05-28 23:19:28] [info] phone-bridge: reconnecting in 1s
[2026-05-28 23:19:30] [info] phone-bridge: connected, subscribing to user_registration,user_blf,user_status
[2026-05-28 23:25:00] [warning] phone-bridge: no events for 330s — forcing reconnect
[2026-05-28 23:25:00] [warning] phone-bridge: connection closed (code=1000 reason=)
[2026-05-28 23:25:00] [info] phone-bridge: reconnecting in 1s
[2026-05-28 23:25:01] [info] phone-bridge: connected, subscribing to user_registration,user_blf,user_status
[2026-05-28 23:30:32] [warning] phone-bridge: no events for 330s — forcing reconnect
[2026-05-28 23:30:32] [warning] phone-bridge: connection closed (code=1000 reason=)
[2026-05-28 23:30:32] [info] phone-bridge: reconnecting in 1s
[2026-05-28 23:30:33] [info] phone-bridge: connected, subscribing to user_registration,user_blf,user_status
[2026-05-28 23:36:03] [warning] phone-bridge: no events for 330s — forcing reconnect
[2026-05-28 23:36:03] [warning] phone-bridge: connection closed (code=1000 reason=)
[2026-05-28 23:36:03] [info] phone-bridge: reconnecting in 1s
[2026-05-28 23:36:05] [info] phone-bridge: connected, subscribing to user_registration,user_blf,user_status
[2026-05-28 23:41:35] [warning] phone-bridge: no events for 330s — forcing reconnect
[2026-05-28 23:41:35] [warning] phone-bridge: connection closed (code=1000 reason=)
[2026-05-28 23:41:35] [info] phone-bridge: reconnecting in 1s
[2026-05-28 23:41:36] [info] phone-bridge: connected, subscribing to user_registration,user_blf,user_status
[2026-05-28 23:47:06] [warning] phone-bridge: no events for 330s — forcing reconnect
[2026-05-28 23:47:06] [warning] phone-bridge: connection closed (code=1000 reason=)
[2026-05-28 23:47:06] [info] phone-bridge: reconnecting in 1s
[2026-05-28 23:47:08] [info] phone-bridge: connected, subscribing to user_registration,user_blf,user_status
[2026-05-28 23:52:38] [warning] phone-bridge: no events for 330s — forcing reconnect
[2026-05-28 23:52:38] [warning] phone-bridge: connection closed (code=1000 reason=)
[2026-05-28 23:52:38] [info] phone-bridge: reconnecting in 1s
[2026-05-28 23:52:39] [info] phone-bridge: connected, subscribing to user_registration,user_blf,user_status
[2026-05-28 23:58:09] [warning] phone-bridge: no events for 330s — forcing reconnect
[2026-05-28 23:58:09] [warning] phone-bridge: connection closed (code=1000 reason=)
[2026-05-28 23:58:09] [info] phone-bridge: reconnecting in 1s
[2026-05-28 23:58:11] [info] phone-bridge: connected, subscribing to user_registration,user_blf,user_status
[2026-05-29 00:03:41] [warning] phone-bridge: no events for 330s — forcing reconnect
[2026-05-29 00:03:41] [warning] phone-bridge: connection closed (code=1000 reason=)
[2026-05-29 00:03:41] [info] phone-bridge: reconnecting in 1s
[2026-05-29 00:03:42] [info] phone-bridge: connected, subscribing to user_registration,user_blf,user_status
[2026-05-29 00:09:43] [warning] phone-bridge: no events for 324s — forcing reconnect
[2026-05-29 00:09:43] [warning] phone-bridge: connection closed (code=1000 reason=)
[2026-05-29 00:09:43] [info] phone-bridge: reconnecting in 1s
[2026-05-29 00:09:44] [info] phone-bridge: connected, subscribing to user_registration,user_blf,user_status
[2026-05-29 00:18:44] [warning] phone-bridge: no events for 325s — forcing reconnect
[2026-05-29 00:18:44] [warning] phone-bridge: connection closed (code=1000 reason=)
[2026-05-29 00:18:44] [info] phone-bridge: reconnecting in 1s
[2026-05-29 00:18:46] [info] phone-bridge: connected, subscribing to user_registration,user_blf,user_status
[2026-05-29 00:36:46] [warning] phone-bridge: no events for 326s — forcing reconnect
[2026-05-29 00:36:46] [warning] phone-bridge: connection closed (code=1000 reason=)
[2026-05-29 00:36:46] [info] phone-bridge: reconnecting in 1s
[2026-05-29 00:36:48] [info] phone-bridge: connected, subscribing to user_registration,user_blf,user_status
[2026-05-29 00:45:48] [warning] phone-bridge: no events for 328s — forcing reconnect
[2026-05-29 00:45:48] [warning] phone-bridge: connection closed (code=1000 reason=)
[2026-05-29 00:45:48] [info] phone-bridge: reconnecting in 1s
[2026-05-29 00:45:49] [info] phone-bridge: connected, subscribing to user_registration,user_blf,user_status
[2026-05-29 00:54:49] [warning] phone-bridge: no events for 329s — forcing reconnect
[2026-05-29 00:54:49] [warning] phone-bridge: connection closed (code=1000 reason=)
[2026-05-29 00:54:49] [info] phone-bridge: reconnecting in 1s
[2026-05-29 00:54:51] [info] phone-bridge: connected, subscribing to user_registration,user_blf,user_status
[2026-05-29 01:03:21] [warning] phone-bridge: no events for 301s — forcing reconnect
[2026-05-29 01:03:21] [warning] phone-bridge: connection closed (code=1000 reason=)
[2026-05-29 01:03:21] [info] phone-bridge: reconnecting in 1s
[2026-05-29 01:03:22] [info] phone-bridge: connected, subscribing to user_registration,user_blf,user_status
[2026-05-29 01:12:22] [warning] phone-bridge: no events for 302s — forcing reconnect
[2026-05-29 01:12:22] [warning] phone-bridge: connection closed (code=1000 reason=)
[2026-05-29 01:12:22] [info] phone-bridge: reconnecting in 1s
[2026-05-29 01:12:24] [info] phone-bridge: connected, subscribing to user_registration,user_blf,user_status
[2026-05-29 01:17:54] [warning] phone-bridge: no events for 330s — forcing reconnect
[2026-05-29 01:17:54] [warning] phone-bridge: connection closed (code=1000 reason=)
[2026-05-29 01:17:54] [info] phone-bridge: reconnecting in 1s
[2026-05-29 01:17:55] [info] phone-bridge: connected, subscribing to user_registration,user_blf,user_status
[2026-05-29 01:23:56] [warning] phone-bridge: no events for 322s — forcing reconnect
[2026-05-29 01:23:56] [warning] phone-bridge: connection closed (code=1000 reason=)
[2026-05-29 01:23:56] [info] phone-bridge: reconnecting in 1s
[2026-05-29 01:23:57] [info] phone-bridge: connected, subscribing to user_registration,user_blf,user_status
[2026-05-29 01:29:27] [warning] phone-bridge: no events for 330s — forcing reconnect
[2026-05-29 01:29:27] [warning] phone-bridge: connection closed (code=1000 reason=)
[2026-05-29 01:29:27] [info] phone-bridge: reconnecting in 1s
[2026-05-29 01:29:29] [info] phone-bridge: connected, subscribing to user_registration,user_blf,user_status
[2026-05-29 01:34:59] [warning] phone-bridge: no events for 330s — forcing reconnect
[2026-05-29 01:34:59] [warning] phone-bridge: connection closed (code=1000 reason=)
[2026-05-29 01:34:59] [info] phone-bridge: reconnecting in 1s
[2026-05-29 01:35:00] [info] phone-bridge: connected, subscribing to user_registration,user_blf,user_status
[2026-05-29 01:40:30] [warning] phone-bridge: no events for 330s — forcing reconnect
[2026-05-29 01:40:30] [warning] phone-bridge: connection closed (code=1000 reason=)
[2026-05-29 01:40:30] [info] phone-bridge: reconnecting in 1s
[2026-05-29 01:40:32] [info] phone-bridge: connected, subscribing to user_registration,user_blf,user_status
[2026-05-29 01:46:02] [warning] phone-bridge: no events for 330s — forcing reconnect
[2026-05-29 01:46:02] [warning] phone-bridge: connection closed (code=1000 reason=)
[2026-05-29 01:46:02] [info] phone-bridge: reconnecting in 1s
[2026-05-29 01:46:03] [info] phone-bridge: connected, subscribing to user_registration,user_blf,user_status
[2026-05-29 01:51:33] [warning] phone-bridge: no events for 330s — forcing reconnect
[2026-05-29 01:51:33] [warning] phone-bridge: connection closed (code=1000 reason=)
[2026-05-29 01:51:33] [info] phone-bridge: reconnecting in 1s
[2026-05-29 01:51:35] [info] phone-bridge: connected, subscribing to user_registration,user_blf,user_status
[2026-05-29 01:57:05] [warning] phone-bridge: no events for 330s — forcing reconnect
[2026-05-29 01:57:05] [warning] phone-bridge: connection closed (code=1000 reason=)
[2026-05-29 01:57:05] [info] phone-bridge: reconnecting in 1s
[2026-05-29 01:57:06] [info] phone-bridge: connected, subscribing to user_registration,user_blf,user_status
[2026-05-29 02:02:36] [warning] phone-bridge: no events for 330s — forcing reconnect
[2026-05-29 02:02:36] [warning] phone-bridge: connection closed (code=1000 reason=)
[2026-05-29 02:02:36] [info] phone-bridge: reconnecting in 1s
[2026-05-29 02:02:38] [info] phone-bridge: connected, subscribing to user_registration,user_blf,user_status
[2026-05-29 02:08:08] [warning] phone-bridge: no events for 330s — forcing reconnect
[2026-05-29 02:08:08] [warning] phone-bridge: connection closed (code=1000 reason=)
[2026-05-29 02:08:08] [info] phone-bridge: reconnecting in 1s
[2026-05-29 02:08:09] [info] phone-bridge: connected, subscribing to user_registration,user_blf,user_status
[2026-05-29 02:13:40] [warning] phone-bridge: no events for 330s — forcing reconnect
[2026-05-29 02:13:40] [warning] phone-bridge: connection closed (code=1000 reason=)
[2026-05-29 02:13:40] [info] phone-bridge: reconnecting in 1s
[2026-05-29 02:13:41] [info] phone-bridge: connected, subscribing to user_registration,user_blf,user_status
[2026-05-29 02:19:11] [warning] phone-bridge: no events for 330s — forcing reconnect
[2026-05-29 02:19:11] [warning] phone-bridge: connection closed (code=1000 reason=)
[2026-05-29 02:19:11] [info] phone-bridge: reconnecting in 1s
[2026-05-29 02:19:13] [info] phone-bridge: connected, subscribing to user_registration,user_blf,user_status
[2026-05-29 02:24:43] [warning] phone-bridge: no events for 330s — forcing reconnect
[2026-05-29 02:24:43] [warning] phone-bridge: connection closed (code=1000 reason=)
[2026-05-29 02:24:43] [info] phone-bridge: reconnecting in 1s
[2026-05-29 02:24:44] [info] phone-bridge: connected, subscribing to user_registration,user_blf,user_status
[2026-05-29 02:30:14] [warning] phone-bridge: no events for 330s — forcing reconnect
[2026-05-29 02:30:14] [warning] phone-bridge: connection closed (code=1000 reason=)
[2026-05-29 02:30:14] [info] phone-bridge: reconnecting in 1s
[2026-05-29 02:30:16] [info] phone-bridge: connected, subscribing to user_registration,user_blf,user_status
[2026-05-29 02:35:46] [warning] phone-bridge: no events for 330s — forcing reconnect
[2026-05-29 02:35:46] [warning] phone-bridge: connection closed (code=1000 reason=)
[2026-05-29 02:35:46] [info] phone-bridge: reconnecting in 1s
[2026-05-29 02:35:47] [info] phone-bridge: connected, subscribing to user_registration,user_blf,user_status
[2026-05-29 02:41:17] [warning] phone-bridge: no events for 330s — forcing reconnect
[2026-05-29 02:41:17] [warning] phone-bridge: connection closed (code=1000 reason=)
[2026-05-29 02:41:17] [info] phone-bridge: reconnecting in 1s
[2026-05-29 02:41:19] [info] phone-bridge: connected, subscribing to user_registration,user_blf,user_status
[2026-05-29 02:46:49] [warning] phone-bridge: no events for 330s — forcing reconnect
[2026-05-29 02:46:49] [warning] phone-bridge: connection closed (code=1000 reason=)
[2026-05-29 02:46:49] [info] phone-bridge: reconnecting in 1s
[2026-05-29 02:46:50] [info] phone-bridge: connected, subscribing to user_registration,user_blf,user_status
[2026-05-29 02:52:20] [warning] phone-bridge: no events for 330s — forcing reconnect
[2026-05-29 02:52:20] [warning] phone-bridge: connection closed (code=1000 reason=)
[2026-05-29 02:52:20] [info] phone-bridge: reconnecting in 1s
[2026-05-29 02:52:22] [info] phone-bridge: connected, subscribing to user_registration,user_blf,user_status
[2026-05-29 02:57:52] [warning] phone-bridge: no events for 330s — forcing reconnect
[2026-05-29 02:57:52] [warning] phone-bridge: connection closed (code=1000 reason=)
[2026-05-29 02:57:52] [info] phone-bridge: reconnecting in 1s
[2026-05-29 02:57:53] [info] phone-bridge: connected, subscribing to user_registration,user_blf,user_status
[2026-05-29 03:03:24] [warning] phone-bridge: no events for 330s — forcing reconnect
[2026-05-29 03:03:24] [warning] phone-bridge: connection closed (code=1000 reason=)
[2026-05-29 03:03:24] [info] phone-bridge: reconnecting in 1s
[2026-05-29 03:03:25] [info] phone-bridge: connected, subscribing to user_registration,user_blf,user_status
[2026-05-29 03:08:55] [warning] phone-bridge: no events for 330s — forcing reconnect
[2026-05-29 03:08:55] [warning] phone-bridge: connection closed (code=1000 reason=)
[2026-05-29 03:08:55] [info] phone-bridge: reconnecting in 1s
[2026-05-29 03:08:57] [info] phone-bridge: connected, subscribing to user_registration,user_blf,user_status
[2026-05-29 03:14:27] [warning] phone-bridge: no events for 330s — forcing reconnect
[2026-05-29 03:14:27] [warning] phone-bridge: connection closed (code=1000 reason=)
[2026-05-29 03:14:27] [info] phone-bridge: reconnecting in 1s
[2026-05-29 03:14:28] [info] phone-bridge: connected, subscribing to user_registration,user_blf,user_status
[2026-05-29 03:19:58] [warning] phone-bridge: no events for 330s — forcing reconnect
[2026-05-29 03:19:58] [warning] phone-bridge: connection closed (code=1000 reason=)
[2026-05-29 03:19:58] [info] phone-bridge: reconnecting in 1s
[2026-05-29 03:20:00] [info] phone-bridge: connected, subscribing to user_registration,user_blf,user_status
[2026-05-29 03:25:30] [warning] phone-bridge: no events for 330s — forcing reconnect
[2026-05-29 03:25:30] [warning] phone-bridge: connection closed (code=1000 reason=)
[2026-05-29 03:25:30] [info] phone-bridge: reconnecting in 1s
[2026-05-29 03:25:31] [info] phone-bridge: connected, subscribing to user_registration,user_blf,user_status
[2026-05-29 03:31:01] [warning] phone-bridge: no events for 330s — forcing reconnect
[2026-05-29 03:31:01] [warning] phone-bridge: connection closed (code=1000 reason=)
[2026-05-29 03:31:01] [info] phone-bridge: reconnecting in 1s
[2026-05-29 03:31:03] [info] phone-bridge: connected, subscribing to user_registration,user_blf,user_status
[2026-05-29 03:36:33] [warning] phone-bridge: no events for 330s — forcing reconnect
[2026-05-29 03:36:33] [warning] phone-bridge: connection closed (code=1000 reason=)
[2026-05-29 03:36:33] [info] phone-bridge: reconnecting in 1s
[2026-05-29 03:36:34] [info] phone-bridge: connected, subscribing to user_registration,user_blf,user_status
[2026-05-29 03:42:04] [warning] phone-bridge: no events for 330s — forcing reconnect
[2026-05-29 03:42:04] [warning] phone-bridge: connection closed (code=1000 reason=)
[2026-05-29 03:42:04] [info] phone-bridge: reconnecting in 1s
[2026-05-29 03:42:06] [info] phone-bridge: connected, subscribing to user_registration,user_blf,user_status
[2026-05-29 03:47:36] [warning] phone-bridge: no events for 330s — forcing reconnect
[2026-05-29 03:47:36] [warning] phone-bridge: connection closed (code=1000 reason=)
[2026-05-29 03:47:36] [info] phone-bridge: reconnecting in 1s
[2026-05-29 03:47:37] [info] phone-bridge: connected, subscribing to user_registration,user_blf,user_status
[2026-05-29 03:53:07] [warning] phone-bridge: no events for 330s — forcing reconnect
[2026-05-29 03:53:07] [warning] phone-bridge: connection closed (code=1000 reason=)
[2026-05-29 03:53:07] [info] phone-bridge: reconnecting in 1s
[2026-05-29 03:53:09] [info] phone-bridge: connected, subscribing to user_registration,user_blf,user_status
[2026-05-29 03:58:39] [warning] phone-bridge: no events for 330s — forcing reconnect
[2026-05-29 03:58:39] [warning] phone-bridge: connection closed (code=1000 reason=)
[2026-05-29 03:58:39] [info] phone-bridge: reconnecting in 1s
[2026-05-29 03:58:40] [info] phone-bridge: connected, subscribing to user_registration,user_blf,user_status
[2026-05-29 04:04:10] [warning] phone-bridge: no events for 330s — forcing reconnect
[2026-05-29 04:04:10] [warning] phone-bridge: connection closed (code=1000 reason=)
[2026-05-29 04:04:10] [info] phone-bridge: reconnecting in 1s
[2026-05-29 04:04:12] [info] phone-bridge: connected, subscribing to user_registration,user_blf,user_status
[2026-05-29 04:09:42] [warning] phone-bridge: no events for 330s — forcing reconnect
[2026-05-29 04:09:42] [warning] phone-bridge: connection closed (code=1000 reason=)
[2026-05-29 04:09:42] [info] phone-bridge: reconnecting in 1s
[2026-05-29 04:09:43] [info] phone-bridge: connected, subscribing to user_registration,user_blf,user_status
[2026-05-29 04:15:13] [warning] phone-bridge: no events for 330s — forcing reconnect
[2026-05-29 04:15:13] [warning] phone-bridge: connection closed (code=1000 reason=)
[2026-05-29 04:15:13] [info] phone-bridge: reconnecting in 1s
[2026-05-29 04:15:15] [info] phone-bridge: connected, subscribing to user_registration,user_blf,user_status
[2026-05-29 04:20:45] [warning] phone-bridge: no events for 330s — forcing reconnect
[2026-05-29 04:20:45] [warning] phone-bridge: connection closed (code=1000 reason=)
[2026-05-29 04:20:45] [info] phone-bridge: reconnecting in 1s
[2026-05-29 04:20:47] [info] phone-bridge: connected, subscribing to user_registration,user_blf,user_status
[2026-05-29 04:26:17] [warning] phone-bridge: no events for 330s — forcing reconnect
[2026-05-29 04:26:17] [warning] phone-bridge: connection closed (code=1000 reason=)
[2026-05-29 04:26:17] [info] phone-bridge: reconnecting in 1s
[2026-05-29 04:26:18] [info] phone-bridge: connected, subscribing to user_registration,user_blf,user_status
[2026-05-29 04:31:48] [warning] phone-bridge: no events for 330s — forcing reconnect
[2026-05-29 04:31:48] [warning] phone-bridge: connection closed (code=1000 reason=)
[2026-05-29 04:31:48] [info] phone-bridge: reconnecting in 1s
[2026-05-29 04:31:50] [info] phone-bridge: connected, subscribing to user_registration,user_blf,user_status
[2026-05-29 04:37:20] [warning] phone-bridge: no events for 330s — forcing reconnect
[2026-05-29 04:37:20] [warning] phone-bridge: connection closed (code=1000 reason=)
[2026-05-29 04:37:20] [info] phone-bridge: reconnecting in 1s
[2026-05-29 04:37:21] [info] phone-bridge: connected, subscribing to user_registration,user_blf,user_status
[2026-05-29 04:42:51] [warning] phone-bridge: no events for 330s — forcing reconnect
[2026-05-29 04:42:51] [warning] phone-bridge: connection closed (code=1000 reason=)
[2026-05-29 04:42:51] [info] phone-bridge: reconnecting in 1s
[2026-05-29 04:42:53] [info] phone-bridge: connected, subscribing to user_registration,user_blf,user_status
[2026-05-29 04:53:23] [warning] phone-bridge: no events for 307s — forcing reconnect
[2026-05-29 04:53:23] [warning] phone-bridge: connection closed (code=1000 reason=)
[2026-05-29 04:53:23] [info] phone-bridge: reconnecting in 1s
[2026-05-29 04:53:25] [info] phone-bridge: connected, subscribing to user_registration,user_blf,user_status
[2026-05-29 04:58:55] [warning] phone-bridge: no events for 330s — forcing reconnect
[2026-05-29 04:58:55] [warning] phone-bridge: connection closed (code=1000 reason=)
[2026-05-29 04:58:55] [info] phone-bridge: reconnecting in 1s
[2026-05-29 04:58:56] [info] phone-bridge: connected, subscribing to user_registration,user_blf,user_status
[2026-05-29 05:04:26] [warning] phone-bridge: no events for 330s — forcing reconnect
[2026-05-29 05:04:26] [warning] phone-bridge: connection closed (code=1000 reason=)
[2026-05-29 05:04:26] [info] phone-bridge: reconnecting in 1s
[2026-05-29 05:04:28] [info] phone-bridge: connected, subscribing to user_registration,user_blf,user_status
[2026-05-29 05:09:58] [warning] phone-bridge: no events for 330s — forcing reconnect
[2026-05-29 05:09:58] [warning] phone-bridge: connection closed (code=1000 reason=)
[2026-05-29 05:09:58] [info] phone-bridge: reconnecting in 1s
[2026-05-29 05:09:59] [info] phone-bridge: connected, subscribing to user_registration,user_blf,user_status
[2026-05-29 05:15:29] [warning] phone-bridge: no events for 330s — forcing reconnect
[2026-05-29 05:15:29] [warning] phone-bridge: connection closed (code=1000 reason=)
[2026-05-29 05:15:29] [info] phone-bridge: reconnecting in 1s
[2026-05-29 05:15:31] [info] phone-bridge: connected, subscribing to user_registration,user_blf,user_status
[2026-05-29 05:21:01] [warning] phone-bridge: no events for 330s — forcing reconnect
[2026-05-29 05:21:01] [warning] phone-bridge: connection closed (code=1000 reason=)
[2026-05-29 05:21:01] [info] phone-bridge: reconnecting in 1s
[2026-05-29 05:21:02] [info] phone-bridge: connected, subscribing to user_registration,user_blf,user_status
[2026-05-29 05:26:32] [warning] phone-bridge: no events for 330s — forcing reconnect
[2026-05-29 05:26:32] [warning] phone-bridge: connection closed (code=1000 reason=)
[2026-05-29 05:26:32] [info] phone-bridge: reconnecting in 1s
[2026-05-29 05:26:34] [info] phone-bridge: connected, subscribing to user_registration,user_blf,user_status
[2026-05-29 05:32:04] [warning] phone-bridge: no events for 330s — forcing reconnect
[2026-05-29 05:32:04] [warning] phone-bridge: connection closed (code=1000 reason=)
[2026-05-29 05:32:04] [info] phone-bridge: reconnecting in 1s
[2026-05-29 05:32:05] [info] phone-bridge: connected, subscribing to user_registration,user_blf,user_status
[2026-05-29 05:37:35] [warning] phone-bridge: no events for 330s — forcing reconnect
[2026-05-29 05:37:35] [warning] phone-bridge: connection closed (code=1000 reason=)
[2026-05-29 05:37:35] [info] phone-bridge: reconnecting in 1s
[2026-05-29 05:37:37] [info] phone-bridge: connected, subscribing to user_registration,user_blf,user_status
[2026-05-29 05:43:07] [warning] phone-bridge: no events for 330s — forcing reconnect
[2026-05-29 05:43:07] [warning] phone-bridge: connection closed (code=1000 reason=)
[2026-05-29 05:43:07] [info] phone-bridge: reconnecting in 1s
[2026-05-29 05:43:08] [info] phone-bridge: connected, subscribing to user_registration,user_blf,user_status
[2026-05-29 05:48:39] [warning] phone-bridge: no events for 330s — forcing reconnect
[2026-05-29 05:48:39] [warning] phone-bridge: connection closed (code=1000 reason=)
[2026-05-29 05:48:39] [info] phone-bridge: reconnecting in 1s
[2026-05-29 05:48:40] [info] phone-bridge: connected, subscribing to user_registration,user_blf,user_status
[2026-05-29 05:54:10] [warning] phone-bridge: no events for 330s — forcing reconnect
[2026-05-29 05:54:10] [warning] phone-bridge: connection closed (code=1000 reason=)
[2026-05-29 05:54:10] [info] phone-bridge: reconnecting in 1s
[2026-05-29 05:54:12] [info] phone-bridge: connected, subscribing to user_registration,user_blf,user_status
[2026-05-29 05:59:42] [warning] phone-bridge: no events for 330s — forcing reconnect
[2026-05-29 05:59:42] [warning] phone-bridge: connection closed (code=1000 reason=)
[2026-05-29 05:59:42] [info] phone-bridge: reconnecting in 1s
[2026-05-29 05:59:43] [info] phone-bridge: connected, subscribing to user_registration,user_blf,user_status
[2026-05-29 06:05:13] [warning] phone-bridge: no events for 330s — forcing reconnect
[2026-05-29 06:05:13] [warning] phone-bridge: connection closed (code=1000 reason=)
[2026-05-29 06:05:13] [info] phone-bridge: reconnecting in 1s
[2026-05-29 06:05:15] [info] phone-bridge: connected, subscribing to user_registration,user_blf,user_status
[2026-05-29 06:10:45] [warning] phone-bridge: no events for 330s — forcing reconnect
[2026-05-29 06:10:45] [warning] phone-bridge: connection closed (code=1000 reason=)
[2026-05-29 06:10:45] [info] phone-bridge: reconnecting in 1s
[2026-05-29 06:10:46] [info] phone-bridge: connected, subscribing to user_registration,user_blf,user_status
[2026-05-29 06:16:16] [warning] phone-bridge: no events for 330s — forcing reconnect
[2026-05-29 06:16:16] [warning] phone-bridge: connection closed (code=1000 reason=)
[2026-05-29 06:16:16] [info] phone-bridge: reconnecting in 1s
[2026-05-29 06:16:18] [info] phone-bridge: connected, subscribing to user_registration,user_blf,user_status
[2026-05-29 06:21:48] [warning] phone-bridge: no events for 330s — forcing reconnect
[2026-05-29 06:21:48] [warning] phone-bridge: connection closed (code=1000 reason=)
[2026-05-29 06:21:48] [info] phone-bridge: reconnecting in 1s
[2026-05-29 06:21:49] [info] phone-bridge: connected, subscribing to user_registration,user_blf,user_status
[2026-05-29 06:27:19] [warning] phone-bridge: no events for 330s — forcing reconnect
[2026-05-29 06:27:19] [warning] phone-bridge: connection closed (code=1000 reason=)
[2026-05-29 06:27:19] [info] phone-bridge: reconnecting in 1s
[2026-05-29 06:27:21] [info] phone-bridge: connected, subscribing to user_registration,user_blf,user_status
[2026-05-29 06:32:51] [warning] phone-bridge: no events for 330s — forcing reconnect
[2026-05-29 06:32:51] [warning] phone-bridge: connection closed (code=1000 reason=)
[2026-05-29 06:32:51] [info] phone-bridge: reconnecting in 1s
[2026-05-29 06:32:52] [info] phone-bridge: connected, subscribing to user_registration,user_blf,user_status
[2026-05-29 06:38:23] [warning] phone-bridge: no events for 330s — forcing reconnect
[2026-05-29 06:38:23] [warning] phone-bridge: connection closed (code=1000 reason=)
[2026-05-29 06:38:23] [info] phone-bridge: reconnecting in 1s
[2026-05-29 06:38:24] [info] phone-bridge: connected, subscribing to user_registration,user_blf,user_status
[2026-05-29 06:43:54] [warning] phone-bridge: no events for 330s — forcing reconnect
[2026-05-29 06:43:54] [warning] phone-bridge: connection closed (code=1000 reason=)
[2026-05-29 06:43:54] [info] phone-bridge: reconnecting in 1s
[2026-05-29 06:43:56] [info] phone-bridge: connected, subscribing to user_registration,user_blf,user_status
[2026-05-29 06:49:26] [warning] phone-bridge: no events for 330s — forcing reconnect
[2026-05-29 06:49:26] [warning] phone-bridge: connection closed (code=1000 reason=)
[2026-05-29 06:49:26] [info] phone-bridge: reconnecting in 1s
[2026-05-29 06:49:27] [info] phone-bridge: connected, subscribing to user_registration,user_blf,user_status
[2026-05-29 06:54:57] [warning] phone-bridge: no events for 330s — forcing reconnect
[2026-05-29 06:54:57] [warning] phone-bridge: connection closed (code=1000 reason=)
[2026-05-29 06:54:57] [info] phone-bridge: reconnecting in 1s
[2026-05-29 06:54:59] [info] phone-bridge: connected, subscribing to user_registration,user_blf,user_status
[2026-05-29 07:00:29] [warning] phone-bridge: no events for 330s — forcing reconnect
[2026-05-29 07:00:29] [warning] phone-bridge: connection closed (code=1000 reason=)
[2026-05-29 07:00:29] [info] phone-bridge: reconnecting in 1s
[2026-05-29 07:00:30] [info] phone-bridge: connected, subscribing to user_registration,user_blf,user_status
[2026-05-29 07:06:00] [warning] phone-bridge: no events for 330s — forcing reconnect
[2026-05-29 07:06:00] [warning] phone-bridge: connection closed (code=1000 reason=)
[2026-05-29 07:06:00] [info] phone-bridge: reconnecting in 1s
[2026-05-29 07:06:02] [info] phone-bridge: connected, subscribing to user_registration,user_blf,user_status
[2026-05-29 07:11:32] [warning] phone-bridge: no events for 330s — forcing reconnect
[2026-05-29 07:11:32] [warning] phone-bridge: connection closed (code=1000 reason=)
[2026-05-29 07:11:32] [info] phone-bridge: reconnecting in 1s
[2026-05-29 07:11:34] [info] phone-bridge: connected, subscribing to user_registration,user_blf,user_status
[2026-05-29 07:17:04] [warning] phone-bridge: no events for 330s — forcing reconnect
[2026-05-29 07:17:04] [warning] phone-bridge: connection closed (code=1000 reason=)
[2026-05-29 07:17:04] [info] phone-bridge: reconnecting in 1s
[2026-05-29 07:17:05] [info] phone-bridge: connected, subscribing to user_registration,user_blf,user_status
[2026-05-29 07:22:35] [warning] phone-bridge: no events for 330s — forcing reconnect
[2026-05-29 07:22:35] [warning] phone-bridge: connection closed (code=1000 reason=)
[2026-05-29 07:22:35] [info] phone-bridge: reconnecting in 1s
[2026-05-29 07:22:37] [info] phone-bridge: connected, subscribing to user_registration,user_blf,user_status
[2026-05-29 07:28:07] [warning] phone-bridge: no events for 330s — forcing reconnect
[2026-05-29 07:28:07] [warning] phone-bridge: connection closed (code=1000 reason=)
[2026-05-29 07:28:07] [info] phone-bridge: reconnecting in 1s
[2026-05-29 07:28:08] [info] phone-bridge: connected, subscribing to user_registration,user_blf,user_status
[2026-05-29 07:33:38] [warning] phone-bridge: no events for 330s — forcing reconnect
[2026-05-29 07:33:38] [warning] phone-bridge: connection closed (code=1000 reason=)
[2026-05-29 07:33:38] [info] phone-bridge: reconnecting in 1s
[2026-05-29 07:33:40] [info] phone-bridge: connected, subscribing to user_registration,user_blf,user_status
[2026-05-29 07:39:10] [warning] phone-bridge: no events for 330s — forcing reconnect
[2026-05-29 07:39:10] [warning] phone-bridge: connection closed (code=1000 reason=)
[2026-05-29 07:39:10] [info] phone-bridge: reconnecting in 1s
[2026-05-29 07:39:11] [info] phone-bridge: connected, subscribing to user_registration,user_blf,user_status
[2026-05-29 07:44:41] [warning] phone-bridge: no events for 330s — forcing reconnect
[2026-05-29 07:44:41] [warning] phone-bridge: connection closed (code=1000 reason=)
[2026-05-29 07:44:41] [info] phone-bridge: reconnecting in 1s
[2026-05-29 07:44:43] [info] phone-bridge: connected, subscribing to user_registration,user_blf,user_status
[2026-05-29 07:50:13] [warning] phone-bridge: no events for 330s — forcing reconnect
[2026-05-29 07:50:13] [warning] phone-bridge: connection closed (code=1000 reason=)
[2026-05-29 07:50:13] [info] phone-bridge: reconnecting in 1s
[2026-05-29 07:50:14] [info] phone-bridge: connected, subscribing to user_registration,user_blf,user_status
[2026-05-29 07:55:44] [warning] phone-bridge: no events for 330s — forcing reconnect
[2026-05-29 07:55:44] [warning] phone-bridge: connection closed (code=1000 reason=)
[2026-05-29 07:55:44] [info] phone-bridge: reconnecting in 1s
[2026-05-29 07:55:46] [info] phone-bridge: connected, subscribing to user_registration,user_blf,user_status
[2026-05-29 08:01:16] [warning] phone-bridge: no events for 330s — forcing reconnect
[2026-05-29 08:01:16] [warning] phone-bridge: connection closed (code=1000 reason=)
[2026-05-29 08:01:16] [info] phone-bridge: reconnecting in 1s
[2026-05-29 08:01:17] [info] phone-bridge: connected, subscribing to user_registration,user_blf,user_status
[2026-05-29 08:06:47] [warning] phone-bridge: no events for 330s — forcing reconnect
[2026-05-29 08:06:47] [warning] phone-bridge: connection closed (code=1000 reason=)
[2026-05-29 08:06:47] [info] phone-bridge: reconnecting in 1s
[2026-05-29 08:06:49] [info] phone-bridge: connected, subscribing to user_registration,user_blf,user_status
[2026-05-29 08:12:19] [warning] phone-bridge: no events for 330s — forcing reconnect
[2026-05-29 08:12:19] [warning] phone-bridge: connection closed (code=1000 reason=)
[2026-05-29 08:12:19] [info] phone-bridge: reconnecting in 1s
[2026-05-29 08:12:20] [info] phone-bridge: connected, subscribing to user_registration,user_blf,user_status
[2026-05-29 08:17:51] [warning] phone-bridge: no events for 330s — forcing reconnect
[2026-05-29 08:17:51] [warning] phone-bridge: connection closed (code=1000 reason=)
[2026-05-29 08:17:51] [info] phone-bridge: reconnecting in 1s
[2026-05-29 08:17:52] [info] phone-bridge: connected, subscribing to user_registration,user_blf,user_status
[2026-05-29 08:23:22] [warning] phone-bridge: no events for 330s — forcing reconnect
[2026-05-29 08:23:22] [warning] phone-bridge: connection closed (code=1000 reason=)
[2026-05-29 08:23:22] [info] phone-bridge: reconnecting in 1s
[2026-05-29 08:23:24] [info] phone-bridge: connected, subscribing to user_registration,user_blf,user_status
[2026-05-29 08:28:54] [warning] phone-bridge: no events for 330s — forcing reconnect
[2026-05-29 08:28:54] [warning] phone-bridge: connection closed (code=1000 reason=)
[2026-05-29 08:28:54] [info] phone-bridge: reconnecting in 1s
[2026-05-29 08:28:55] [info] phone-bridge: connected, subscribing to user_registration,user_blf,user_status
[2026-05-29 08:34:25] [warning] phone-bridge: no events for 330s — forcing reconnect
[2026-05-29 08:34:25] [warning] phone-bridge: connection closed (code=1000 reason=)
[2026-05-29 08:34:25] [info] phone-bridge: reconnecting in 1s
[2026-05-29 08:34:27] [info] phone-bridge: connected, subscribing to user_registration,user_blf,user_status
[2026-05-29 08:39:57] [warning] phone-bridge: no events for 330s — forcing reconnect
[2026-05-29 08:39:57] [warning] phone-bridge: connection closed (code=1000 reason=)
[2026-05-29 08:39:57] [info] phone-bridge: reconnecting in 1s
[2026-05-29 08:39:58] [info] phone-bridge: connected, subscribing to user_registration,user_blf,user_status
[2026-05-29 18:42:36] [warning] phone-bridge: no events for 304s — forcing reconnect
[2026-05-29 18:42:36] [warning] phone-bridge: connection closed (code=1000 reason=)
[2026-05-29 18:42:36] [info] phone-bridge: reconnecting in 1s
[2026-05-29 18:42:37] [info] phone-bridge: connected, subscribing to user_registration,user_blf,user_status
[2026-05-29 18:48:07] [warning] phone-bridge: no events for 330s — forcing reconnect
[2026-05-29 18:48:07] [warning] phone-bridge: connection closed (code=1000 reason=)
[2026-05-29 18:48:07] [info] phone-bridge: reconnecting in 1s
[2026-05-29 18:48:09] [info] phone-bridge: connected, subscribing to user_registration,user_blf,user_status
[2026-05-29 18:53:39] [warning] phone-bridge: no events for 330s — forcing reconnect
[2026-05-29 18:53:39] [warning] phone-bridge: connection closed (code=1000 reason=)
[2026-05-29 18:53:39] [info] phone-bridge: reconnecting in 1s
[2026-05-29 18:53:40] [info] phone-bridge: connected, subscribing to user_registration,user_blf,user_status
[2026-05-29 18:59:10] [warning] phone-bridge: no events for 330s — forcing reconnect
[2026-05-29 18:59:10] [warning] phone-bridge: connection closed (code=1000 reason=)
[2026-05-29 18:59:10] [info] phone-bridge: reconnecting in 1s
[2026-05-29 18:59:12] [info] phone-bridge: connected, subscribing to user_registration,user_blf,user_status
[2026-05-29 19:04:42] [warning] phone-bridge: no events for 330s — forcing reconnect
[2026-05-29 19:04:42] [warning] phone-bridge: connection closed (code=1000 reason=)
[2026-05-29 19:04:42] [info] phone-bridge: reconnecting in 1s
[2026-05-29 19:04:43] [info] phone-bridge: connected, subscribing to user_registration,user_blf,user_status
[2026-05-29 19:10:13] [warning] phone-bridge: no events for 330s — forcing reconnect
[2026-05-29 19:10:13] [warning] phone-bridge: connection closed (code=1000 reason=)
[2026-05-29 19:10:13] [info] phone-bridge: reconnecting in 1s
[2026-05-29 19:10:15] [info] phone-bridge: connected, subscribing to user_registration,user_blf,user_status
[2026-05-29 19:15:45] [warning] phone-bridge: no events for 330s — forcing reconnect
[2026-05-29 19:15:45] [warning] phone-bridge: connection closed (code=1000 reason=)
[2026-05-29 19:15:45] [info] phone-bridge: reconnecting in 1s
[2026-05-29 19:15:46] [info] phone-bridge: connected, subscribing to user_registration,user_blf,user_status
[2026-05-29 19:20:47] [warning] phone-bridge: no events for 301s — forcing reconnect
[2026-05-29 19:20:47] [warning] phone-bridge: connection closed (code=1000 reason=)
[2026-05-29 19:20:47] [info] phone-bridge: reconnecting in 1s
[2026-05-29 19:20:48] [info] phone-bridge: connected, subscribing to user_registration,user_blf,user_status
[2026-05-29 19:26:18] [warning] phone-bridge: no events for 330s — forcing reconnect
[2026-05-29 19:26:18] [warning] phone-bridge: connection closed (code=1000 reason=)
[2026-05-29 19:26:18] [info] phone-bridge: reconnecting in 1s
[2026-05-29 19:26:20] [info] phone-bridge: connected, subscribing to user_registration,user_blf,user_status
[2026-05-29 19:31:50] [warning] phone-bridge: no events for 330s — forcing reconnect
[2026-05-29 19:31:50] [warning] phone-bridge: connection closed (code=1000 reason=)
[2026-05-29 19:31:50] [info] phone-bridge: reconnecting in 1s
[2026-05-29 19:31:51] [info] phone-bridge: connected, subscribing to user_registration,user_blf,user_status
[2026-05-29 19:46:21] [warning] phone-bridge: no events for 319s — forcing reconnect
[2026-05-29 19:46:21] [warning] phone-bridge: connection closed (code=1000 reason=)
[2026-05-29 19:46:21] [info] phone-bridge: reconnecting in 1s
[2026-05-29 19:46:23] [info] phone-bridge: connected, subscribing to user_registration,user_blf,user_status
[2026-05-29 19:55:23] [warning] phone-bridge: no events for 321s — forcing reconnect
[2026-05-29 19:55:23] [warning] phone-bridge: connection closed (code=1000 reason=)
[2026-05-29 19:55:23] [info] phone-bridge: reconnecting in 1s
[2026-05-29 19:55:24] [info] phone-bridge: connected, subscribing to user_registration,user_blf,user_status
[2026-05-29 20:04:25] [warning] phone-bridge: no events for 322s — forcing reconnect
[2026-05-29 20:04:25] [warning] phone-bridge: connection closed (code=1000 reason=)
[2026-05-29 20:04:25] [info] phone-bridge: reconnecting in 1s
[2026-05-29 20:04:26] [info] phone-bridge: connected, subscribing to user_registration,user_blf,user_status
[2026-05-29 20:16:26] [warning] phone-bridge: no events for 327s — forcing reconnect
[2026-05-29 20:16:26] [warning] phone-bridge: connection closed (code=1000 reason=)
[2026-05-29 20:16:26] [info] phone-bridge: reconnecting in 1s
[2026-05-29 20:16:28] [info] phone-bridge: connected, subscribing to user_registration,user_blf,user_status
[2026-05-29 20:21:58] [warning] phone-bridge: no events for 330s — forcing reconnect
[2026-05-29 20:21:58] [warning] phone-bridge: connection closed (code=1000 reason=)
[2026-05-29 20:21:58] [info] phone-bridge: reconnecting in 1s
[2026-05-29 20:21:59] [info] phone-bridge: connected, subscribing to user_registration,user_blf,user_status
[2026-05-29 20:27:29] [warning] phone-bridge: no events for 330s — forcing reconnect
[2026-05-29 20:27:29] [warning] phone-bridge: connection closed (code=1000 reason=)
[2026-05-29 20:27:29] [info] phone-bridge: reconnecting in 1s
[2026-05-29 20:27:31] [info] phone-bridge: connected, subscribing to user_registration,user_blf,user_status
[2026-05-29 20:33:01] [warning] phone-bridge: no events for 330s — forcing reconnect
[2026-05-29 20:33:01] [warning] phone-bridge: connection closed (code=1000 reason=)
[2026-05-29 20:33:01] [info] phone-bridge: reconnecting in 1s
[2026-05-29 20:33:02] [info] phone-bridge: connected, subscribing to user_registration,user_blf,user_status
[2026-05-29 20:38:32] [warning] phone-bridge: no events for 330s — forcing reconnect
[2026-05-29 20:38:32] [warning] phone-bridge: connection closed (code=1000 reason=)
[2026-05-29 20:38:32] [info] phone-bridge: reconnecting in 1s
[2026-05-29 20:38:34] [info] phone-bridge: connected, subscribing to user_registration,user_blf,user_status
[2026-05-29 20:44:04] [warning] phone-bridge: no events for 330s — forcing reconnect
[2026-05-29 20:44:04] [warning] phone-bridge: connection closed (code=1000 reason=)
[2026-05-29 20:44:04] [info] phone-bridge: reconnecting in 1s
[2026-05-29 20:44:05] [info] phone-bridge: connected, subscribing to user_registration,user_blf,user_status
[2026-05-29 20:49:35] [warning] phone-bridge: no events for 330s — forcing reconnect
[2026-05-29 20:49:35] [warning] phone-bridge: connection closed (code=1000 reason=)
[2026-05-29 20:49:35] [info] phone-bridge: reconnecting in 1s
[2026-05-29 20:49:37] [info] phone-bridge: connected, subscribing to user_registration,user_blf,user_status
[2026-05-29 20:55:07] [warning] phone-bridge: no events for 330s — forcing reconnect
[2026-05-29 20:55:07] [warning] phone-bridge: connection closed (code=1000 reason=)
[2026-05-29 20:55:07] [info] phone-bridge: reconnecting in 1s
[2026-05-29 20:55:08] [info] phone-bridge: connected, subscribing to user_registration,user_blf,user_status
[2026-05-29 21:00:38] [warning] phone-bridge: no events for 330s — forcing reconnect
[2026-05-29 21:00:38] [warning] phone-bridge: connection closed (code=1000 reason=)
[2026-05-29 21:00:38] [info] phone-bridge: reconnecting in 1s
[2026-05-29 21:00:40] [info] phone-bridge: connected, subscribing to user_registration,user_blf,user_status
[2026-05-29 21:06:10] [warning] phone-bridge: no events for 330s — forcing reconnect
[2026-05-29 21:06:10] [warning] phone-bridge: connection closed (code=1000 reason=)
[2026-05-29 21:06:10] [info] phone-bridge: reconnecting in 1s
[2026-05-29 21:06:11] [info] phone-bridge: connected, subscribing to user_registration,user_blf,user_status
[2026-05-29 21:11:42] [warning] phone-bridge: no events for 330s — forcing reconnect
[2026-05-29 21:11:42] [warning] phone-bridge: connection closed (code=1000 reason=)
[2026-05-29 21:11:42] [info] phone-bridge: reconnecting in 1s
[2026-05-29 21:11:43] [info] phone-bridge: connected, subscribing to user_registration,user_blf,user_status
[2026-05-29 21:17:13] [warning] phone-bridge: no events for 330s — forcing reconnect
[2026-05-29 21:17:13] [warning] phone-bridge: connection closed (code=1000 reason=)
[2026-05-29 21:17:13] [info] phone-bridge: reconnecting in 1s
[2026-05-29 21:17:15] [info] phone-bridge: connected, subscribing to user_registration,user_blf,user_status
[2026-05-29 21:22:45] [warning] phone-bridge: no events for 330s — forcing reconnect
[2026-05-29 21:22:45] [warning] phone-bridge: connection closed (code=1000 reason=)
[2026-05-29 21:22:45] [info] phone-bridge: reconnecting in 1s
[2026-05-29 21:22:46] [info] phone-bridge: connected, subscribing to user_registration,user_blf,user_status
[2026-05-29 21:28:16] [warning] phone-bridge: no events for 330s — forcing reconnect
[2026-05-29 21:28:16] [warning] phone-bridge: connection closed (code=1000 reason=)
[2026-05-29 21:28:16] [info] phone-bridge: reconnecting in 1s
[2026-05-29 21:28:18] [info] phone-bridge: connected, subscribing to user_registration,user_blf,user_status
[2026-05-29 21:33:48] [warning] phone-bridge: no events for 330s — forcing reconnect
[2026-05-29 21:33:48] [warning] phone-bridge: connection closed (code=1000 reason=)
[2026-05-29 21:33:48] [info] phone-bridge: reconnecting in 1s
[2026-05-29 21:33:49] [info] phone-bridge: connected, subscribing to user_registration,user_blf,user_status
[2026-05-29 21:39:19] [warning] phone-bridge: no events for 330s — forcing reconnect
[2026-05-29 21:39:19] [warning] phone-bridge: connection closed (code=1000 reason=)
[2026-05-29 21:39:19] [info] phone-bridge: reconnecting in 1s
[2026-05-29 21:39:21] [info] phone-bridge: connected, subscribing to user_registration,user_blf,user_status
[2026-05-29 21:44:51] [warning] phone-bridge: no events for 330s — forcing reconnect
[2026-05-29 21:44:51] [warning] phone-bridge: connection closed (code=1000 reason=)
[2026-05-29 21:44:51] [info] phone-bridge: reconnecting in 1s
[2026-05-29 21:44:52] [info] phone-bridge: connected, subscribing to user_registration,user_blf,user_status
[2026-05-29 21:50:22] [warning] phone-bridge: no events for 330s — forcing reconnect
[2026-05-29 21:50:22] [warning] phone-bridge: connection closed (code=1000 reason=)
[2026-05-29 21:50:22] [info] phone-bridge: reconnecting in 1s
[2026-05-29 21:50:24] [info] phone-bridge: connected, subscribing to user_registration,user_blf,user_status
[2026-05-29 21:55:54] [warning] phone-bridge: no events for 330s — forcing reconnect
[2026-05-29 21:55:54] [warning] phone-bridge: connection closed (code=1000 reason=)
[2026-05-29 21:55:54] [info] phone-bridge: reconnecting in 1s
[2026-05-29 21:55:55] [info] phone-bridge: connected, subscribing to user_registration,user_blf,user_status
[2026-05-29 22:01:25] [warning] phone-bridge: no events for 330s — forcing reconnect
[2026-05-29 22:01:25] [warning] phone-bridge: connection closed (code=1000 reason=)
[2026-05-29 22:01:25] [info] phone-bridge: reconnecting in 1s
[2026-05-29 22:01:27] [info] phone-bridge: connected, subscribing to user_registration,user_blf,user_status
[2026-05-29 22:06:57] [warning] phone-bridge: no events for 330s — forcing reconnect
[2026-05-29 22:06:57] [warning] phone-bridge: connection closed (code=1000 reason=)
[2026-05-29 22:06:57] [info] phone-bridge: reconnecting in 1s
[2026-05-29 22:06:58] [info] phone-bridge: connected, subscribing to user_registration,user_blf,user_status
[2026-05-29 22:12:28] [warning] phone-bridge: no events for 330s — forcing reconnect
[2026-05-29 22:12:28] [warning] phone-bridge: connection closed (code=1000 reason=)
[2026-05-29 22:12:28] [info] phone-bridge: reconnecting in 1s
[2026-05-29 22:12:30] [info] phone-bridge: connected, subscribing to user_registration,user_blf,user_status
[2026-05-29 22:18:00] [warning] phone-bridge: no events for 330s — forcing reconnect
[2026-05-29 22:18:00] [warning] phone-bridge: connection closed (code=1000 reason=)
[2026-05-29 22:18:00] [info] phone-bridge: reconnecting in 1s
[2026-05-29 22:18:01] [info] phone-bridge: connected, subscribing to user_registration,user_blf,user_status
[2026-05-29 22:23:31] [warning] phone-bridge: no events for 330s — forcing reconnect
[2026-05-29 22:23:31] [warning] phone-bridge: connection closed (code=1000 reason=)
[2026-05-29 22:23:31] [info] phone-bridge: reconnecting in 1s
[2026-05-29 22:23:33] [info] phone-bridge: connected, subscribing to user_registration,user_blf,user_status
[2026-05-29 22:29:03] [warning] phone-bridge: no events for 330s — forcing reconnect
[2026-05-29 22:29:03] [warning] phone-bridge: connection closed (code=1000 reason=)
[2026-05-29 22:29:03] [info] phone-bridge: reconnecting in 1s
[2026-05-29 22:29:04] [info] phone-bridge: connected, subscribing to user_registration,user_blf,user_status
[2026-05-29 22:34:35] [warning] phone-bridge: no events for 330s — forcing reconnect
[2026-05-29 22:34:35] [warning] phone-bridge: connection closed (code=1000 reason=)
[2026-05-29 22:34:35] [info] phone-bridge: reconnecting in 1s
[2026-05-29 22:34:36] [info] phone-bridge: connected, subscribing to user_registration,user_blf,user_status
[2026-05-29 22:40:06] [warning] phone-bridge: no events for 330s — forcing reconnect
[2026-05-29 22:40:06] [warning] phone-bridge: connection closed (code=1000 reason=)
[2026-05-29 22:40:06] [info] phone-bridge: reconnecting in 1s
[2026-05-29 22:40:08] [info] phone-bridge: connected, subscribing to user_registration,user_blf,user_status
[2026-05-29 22:45:38] [warning] phone-bridge: no events for 330s — forcing reconnect
[2026-05-29 22:45:38] [warning] phone-bridge: connection closed (code=1000 reason=)
[2026-05-29 22:45:38] [info] phone-bridge: reconnecting in 1s
[2026-05-29 22:45:39] [info] phone-bridge: connected, subscribing to user_registration,user_blf,user_status
[2026-05-29 22:51:09] [warning] phone-bridge: no events for 330s — forcing reconnect
[2026-05-29 22:51:09] [warning] phone-bridge: connection closed (code=1000 reason=)
[2026-05-29 22:51:09] [info] phone-bridge: reconnecting in 1s
[2026-05-29 22:51:11] [info] phone-bridge: connected, subscribing to user_registration,user_blf,user_status
[2026-05-29 22:56:41] [warning] phone-bridge: no events for 330s — forcing reconnect
[2026-05-29 22:56:41] [warning] phone-bridge: connection closed (code=1000 reason=)
[2026-05-29 22:56:41] [info] phone-bridge: reconnecting in 1s
[2026-05-29 22:56:42] [info] phone-bridge: connected, subscribing to user_registration,user_blf,user_status
[2026-05-29 23:02:12] [warning] phone-bridge: no events for 330s — forcing reconnect
[2026-05-29 23:02:12] [warning] phone-bridge: connection closed (code=1000 reason=)
[2026-05-29 23:02:12] [info] phone-bridge: reconnecting in 1s
[2026-05-29 23:02:14] [info] phone-bridge: connected, subscribing to user_registration,user_blf,user_status
[2026-05-29 23:07:44] [warning] phone-bridge: no events for 330s — forcing reconnect
[2026-05-29 23:07:44] [warning] phone-bridge: connection closed (code=1000 reason=)
[2026-05-29 23:07:44] [info] phone-bridge: reconnecting in 1s
[2026-05-29 23:07:45] [info] phone-bridge: connected, subscribing to user_registration,user_blf,user_status
[2026-05-29 23:13:15] [warning] phone-bridge: no events for 330s — forcing reconnect
[2026-05-29 23:13:15] [warning] phone-bridge: connection closed (code=1000 reason=)
[2026-05-29 23:13:15] [info] phone-bridge: reconnecting in 1s
[2026-05-29 23:13:17] [info] phone-bridge: connected, subscribing to user_registration,user_blf,user_status
[2026-05-29 23:18:47] [warning] phone-bridge: no events for 330s — forcing reconnect
[2026-05-29 23:18:47] [warning] phone-bridge: connection closed (code=1000 reason=)
[2026-05-29 23:18:47] [info] phone-bridge: reconnecting in 1s
[2026-05-29 23:18:48] [info] phone-bridge: connected, subscribing to user_registration,user_blf,user_status
[2026-05-29 23:24:18] [warning] phone-bridge: no events for 330s — forcing reconnect
[2026-05-29 23:24:18] [warning] phone-bridge: connection closed (code=1000 reason=)
[2026-05-29 23:24:18] [info] phone-bridge: reconnecting in 1s
[2026-05-29 23:24:20] [info] phone-bridge: connected, subscribing to user_registration,user_blf,user_status
[2026-05-29 23:29:50] [warning] phone-bridge: no events for 330s — forcing reconnect
[2026-05-29 23:29:50] [warning] phone-bridge: connection closed (code=1000 reason=)
[2026-05-29 23:29:50] [info] phone-bridge: reconnecting in 1s
[2026-05-29 23:29:51] [info] phone-bridge: connected, subscribing to user_registration,user_blf,user_status
[2026-05-29 23:35:21] [warning] phone-bridge: no events for 330s — forcing reconnect
[2026-05-29 23:35:21] [warning] phone-bridge: connection closed (code=1000 reason=)
[2026-05-29 23:35:21] [info] phone-bridge: reconnecting in 1s
[2026-05-29 23:35:23] [info] phone-bridge: connected, subscribing to user_registration,user_blf,user_status
[2026-05-29 23:40:53] [warning] phone-bridge: no events for 330s — forcing reconnect
[2026-05-29 23:40:53] [warning] phone-bridge: connection closed (code=1000 reason=)
[2026-05-29 23:40:53] [info] phone-bridge: reconnecting in 1s
[2026-05-29 23:40:54] [info] phone-bridge: connected, subscribing to user_registration,user_blf,user_status
[2026-05-29 23:46:25] [warning] phone-bridge: no events for 330s — forcing reconnect
[2026-05-29 23:46:25] [warning] phone-bridge: connection closed (code=1000 reason=)
[2026-05-29 23:46:25] [info] phone-bridge: reconnecting in 1s
[2026-05-29 23:46:26] [info] phone-bridge: connected, subscribing to user_registration,user_blf,user_status
[2026-05-29 23:51:56] [warning] phone-bridge: no events for 330s — forcing reconnect
[2026-05-29 23:51:56] [warning] phone-bridge: connection closed (code=1000 reason=)
[2026-05-29 23:51:56] [info] phone-bridge: reconnecting in 1s
[2026-05-29 23:51:58] [info] phone-bridge: connected, subscribing to user_registration,user_blf,user_status
[2026-05-29 23:57:28] [warning] phone-bridge: no events for 330s — forcing reconnect
[2026-05-29 23:57:28] [warning] phone-bridge: connection closed (code=1000 reason=)
[2026-05-29 23:57:28] [info] phone-bridge: reconnecting in 1s
[2026-05-29 23:57:29] [info] phone-bridge: connected, subscribing to user_registration,user_blf,user_status
[2026-05-30 00:02:59] [warning] phone-bridge: no events for 330s — forcing reconnect
[2026-05-30 00:02:59] [warning] phone-bridge: connection closed (code=1000 reason=)
[2026-05-30 00:02:59] [info] phone-bridge: reconnecting in 1s
[2026-05-30 00:03:01] [info] phone-bridge: connected, subscribing to user_registration,user_blf,user_status
[2026-05-30 00:08:31] [warning] phone-bridge: no events for 330s — forcing reconnect
[2026-05-30 00:08:31] [warning] phone-bridge: connection closed (code=1000 reason=)
[2026-05-30 00:08:31] [info] phone-bridge: reconnecting in 1s
[2026-05-30 00:08:32] [info] phone-bridge: connected, subscribing to user_registration,user_blf,user_status
[2026-05-30 00:14:02] [warning] phone-bridge: no events for 330s — forcing reconnect
[2026-05-30 00:14:02] [warning] phone-bridge: connection closed (code=1000 reason=)
[2026-05-30 00:14:02] [info] phone-bridge: reconnecting in 1s
[2026-05-30 00:14:04] [info] phone-bridge: connected, subscribing to user_registration,user_blf,user_status
[2026-05-30 00:19:34] [warning] phone-bridge: no events for 330s — forcing reconnect
[2026-05-30 00:19:34] [warning] phone-bridge: connection closed (code=1000 reason=)
[2026-05-30 00:19:34] [info] phone-bridge: reconnecting in 1s
[2026-05-30 00:19:35] [info] phone-bridge: connected, subscribing to user_registration,user_blf,user_status
[2026-05-30 00:26:36] [warning] phone-bridge: no events for 320s — forcing reconnect
[2026-05-30 00:26:36] [warning] phone-bridge: connection closed (code=1000 reason=)
[2026-05-30 00:26:36] [info] phone-bridge: reconnecting in 1s
[2026-05-30 00:26:37] [info] phone-bridge: connected, subscribing to user_registration,user_blf,user_status
[2026-05-30 00:32:07] [warning] phone-bridge: no events for 330s — forcing reconnect
[2026-05-30 00:32:07] [warning] phone-bridge: connection closed (code=1000 reason=)
[2026-05-30 00:32:07] [info] phone-bridge: reconnecting in 1s
[2026-05-30 00:32:09] [info] phone-bridge: connected, subscribing to user_registration,user_blf,user_status
[2026-05-30 00:37:39] [warning] phone-bridge: no events for 330s — forcing reconnect
[2026-05-30 00:37:39] [warning] phone-bridge: connection closed (code=1000 reason=)
[2026-05-30 00:37:39] [info] phone-bridge: reconnecting in 1s
[2026-05-30 00:37:40] [info] phone-bridge: connected, subscribing to user_registration,user_blf,user_status
[2026-05-30 00:43:10] [warning] phone-bridge: no events for 330s — forcing reconnect
[2026-05-30 00:43:10] [warning] phone-bridge: connection closed (code=1000 reason=)
[2026-05-30 00:43:10] [info] phone-bridge: reconnecting in 1s
[2026-05-30 00:43:12] [info] phone-bridge: connected, subscribing to user_registration,user_blf,user_status
[2026-05-30 00:48:42] [warning] phone-bridge: no events for 330s — forcing reconnect
[2026-05-30 00:48:42] [warning] phone-bridge: connection closed (code=1000 reason=)
[2026-05-30 00:48:42] [info] phone-bridge: reconnecting in 1s
[2026-05-30 00:48:43] [info] phone-bridge: connected, subscribing to user_registration,user_blf,user_status
[2026-05-30 00:54:13] [warning] phone-bridge: no events for 330s — forcing reconnect
[2026-05-30 00:54:13] [warning] phone-bridge: connection closed (code=1000 reason=)
[2026-05-30 00:54:13] [info] phone-bridge: reconnecting in 1s
[2026-05-30 00:54:15] [info] phone-bridge: connected, subscribing to user_registration,user_blf,user_status
[2026-05-30 00:59:45] [warning] phone-bridge: no events for 330s — forcing reconnect
[2026-05-30 00:59:45] [warning] phone-bridge: connection closed (code=1000 reason=)
[2026-05-30 00:59:45] [info] phone-bridge: reconnecting in 1s
[2026-05-30 00:59:46] [info] phone-bridge: connected, subscribing to user_registration,user_blf,user_status
[2026-05-30 01:05:16] [warning] phone-bridge: no events for 330s — forcing reconnect
[2026-05-30 01:05:16] [warning] phone-bridge: connection closed (code=1000 reason=)
[2026-05-30 01:05:16] [info] phone-bridge: reconnecting in 1s
[2026-05-30 01:05:18] [info] phone-bridge: connected, subscribing to user_registration,user_blf,user_status
[2026-05-30 01:10:48] [warning] phone-bridge: no events for 330s — forcing reconnect
[2026-05-30 01:10:48] [warning] phone-bridge: connection closed (code=1000 reason=)
[2026-05-30 01:10:48] [info] phone-bridge: reconnecting in 1s
[2026-05-30 01:10:49] [info] phone-bridge: connected, subscribing to user_registration,user_blf,user_status
[2026-05-30 01:16:20] [warning] phone-bridge: no events for 330s — forcing reconnect
[2026-05-30 01:16:20] [warning] phone-bridge: connection closed (code=1000 reason=)
[2026-05-30 01:16:20] [info] phone-bridge: reconnecting in 1s
[2026-05-30 01:16:21] [info] phone-bridge: connected, subscribing to user_registration,user_blf,user_status
[2026-05-30 01:21:51] [warning] phone-bridge: no events for 330s — forcing reconnect
[2026-05-30 01:21:51] [warning] phone-bridge: connection closed (code=1000 reason=)
[2026-05-30 01:21:51] [info] phone-bridge: reconnecting in 1s
[2026-05-30 01:21:52] [info] phone-bridge: connected, subscribing to user_registration,user_blf,user_status
[2026-05-30 01:27:23] [warning] phone-bridge: no events for 330s — forcing reconnect
[2026-05-30 01:27:23] [warning] phone-bridge: connection closed (code=1000 reason=)
[2026-05-30 01:27:23] [info] phone-bridge: reconnecting in 1s
[2026-05-30 01:27:24] [info] phone-bridge: connected, subscribing to user_registration,user_blf,user_status
[2026-05-30 01:32:54] [warning] phone-bridge: no events for 330s — forcing reconnect
[2026-05-30 01:32:54] [warning] phone-bridge: connection closed (code=1000 reason=)
[2026-05-30 01:32:54] [info] phone-bridge: reconnecting in 1s
[2026-05-30 01:32:56] [info] phone-bridge: connected, subscribing to user_registration,user_blf,user_status
[2026-05-30 01:38:26] [warning] phone-bridge: no events for 330s — forcing reconnect
[2026-05-30 01:38:26] [warning] phone-bridge: connection closed (code=1000 reason=)
[2026-05-30 01:38:26] [info] phone-bridge: reconnecting in 1s
[2026-05-30 01:38:27] [info] phone-bridge: connected, subscribing to user_registration,user_blf,user_status
[2026-05-30 01:43:57] [warning] phone-bridge: no events for 330s — forcing reconnect
[2026-05-30 01:43:57] [warning] phone-bridge: connection closed (code=1000 reason=)
[2026-05-30 01:43:57] [info] phone-bridge: reconnecting in 1s
[2026-05-30 01:43:59] [info] phone-bridge: connected, subscribing to user_registration,user_blf,user_status
[2026-05-30 01:49:29] [warning] phone-bridge: no events for 330s — forcing reconnect
[2026-05-30 01:49:29] [warning] phone-bridge: connection closed (code=1000 reason=)
[2026-05-30 01:49:29] [info] phone-bridge: reconnecting in 1s
[2026-05-30 01:49:30] [info] phone-bridge: connected, subscribing to user_registration,user_blf,user_status
[2026-05-30 01:55:00] [warning] phone-bridge: no events for 330s — forcing reconnect
[2026-05-30 01:55:00] [warning] phone-bridge: connection closed (code=1000 reason=)
[2026-05-30 01:55:00] [info] phone-bridge: reconnecting in 1s
[2026-05-30 01:55:02] [info] phone-bridge: connected, subscribing to user_registration,user_blf,user_status
[2026-05-30 02:00:32] [warning] phone-bridge: no events for 330s — forcing reconnect
[2026-05-30 02:00:32] [warning] phone-bridge: connection closed (code=1000 reason=)
[2026-05-30 02:00:32] [info] phone-bridge: reconnecting in 1s
[2026-05-30 02:00:33] [info] phone-bridge: connected, subscribing to user_registration,user_blf,user_status
[2026-05-30 02:06:03] [warning] phone-bridge: no events for 330s — forcing reconnect
[2026-05-30 02:06:03] [warning] phone-bridge: connection closed (code=1000 reason=)
[2026-05-30 02:06:03] [info] phone-bridge: reconnecting in 1s
[2026-05-30 02:06:05] [info] phone-bridge: connected, subscribing to user_registration,user_blf,user_status
[2026-05-30 02:11:35] [warning] phone-bridge: no events for 330s — forcing reconnect
[2026-05-30 02:11:35] [warning] phone-bridge: connection closed (code=1000 reason=)
[2026-05-30 02:11:35] [info] phone-bridge: reconnecting in 1s
[2026-05-30 02:11:36] [info] phone-bridge: connected, subscribing to user_registration,user_blf,user_status
[2026-05-30 02:17:06] [warning] phone-bridge: no events for 330s — forcing reconnect
[2026-05-30 02:17:06] [warning] phone-bridge: connection closed (code=1000 reason=)
[2026-05-30 02:17:06] [info] phone-bridge: reconnecting in 1s
[2026-05-30 02:17:08] [info] phone-bridge: connected, subscribing to user_registration,user_blf,user_status
[2026-05-30 02:22:38] [warning] phone-bridge: no events for 330s — forcing reconnect
[2026-05-30 02:22:38] [warning] phone-bridge: connection closed (code=1000 reason=)
[2026-05-30 02:22:38] [info] phone-bridge: reconnecting in 1s
[2026-05-30 02:22:39] [info] phone-bridge: connected, subscribing to user_registration,user_blf,user_status
[2026-05-30 02:28:09] [warning] phone-bridge: no events for 330s — forcing reconnect
[2026-05-30 02:28:09] [warning] phone-bridge: connection closed (code=1000 reason=)
[2026-05-30 02:28:09] [info] phone-bridge: reconnecting in 1s
[2026-05-30 02:28:11] [info] phone-bridge: connected, subscribing to user_registration,user_blf,user_status
[2026-05-30 02:33:41] [warning] phone-bridge: no events for 330s — forcing reconnect
[2026-05-30 02:33:41] [warning] phone-bridge: connection closed (code=1000 reason=)
[2026-05-30 02:33:41] [info] phone-bridge: reconnecting in 1s
[2026-05-30 02:33:42] [info] phone-bridge: connected, subscribing to user_registration,user_blf,user_status
[2026-05-30 02:39:13] [warning] phone-bridge: no events for 330s — forcing reconnect
[2026-05-30 02:39:13] [warning] phone-bridge: connection closed (code=1000 reason=)
[2026-05-30 02:39:13] [info] phone-bridge: reconnecting in 1s
[2026-05-30 02:39:14] [info] phone-bridge: connected, subscribing to user_registration,user_blf,user_status
[2026-05-30 02:44:44] [warning] phone-bridge: no events for 330s — forcing reconnect
[2026-05-30 02:44:44] [warning] phone-bridge: connection closed (code=1000 reason=)
[2026-05-30 02:44:44] [info] phone-bridge: reconnecting in 1s
[2026-05-30 02:44:46] [info] phone-bridge: connected, subscribing to user_registration,user_blf,user_status
[2026-05-30 02:50:16] [warning] phone-bridge: no events for 330s — forcing reconnect
[2026-05-30 02:50:16] [warning] phone-bridge: connection closed (code=1000 reason=)
[2026-05-30 02:50:16] [info] phone-bridge: reconnecting in 1s
[2026-05-30 02:50:17] [info] phone-bridge: connected, subscribing to user_registration,user_blf,user_status
[2026-05-30 02:55:47] [warning] phone-bridge: no events for 330s — forcing reconnect
[2026-05-30 02:55:47] [warning] phone-bridge: connection closed (code=1000 reason=)
[2026-05-30 02:55:47] [info] phone-bridge: reconnecting in 1s
[2026-05-30 02:55:49] [info] phone-bridge: connected, subscribing to user_registration,user_blf,user_status
[2026-05-30 03:01:19] [warning] phone-bridge: no events for 330s — forcing reconnect
[2026-05-30 03:01:19] [warning] phone-bridge: connection closed (code=1000 reason=)
[2026-05-30 03:01:19] [info] phone-bridge: reconnecting in 1s
[2026-05-30 03:01:20] [info] phone-bridge: connected, subscribing to user_registration,user_blf,user_status
[2026-05-30 03:06:50] [warning] phone-bridge: no events for 330s — forcing reconnect
[2026-05-30 03:06:50] [warning] phone-bridge: connection closed (code=1000 reason=)
[2026-05-30 03:06:50] [info] phone-bridge: reconnecting in 1s
[2026-05-30 03:06:52] [info] phone-bridge: connected, subscribing to user_registration,user_blf,user_status
[2026-05-30 03:12:22] [warning] phone-bridge: no events for 330s — forcing reconnect
[2026-05-30 03:12:22] [warning] phone-bridge: connection closed (code=1000 reason=)
[2026-05-30 03:12:22] [info] phone-bridge: reconnecting in 1s
[2026-05-30 03:12:23] [info] phone-bridge: connected, subscribing to user_registration,user_blf,user_status
[2026-05-30 03:17:53] [warning] phone-bridge: no events for 330s — forcing reconnect
[2026-05-30 03:17:53] [warning] phone-bridge: connection closed (code=1000 reason=)
[2026-05-30 03:17:53] [info] phone-bridge: reconnecting in 1s
[2026-05-30 03:17:55] [info] phone-bridge: connected, subscribing to user_registration,user_blf,user_status
[2026-05-30 03:23:25] [warning] phone-bridge: no events for 330s — forcing reconnect
[2026-05-30 03:23:25] [warning] phone-bridge: connection closed (code=1000 reason=)
[2026-05-30 03:23:25] [info] phone-bridge: reconnecting in 1s
[2026-05-30 03:23:26] [info] phone-bridge: connected, subscribing to user_registration,user_blf,user_status
[2026-05-30 03:28:57] [warning] phone-bridge: no events for 330s — forcing reconnect
[2026-05-30 03:28:57] [warning] phone-bridge: connection closed (code=1000 reason=)
[2026-05-30 03:28:57] [info] phone-bridge: reconnecting in 1s
[2026-05-30 03:28:58] [info] phone-bridge: connected, subscribing to user_registration,user_blf,user_status
[2026-05-30 03:34:28] [warning] phone-bridge: no events for 330s — forcing reconnect
[2026-05-30 03:34:28] [warning] phone-bridge: connection closed (code=1000 reason=)
[2026-05-30 03:34:28] [info] phone-bridge: reconnecting in 1s
[2026-05-30 03:34:29] [info] phone-bridge: connected, subscribing to user_registration,user_blf,user_status
[2026-05-30 03:40:00] [warning] phone-bridge: no events for 331s — forcing reconnect
[2026-05-30 03:40:00] [warning] phone-bridge: connection closed (code=1000 reason=)
[2026-05-30 03:40:00] [info] phone-bridge: reconnecting in 1s
[2026-05-30 03:40:01] [info] phone-bridge: connected, subscribing to user_registration,user_blf,user_status
[2026-05-30 03:45:31] [warning] phone-bridge: no events for 330s — forcing reconnect
[2026-05-30 03:45:31] [warning] phone-bridge: connection closed (code=1000 reason=)
[2026-05-30 03:45:31] [info] phone-bridge: reconnecting in 1s
[2026-05-30 03:45:32] [info] phone-bridge: connected, subscribing to user_registration,user_blf,user_status
[2026-05-30 03:51:03] [warning] phone-bridge: no events for 330s — forcing reconnect
[2026-05-30 03:51:03] [warning] phone-bridge: connection closed (code=1000 reason=)
[2026-05-30 03:51:03] [info] phone-bridge: reconnecting in 1s
[2026-05-30 03:51:04] [info] phone-bridge: connected, subscribing to user_registration,user_blf,user_status
[2026-05-30 03:56:34] [warning] phone-bridge: no events for 330s — forcing reconnect
[2026-05-30 03:56:34] [warning] phone-bridge: connection closed (code=1000 reason=)
[2026-05-30 03:56:34] [info] phone-bridge: reconnecting in 1s
[2026-05-30 03:56:35] [info] phone-bridge: connected, subscribing to user_registration,user_blf,user_status
[2026-05-30 04:02:06] [warning] phone-bridge: no events for 330s — forcing reconnect
[2026-05-30 04:02:06] [warning] phone-bridge: connection closed (code=1000 reason=)
[2026-05-30 04:02:06] [info] phone-bridge: reconnecting in 1s
[2026-05-30 04:02:07] [info] phone-bridge: connected, subscribing to user_registration,user_blf,user_status
[2026-05-30 04:07:37] [warning] phone-bridge: no events for 330s — forcing reconnect
[2026-05-30 04:07:37] [warning] phone-bridge: connection closed (code=1000 reason=)
[2026-05-30 04:07:37] [info] phone-bridge: reconnecting in 1s
[2026-05-30 04:07:39] [info] phone-bridge: connected, subscribing to user_registration,user_blf,user_status
[2026-05-30 04:13:09] [warning] phone-bridge: no events for 330s — forcing reconnect
[2026-05-30 04:13:09] [warning] phone-bridge: connection closed (code=1000 reason=)
[2026-05-30 04:13:09] [info] phone-bridge: reconnecting in 1s
[2026-05-30 04:13:10] [info] phone-bridge: connected, subscribing to user_registration,user_blf,user_status
[2026-05-30 04:18:40] [warning] phone-bridge: no events for 330s — forcing reconnect
[2026-05-30 04:18:40] [warning] phone-bridge: connection closed (code=1000 reason=)
[2026-05-30 04:18:40] [info] phone-bridge: reconnecting in 1s
[2026-05-30 04:18:42] [info] phone-bridge: connected, subscribing to user_registration,user_blf,user_status
[2026-05-30 04:24:12] [warning] phone-bridge: no events for 330s — forcing reconnect
[2026-05-30 04:24:12] [warning] phone-bridge: connection closed (code=1000 reason=)
[2026-05-30 04:24:12] [info] phone-bridge: reconnecting in 1s
[2026-05-30 04:24:13] [info] phone-bridge: connected, subscribing to user_registration,user_blf,user_status
[2026-05-30 04:29:43] [warning] phone-bridge: no events for 330s — forcing reconnect
[2026-05-30 04:29:43] [warning] phone-bridge: connection closed (code=1000 reason=)
[2026-05-30 04:29:43] [info] phone-bridge: reconnecting in 1s
[2026-05-30 04:29:45] [info] phone-bridge: connected, subscribing to user_registration,user_blf,user_status
[2026-05-30 04:35:15] [warning] phone-bridge: no events for 330s — forcing reconnect
[2026-05-30 04:35:15] [warning] phone-bridge: connection closed (code=1000 reason=)
[2026-05-30 04:35:15] [info] phone-bridge: reconnecting in 1s
[2026-05-30 04:35:16] [info] phone-bridge: connected, subscribing to user_registration,user_blf,user_status
[2026-05-30 04:40:46] [warning] phone-bridge: no events for 330s — forcing reconnect
[2026-05-30 04:40:46] [warning] phone-bridge: connection closed (code=1000 reason=)
[2026-05-30 04:40:46] [info] phone-bridge: reconnecting in 1s
[2026-05-30 04:40:48] [info] phone-bridge: connected, subscribing to user_registration,user_blf,user_status
[2026-05-30 04:46:18] [warning] phone-bridge: no events for 330s — forcing reconnect
[2026-05-30 04:46:18] [warning] phone-bridge: connection closed (code=1000 reason=)
[2026-05-30 04:46:18] [info] phone-bridge: reconnecting in 1s
[2026-05-30 04:46:19] [info] phone-bridge: connected, subscribing to user_registration,user_blf,user_status
[2026-05-30 04:51:49] [warning] phone-bridge: no events for 330s — forcing reconnect
[2026-05-30 04:51:49] [warning] phone-bridge: connection closed (code=1000 reason=)
[2026-05-30 04:51:49] [info] phone-bridge: reconnecting in 1s
[2026-05-30 04:51:51] [info] phone-bridge: connected, subscribing to user_registration,user_blf,user_status
[2026-05-30 04:57:21] [warning] phone-bridge: no events for 330s — forcing reconnect
[2026-05-30 04:57:21] [warning] phone-bridge: connection closed (code=1000 reason=)
[2026-05-30 04:57:21] [info] phone-bridge: reconnecting in 1s
[2026-05-30 04:57:22] [info] phone-bridge: connected, subscribing to user_registration,user_blf,user_status
[2026-05-30 05:02:53] [warning] phone-bridge: no events for 331s — forcing reconnect
[2026-05-30 05:02:53] [warning] phone-bridge: connection closed (code=1000 reason=)
[2026-05-30 05:02:53] [info] phone-bridge: reconnecting in 1s
[2026-05-30 05:02:54] [info] phone-bridge: connected, subscribing to user_registration,user_blf,user_status
[2026-05-30 05:08:24] [warning] phone-bridge: no events for 330s — forcing reconnect
[2026-05-30 05:08:24] [warning] phone-bridge: connection closed (code=1000 reason=)
[2026-05-30 05:08:24] [info] phone-bridge: reconnecting in 1s
[2026-05-30 05:08:26] [info] phone-bridge: connected, subscribing to user_registration,user_blf,user_status
[2026-05-30 05:13:56] [warning] phone-bridge: no events for 330s — forcing reconnect
[2026-05-30 05:13:56] [warning] phone-bridge: connection closed (code=1000 reason=)
[2026-05-30 05:13:56] [info] phone-bridge: reconnecting in 1s
[2026-05-30 05:13:57] [info] phone-bridge: connected, subscribing to user_registration,user_blf,user_status
[2026-05-30 05:19:27] [warning] phone-bridge: no events for 330s — forcing reconnect
[2026-05-30 05:19:27] [warning] phone-bridge: connection closed (code=1000 reason=)
[2026-05-30 05:19:27] [info] phone-bridge: reconnecting in 1s
[2026-05-30 05:19:29] [info] phone-bridge: connected, subscribing to user_registration,user_blf,user_status
[2026-05-30 05:24:59] [warning] phone-bridge: no events for 330s — forcing reconnect
[2026-05-30 05:24:59] [warning] phone-bridge: connection closed (code=1000 reason=)
[2026-05-30 05:24:59] [info] phone-bridge: reconnecting in 1s
[2026-05-30 05:25:00] [info] phone-bridge: connected, subscribing to user_registration,user_blf,user_status
[2026-05-30 05:30:30] [warning] phone-bridge: no events for 330s — forcing reconnect
[2026-05-30 05:30:30] [warning] phone-bridge: connection closed (code=1000 reason=)
[2026-05-30 05:30:30] [info] phone-bridge: reconnecting in 1s
[2026-05-30 05:30:32] [info] phone-bridge: connected, subscribing to user_registration,user_blf,user_status
[2026-05-30 05:36:02] [warning] phone-bridge: no events for 330s — forcing reconnect
[2026-05-30 05:36:02] [warning] phone-bridge: connection closed (code=1000 reason=)
[2026-05-30 05:36:02] [info] phone-bridge: reconnecting in 1s
[2026-05-30 05:36:03] [info] phone-bridge: connected, subscribing to user_registration,user_blf,user_status
[2026-05-30 05:41:33] [warning] phone-bridge: no events for 330s — forcing reconnect
[2026-05-30 05:41:33] [warning] phone-bridge: connection closed (code=1000 reason=)
[2026-05-30 05:41:33] [info] phone-bridge: reconnecting in 1s
[2026-05-30 05:41:35] [info] phone-bridge: connected, subscribing to user_registration,user_blf,user_status
[2026-05-30 05:47:05] [warning] phone-bridge: no events for 330s — forcing reconnect
[2026-05-30 05:47:05] [warning] phone-bridge: connection closed (code=1000 reason=)
[2026-05-30 05:47:05] [info] phone-bridge: reconnecting in 1s
[2026-05-30 05:47:06] [info] phone-bridge: connected, subscribing to user_registration,user_blf,user_status
[2026-05-30 05:52:36] [warning] phone-bridge: no events for 330s — forcing reconnect
[2026-05-30 05:52:36] [warning] phone-bridge: connection closed (code=1000 reason=)
[2026-05-30 05:52:36] [info] phone-bridge: reconnecting in 1s
[2026-05-30 05:52:38] [info] phone-bridge: connected, subscribing to user_registration,user_blf,user_status
[2026-05-30 05:58:08] [warning] phone-bridge: no events for 330s — forcing reconnect
[2026-05-30 05:58:08] [warning] phone-bridge: connection closed (code=1000 reason=)
[2026-05-30 05:58:08] [info] phone-bridge: reconnecting in 1s
[2026-05-30 05:58:09] [info] phone-bridge: connected, subscribing to user_registration,user_blf,user_status
[2026-05-30 06:03:39] [warning] phone-bridge: no events for 330s — forcing reconnect
[2026-05-30 06:03:39] [warning] phone-bridge: connection closed (code=1000 reason=)
[2026-05-30 06:03:39] [info] phone-bridge: reconnecting in 1s
[2026-05-30 06:03:41] [info] phone-bridge: connected, subscribing to user_registration,user_blf,user_status
[2026-05-30 06:09:11] [warning] phone-bridge: no events for 330s — forcing reconnect
[2026-05-30 06:09:11] [warning] phone-bridge: connection closed (code=1000 reason=)
[2026-05-30 06:09:11] [info] phone-bridge: reconnecting in 1s
[2026-05-30 06:09:12] [info] phone-bridge: connected, subscribing to user_registration,user_blf,user_status
[2026-05-30 06:14:42] [warning] phone-bridge: no events for 330s — forcing reconnect
[2026-05-30 06:14:42] [warning] phone-bridge: connection closed (code=1000 reason=)
[2026-05-30 06:14:42] [info] phone-bridge: reconnecting in 1s
[2026-05-30 06:14:44] [info] phone-bridge: connected, subscribing to user_registration,user_blf,user_status
[2026-05-30 06:20:14] [warning] phone-bridge: no events for 330s — forcing reconnect
[2026-05-30 06:20:14] [warning] phone-bridge: connection closed (code=1000 reason=)
[2026-05-30 06:20:14] [info] phone-bridge: reconnecting in 1s
[2026-05-30 06:20:15] [info] phone-bridge: connected, subscribing to user_registration,user_blf,user_status
[2026-05-30 06:25:46] [warning] phone-bridge: no events for 330s — forcing reconnect
[2026-05-30 06:25:46] [warning] phone-bridge: connection closed (code=1000 reason=)
[2026-05-30 06:25:46] [info] phone-bridge: reconnecting in 1s
[2026-05-30 06:25:47] [info] phone-bridge: connected, subscribing to user_registration,user_blf,user_status
[2026-05-30 06:31:17] [warning] phone-bridge: no events for 330s — forcing reconnect
[2026-05-30 06:31:17] [warning] phone-bridge: connection closed (code=1000 reason=)
[2026-05-30 06:31:17] [info] phone-bridge: reconnecting in 1s
[2026-05-30 06:31:19] [info] phone-bridge: connected, subscribing to user_registration,user_blf,user_status
[2026-05-30 06:36:49] [warning] phone-bridge: no events for 330s — forcing reconnect
[2026-05-30 06:36:49] [warning] phone-bridge: connection closed (code=1000 reason=)
[2026-05-30 06:36:49] [info] phone-bridge: reconnecting in 1s
[2026-05-30 06:36:50] [info] phone-bridge: connected, subscribing to user_registration,user_blf,user_status
[2026-05-30 06:42:20] [warning] phone-bridge: no events for 330s — forcing reconnect
[2026-05-30 06:42:20] [warning] phone-bridge: connection closed (code=1000 reason=)
[2026-05-30 06:42:20] [info] phone-bridge: reconnecting in 1s
[2026-05-30 06:42:22] [info] phone-bridge: connected, subscribing to user_registration,user_blf,user_status
[2026-05-30 06:47:52] [warning] phone-bridge: no events for 330s — forcing reconnect
[2026-05-30 06:47:52] [warning] phone-bridge: connection closed (code=1000 reason=)
[2026-05-30 06:47:52] [info] phone-bridge: reconnecting in 1s
[2026-05-30 06:47:53] [info] phone-bridge: connected, subscribing to user_registration,user_blf,user_status
[2026-05-30 06:53:23] [warning] phone-bridge: no events for 330s — forcing reconnect
[2026-05-30 06:53:23] [warning] phone-bridge: connection closed (code=1000 reason=)
[2026-05-30 06:53:23] [info] phone-bridge: reconnecting in 1s
[2026-05-30 06:53:25] [info] phone-bridge: connected, subscribing to user_registration,user_blf,user_status
[2026-05-30 06:58:55] [warning] phone-bridge: no events for 330s — forcing reconnect
[2026-05-30 06:58:55] [warning] phone-bridge: connection closed (code=1000 reason=)
[2026-05-30 06:58:55] [info] phone-bridge: reconnecting in 1s
[2026-05-30 06:58:56] [info] phone-bridge: connected, subscribing to user_registration,user_blf,user_status
[2026-05-30 07:04:26] [warning] phone-bridge: no events for 330s — forcing reconnect
[2026-05-30 07:04:26] [warning] phone-bridge: connection closed (code=1000 reason=)
[2026-05-30 07:04:26] [info] phone-bridge: reconnecting in 1s
[2026-05-30 07:04:28] [info] phone-bridge: connected, subscribing to user_registration,user_blf,user_status
[2026-05-30 07:09:58] [warning] phone-bridge: no events for 330s — forcing reconnect
[2026-05-30 07:09:58] [warning] phone-bridge: connection closed (code=1000 reason=)
[2026-05-30 07:09:58] [info] phone-bridge: reconnecting in 1s
[2026-05-30 07:09:59] [info] phone-bridge: connected, subscribing to user_registration,user_blf,user_status
[2026-05-30 07:15:29] [warning] phone-bridge: no events for 330s — forcing reconnect
[2026-05-30 07:15:29] [warning] phone-bridge: connection closed (code=1000 reason=)
[2026-05-30 07:15:29] [info] phone-bridge: reconnecting in 1s
[2026-05-30 07:15:31] [info] phone-bridge: connected, subscribing to user_registration,user_blf,user_status
[2026-05-30 07:21:01] [warning] phone-bridge: no events for 330s — forcing reconnect
[2026-05-30 07:21:01] [warning] phone-bridge: connection closed (code=1000 reason=)
[2026-05-30 07:21:01] [info] phone-bridge: reconnecting in 1s
[2026-05-30 07:21:02] [info] phone-bridge: connected, subscribing to user_registration,user_blf,user_status
[2026-05-30 07:26:32] [warning] phone-bridge: no events for 330s — forcing reconnect
[2026-05-30 07:26:32] [warning] phone-bridge: connection closed (code=1000 reason=)
[2026-05-30 07:26:32] [info] phone-bridge: reconnecting in 1s
[2026-05-30 07:26:34] [info] phone-bridge: connected, subscribing to user_registration,user_blf,user_status
[2026-05-30 07:32:04] [warning] phone-bridge: no events for 330s — forcing reconnect
[2026-05-30 07:32:04] [warning] phone-bridge: connection closed (code=1000 reason=)
[2026-05-30 07:32:04] [info] phone-bridge: reconnecting in 1s
[2026-05-30 07:32:05] [info] phone-bridge: connected, subscribing to user_registration,user_blf,user_status
[2026-05-30 07:37:35] [warning] phone-bridge: no events for 330s — forcing reconnect
[2026-05-30 07:37:35] [warning] phone-bridge: connection closed (code=1000 reason=)
[2026-05-30 07:37:35] [info] phone-bridge: reconnecting in 1s
[2026-05-30 07:37:37] [info] phone-bridge: connected, subscribing to user_registration,user_blf,user_status
[2026-05-30 07:43:07] [warning] phone-bridge: no events for 330s — forcing reconnect
[2026-05-30 07:43:07] [warning] phone-bridge: connection closed (code=1000 reason=)
[2026-05-30 07:43:07] [info] phone-bridge: reconnecting in 1s
[2026-05-30 07:43:08] [info] phone-bridge: connected, subscribing to user_registration,user_blf,user_status
[2026-05-30 07:48:38] [warning] phone-bridge: no events for 330s — forcing reconnect
[2026-05-30 07:48:38] [warning] phone-bridge: connection closed (code=1000 reason=)
[2026-05-30 07:48:38] [info] phone-bridge: reconnecting in 1s
[2026-05-30 07:48:40] [info] phone-bridge: connected, subscribing to user_registration,user_blf,user_status
[2026-05-30 07:54:10] [warning] phone-bridge: no events for 330s — forcing reconnect
[2026-05-30 07:54:10] [warning] phone-bridge: connection closed (code=1000 reason=)
[2026-05-30 07:54:10] [info] phone-bridge: reconnecting in 1s
[2026-05-30 07:54:11] [info] phone-bridge: connected, subscribing to user_registration,user_blf,user_status
[2026-05-30 07:59:42] [warning] phone-bridge: no events for 330s — forcing reconnect
[2026-05-30 07:59:42] [warning] phone-bridge: connection closed (code=1000 reason=)
[2026-05-30 07:59:42] [info] phone-bridge: reconnecting in 1s
[2026-05-30 07:59:43] [info] phone-bridge: connected, subscribing to user_registration,user_blf,user_status
[2026-05-30 08:05:13] [warning] phone-bridge: no events for 330s — forcing reconnect
[2026-05-30 08:05:13] [warning] phone-bridge: connection closed (code=1000 reason=)
[2026-05-30 08:05:13] [info] phone-bridge: reconnecting in 1s
[2026-05-30 08:05:15] [info] phone-bridge: connected, subscribing to user_registration,user_blf,user_status
[2026-05-30 08:10:45] [warning] phone-bridge: no events for 330s — forcing reconnect
[2026-05-30 08:10:45] [warning] phone-bridge: connection closed (code=1000 reason=)
[2026-05-30 08:10:45] [info] phone-bridge: reconnecting in 1s
[2026-05-30 08:10:46] [info] phone-bridge: connected, subscribing to user_registration,user_blf,user_status
[2026-05-30 08:16:16] [warning] phone-bridge: no events for 330s — forcing reconnect
[2026-05-30 08:16:16] [warning] phone-bridge: connection closed (code=1000 reason=)
[2026-05-30 08:16:16] [info] phone-bridge: reconnecting in 1s
[2026-05-30 08:16:18] [info] phone-bridge: connected, subscribing to user_registration,user_blf,user_status
[2026-05-30 08:21:48] [warning] phone-bridge: no events for 330s — forcing reconnect
[2026-05-30 08:21:48] [warning] phone-bridge: connection closed (code=1000 reason=)
[2026-05-30 08:21:48] [info] phone-bridge: reconnecting in 1s
[2026-05-30 08:21:49] [info] phone-bridge: connected, subscribing to user_registration,user_blf,user_status
[2026-05-30 08:27:19] [warning] phone-bridge: no events for 330s — forcing reconnect
[2026-05-30 08:27:19] [warning] phone-bridge: connection closed (code=1000 reason=)
[2026-05-30 08:27:19] [info] phone-bridge: reconnecting in 1s
[2026-05-30 08:27:21] [info] phone-bridge: connected, subscribing to user_registration,user_blf,user_status
[2026-05-30 08:32:51] [warning] phone-bridge: no events for 330s — forcing reconnect
[2026-05-30 08:32:51] [warning] phone-bridge: connection closed (code=1000 reason=)
[2026-05-30 08:32:51] [info] phone-bridge: reconnecting in 1s
[2026-05-30 08:32:52] [info] phone-bridge: connected, subscribing to user_registration,user_blf,user_status
[2026-05-30 08:38:22] [warning] phone-bridge: no events for 330s — forcing reconnect
[2026-05-30 08:38:22] [warning] phone-bridge: connection closed (code=1000 reason=)
[2026-05-30 08:38:22] [info] phone-bridge: reconnecting in 1s
[2026-05-30 08:38:24] [info] phone-bridge: connected, subscribing to user_registration,user_blf,user_status
[2026-05-30 19:56:32] [warning] phone-bridge: no events for 324s — forcing reconnect
[2026-05-30 19:56:32] [warning] phone-bridge: connection closed (code=1000 reason=)
[2026-05-30 19:56:32] [info] phone-bridge: reconnecting in 1s
[2026-05-30 19:56:33] [info] phone-bridge: connected, subscribing to user_registration,user_blf,user_status
[2026-05-30 20:02:04] [warning] phone-bridge: no events for 330s — forcing reconnect
[2026-05-30 20:02:04] [warning] phone-bridge: connection closed (code=1000 reason=)
[2026-05-30 20:02:04] [info] phone-bridge: reconnecting in 1s
[2026-05-30 20:02:05] [info] phone-bridge: connected, subscribing to user_registration,user_blf,user_status
[2026-05-30 20:07:35] [warning] phone-bridge: no events for 330s — forcing reconnect
[2026-05-30 20:07:35] [warning] phone-bridge: connection closed (code=1000 reason=)
[2026-05-30 20:07:35] [info] phone-bridge: reconnecting in 1s
[2026-05-30 20:07:36] [info] phone-bridge: connected, subscribing to user_registration,user_blf,user_status
[2026-05-30 20:13:07] [warning] phone-bridge: no events for 330s — forcing reconnect
[2026-05-30 20:13:07] [warning] phone-bridge: connection closed (code=1000 reason=)
[2026-05-30 20:13:07] [info] phone-bridge: reconnecting in 1s
[2026-05-30 20:13:08] [info] phone-bridge: connected, subscribing to user_registration,user_blf,user_status
[2026-05-30 20:18:38] [warning] phone-bridge: no events for 330s — forcing reconnect
[2026-05-30 20:18:38] [warning] phone-bridge: connection closed (code=1000 reason=)
[2026-05-30 20:18:38] [info] phone-bridge: reconnecting in 1s
[2026-05-30 20:18:40] [info] phone-bridge: connected, subscribing to user_registration,user_blf,user_status
[2026-05-30 20:24:10] [warning] phone-bridge: no events for 330s — forcing reconnect
[2026-05-30 20:24:10] [warning] phone-bridge: connection closed (code=1000 reason=)
[2026-05-30 20:24:10] [info] phone-bridge: reconnecting in 1s
[2026-05-30 20:24:11] [info] phone-bridge: connected, subscribing to user_registration,user_blf,user_status
[2026-05-30 20:29:41] [warning] phone-bridge: no events for 330s — forcing reconnect
[2026-05-30 20:29:41] [warning] phone-bridge: connection closed (code=1000 reason=)
[2026-05-30 20:29:41] [info] phone-bridge: reconnecting in 1s
[2026-05-30 20:29:43] [info] phone-bridge: connected, subscribing to user_registration,user_blf,user_status
[2026-05-30 20:35:13] [warning] phone-bridge: no events for 330s — forcing reconnect
[2026-05-30 20:35:13] [warning] phone-bridge: connection closed (code=1000 reason=)
[2026-05-30 20:35:13] [info] phone-bridge: reconnecting in 1s
[2026-05-30 20:35:14] [info] phone-bridge: connected, subscribing to user_registration,user_blf,user_status
[2026-05-30 20:40:45] [warning] phone-bridge: no events for 330s — forcing reconnect
[2026-05-30 20:40:45] [warning] phone-bridge: connection closed (code=1000 reason=)
[2026-05-30 20:40:45] [info] phone-bridge: reconnecting in 1s
[2026-05-30 20:40:46] [info] phone-bridge: connected, subscribing to user_registration,user_blf,user_status
[2026-05-30 20:46:16] [warning] phone-bridge: no events for 330s — forcing reconnect
[2026-05-30 20:46:16] [warning] phone-bridge: connection closed (code=1000 reason=)
[2026-05-30 20:46:16] [info] phone-bridge: reconnecting in 1s
[2026-05-30 20:46:18] [info] phone-bridge: connected, subscribing to user_registration,user_blf,user_status
[2026-05-30 20:51:48] [warning] phone-bridge: no events for 330s — forcing reconnect
[2026-05-30 20:51:48] [warning] phone-bridge: connection closed (code=1000 reason=)
[2026-05-30 20:51:48] [info] phone-bridge: reconnecting in 1s
[2026-05-30 20:51:49] [info] phone-bridge: connected, subscribing to user_registration,user_blf,user_status
[2026-05-30 20:57:19] [warning] phone-bridge: no events for 330s — forcing reconnect
[2026-05-30 20:57:19] [warning] phone-bridge: connection closed (code=1000 reason=)
[2026-05-30 20:57:19] [info] phone-bridge: reconnecting in 1s
[2026-05-30 20:57:21] [info] phone-bridge: connected, subscribing to user_registration,user_blf,user_status
[2026-05-30 21:02:51] [warning] phone-bridge: no events for 330s — forcing reconnect
[2026-05-30 21:02:51] [warning] phone-bridge: connection closed (code=1000 reason=)
[2026-05-30 21:02:51] [info] phone-bridge: reconnecting in 1s
[2026-05-30 21:02:52] [info] phone-bridge: connected, subscribing to user_registration,user_blf,user_status
[2026-05-30 21:08:22] [warning] phone-bridge: no events for 330s — forcing reconnect
[2026-05-30 21:08:22] [warning] phone-bridge: connection closed (code=1000 reason=)
[2026-05-30 21:08:22] [info] phone-bridge: reconnecting in 1s
[2026-05-30 21:08:24] [info] phone-bridge: connected, subscribing to user_registration,user_blf,user_status
[2026-05-30 21:13:54] [warning] phone-bridge: no events for 330s — forcing reconnect
[2026-05-30 21:13:54] [warning] phone-bridge: connection closed (code=1000 reason=)
[2026-05-30 21:13:54] [info] phone-bridge: reconnecting in 1s
[2026-05-30 21:13:55] [info] phone-bridge: connected, subscribing to user_registration,user_blf,user_status
[2026-05-30 21:19:25] [warning] phone-bridge: no events for 330s — forcing reconnect
[2026-05-30 21:19:25] [warning] phone-bridge: connection closed (code=1000 reason=)
[2026-05-30 21:19:25] [info] phone-bridge: reconnecting in 1s
[2026-05-30 21:19:27] [info] phone-bridge: connected, subscribing to user_registration,user_blf,user_status
[2026-05-30 21:24:57] [warning] phone-bridge: no events for 330s — forcing reconnect
[2026-05-30 21:24:57] [warning] phone-bridge: connection closed (code=1000 reason=)
[2026-05-30 21:24:57] [info] phone-bridge: reconnecting in 1s
[2026-05-30 21:24:58] [info] phone-bridge: connected, subscribing to user_registration,user_blf,user_status
[2026-05-30 21:30:28] [warning] phone-bridge: no events for 330s — forcing reconnect
[2026-05-30 21:30:28] [warning] phone-bridge: connection closed (code=1000 reason=)
[2026-05-30 21:30:28] [info] phone-bridge: reconnecting in 1s
[2026-05-30 21:30:30] [info] phone-bridge: connected, subscribing to user_registration,user_blf,user_status
[2026-05-30 21:36:00] [warning] phone-bridge: no events for 330s — forcing reconnect
[2026-05-30 21:36:00] [warning] phone-bridge: connection closed (code=1000 reason=)
[2026-05-30 21:36:00] [info] phone-bridge: reconnecting in 1s
[2026-05-30 21:36:02] [info] phone-bridge: connected, subscribing to user_registration,user_blf,user_status
[2026-05-30 21:41:32] [warning] phone-bridge: no events for 330s — forcing reconnect
[2026-05-30 21:41:32] [warning] phone-bridge: connection closed (code=1000 reason=)
[2026-05-30 21:41:32] [info] phone-bridge: reconnecting in 1s
[2026-05-30 21:41:33] [info] phone-bridge: connected, subscribing to user_registration,user_blf,user_status
[2026-05-30 21:47:03] [warning] phone-bridge: no events for 330s — forcing reconnect
[2026-05-30 21:47:03] [warning] phone-bridge: connection closed (code=1000 reason=)
[2026-05-30 21:47:03] [info] phone-bridge: reconnecting in 1s
[2026-05-30 21:47:05] [info] phone-bridge: connected, subscribing to user_registration,user_blf,user_status
[2026-05-30 21:52:35] [warning] phone-bridge: no events for 330s — forcing reconnect
[2026-05-30 21:52:35] [warning] phone-bridge: connection closed (code=1000 reason=)
[2026-05-30 21:52:35] [info] phone-bridge: reconnecting in 1s
[2026-05-30 21:52:36] [info] phone-bridge: connected, subscribing to user_registration,user_blf,user_status
[2026-05-30 21:58:06] [warning] phone-bridge: no events for 330s — forcing reconnect
[2026-05-30 21:58:06] [warning] phone-bridge: connection closed (code=1000 reason=)
[2026-05-30 21:58:06] [info] phone-bridge: reconnecting in 1s
[2026-05-30 21:58:08] [info] phone-bridge: connected, subscribing to user_registration,user_blf,user_status
[2026-05-30 22:03:38] [warning] phone-bridge: no events for 330s — forcing reconnect
[2026-05-30 22:03:38] [warning] phone-bridge: connection closed (code=1000 reason=)
[2026-05-30 22:03:38] [info] phone-bridge: reconnecting in 1s
[2026-05-30 22:03:39] [info] phone-bridge: connected, subscribing to user_registration,user_blf,user_status
[2026-05-30 22:09:09] [warning] phone-bridge: no events for 330s — forcing reconnect
[2026-05-30 22:09:09] [warning] phone-bridge: connection closed (code=1000 reason=)
[2026-05-30 22:09:09] [info] phone-bridge: reconnecting in 1s
[2026-05-30 22:09:11] [info] phone-bridge: connected, subscribing to user_registration,user_blf,user_status
[2026-05-30 22:14:41] [warning] phone-bridge: no events for 330s — forcing reconnect
[2026-05-30 22:14:41] [warning] phone-bridge: connection closed (code=1000 reason=)
[2026-05-30 22:14:41] [info] phone-bridge: reconnecting in 1s
[2026-05-30 22:14:42] [info] phone-bridge: connected, subscribing to user_registration,user_blf,user_status
[2026-05-30 22:20:12] [warning] phone-bridge: no events for 330s — forcing reconnect
[2026-05-30 22:20:12] [warning] phone-bridge: connection closed (code=1000 reason=)
[2026-05-30 22:20:12] [info] phone-bridge: reconnecting in 1s
[2026-05-30 22:20:14] [info] phone-bridge: connected, subscribing to user_registration,user_blf,user_status
[2026-05-30 22:25:44] [warning] phone-bridge: no events for 330s — forcing reconnect
[2026-05-30 22:25:44] [warning] phone-bridge: connection closed (code=1000 reason=)
[2026-05-30 22:25:44] [info] phone-bridge: reconnecting in 1s
[2026-05-30 22:25:45] [info] phone-bridge: connected, subscribing to user_registration,user_blf,user_status
[2026-05-30 22:31:15] [warning] phone-bridge: no events for 330s — forcing reconnect
[2026-05-30 22:31:15] [warning] phone-bridge: connection closed (code=1000 reason=)
[2026-05-30 22:31:15] [info] phone-bridge: reconnecting in 1s
[2026-05-30 22:31:17] [info] phone-bridge: connected, subscribing to user_registration,user_blf,user_status
[2026-05-30 22:36:47] [warning] phone-bridge: no events for 330s — forcing reconnect
[2026-05-30 22:36:47] [warning] phone-bridge: connection closed (code=1000 reason=)
[2026-05-30 22:36:47] [info] phone-bridge: reconnecting in 1s
[2026-05-30 22:36:48] [info] phone-bridge: connected, subscribing to user_registration,user_blf,user_status
[2026-05-30 22:42:18] [warning] phone-bridge: no events for 330s — forcing reconnect
[2026-05-30 22:42:18] [warning] phone-bridge: connection closed (code=1000 reason=)
[2026-05-30 22:42:18] [info] phone-bridge: reconnecting in 1s
[2026-05-30 22:42:20] [info] phone-bridge: connected, subscribing to user_registration,user_blf,user_status
[2026-05-30 22:47:50] [warning] phone-bridge: no events for 330s — forcing reconnect
[2026-05-30 22:47:50] [warning] phone-bridge: connection closed (code=1000 reason=)
[2026-05-30 22:47:50] [info] phone-bridge: reconnecting in 1s
[2026-05-30 22:47:51] [info] phone-bridge: connected, subscribing to user_registration,user_blf,user_status
[2026-05-30 22:53:21] [warning] phone-bridge: no events for 330s — forcing reconnect
[2026-05-30 22:53:21] [warning] phone-bridge: connection closed (code=1000 reason=)
[2026-05-30 22:53:21] [info] phone-bridge: reconnecting in 1s
[2026-05-30 22:53:23] [info] phone-bridge: connected, subscribing to user_registration,user_blf,user_status
[2026-05-30 22:58:53] [warning] phone-bridge: no events for 330s — forcing reconnect
[2026-05-30 22:58:53] [warning] phone-bridge: connection closed (code=1000 reason=)
[2026-05-30 22:58:53] [info] phone-bridge: reconnecting in 1s
[2026-05-30 22:58:54] [info] phone-bridge: connected, subscribing to user_registration,user_blf,user_status
[2026-05-30 23:04:24] [warning] phone-bridge: no events for 330s — forcing reconnect
[2026-05-30 23:04:24] [warning] phone-bridge: connection closed (code=1000 reason=)
[2026-05-30 23:04:24] [info] phone-bridge: reconnecting in 1s
[2026-05-30 23:04:26] [info] phone-bridge: connected, subscribing to user_registration,user_blf,user_status
[2026-05-30 23:09:56] [warning] phone-bridge: no events for 330s — forcing reconnect
[2026-05-30 23:09:56] [warning] phone-bridge: connection closed (code=1000 reason=)
[2026-05-30 23:09:56] [info] phone-bridge: reconnecting in 1s
[2026-05-30 23:09:57] [info] phone-bridge: connected, subscribing to user_registration,user_blf,user_status
[2026-05-30 23:15:28] [warning] phone-bridge: no events for 330s — forcing reconnect
[2026-05-30 23:15:28] [warning] phone-bridge: connection closed (code=1000 reason=)
[2026-05-30 23:15:28] [info] phone-bridge: reconnecting in 1s
[2026-05-30 23:15:29] [info] phone-bridge: connected, subscribing to user_registration,user_blf,user_status
[2026-05-30 23:20:59] [warning] phone-bridge: no events for 330s — forcing reconnect
[2026-05-30 23:20:59] [warning] phone-bridge: connection closed (code=1000 reason=)
[2026-05-30 23:20:59] [info] phone-bridge: reconnecting in 1s
[2026-05-30 23:21:01] [info] phone-bridge: connected, subscribing to user_registration,user_blf,user_status
[2026-05-30 23:26:31] [warning] phone-bridge: no events for 330s — forcing reconnect
[2026-05-30 23:26:31] [warning] phone-bridge: connection closed (code=1000 reason=)
[2026-05-30 23:26:31] [info] phone-bridge: reconnecting in 1s
[2026-05-30 23:26:32] [info] phone-bridge: connected, subscribing to user_registration,user_blf,user_status
[2026-05-30 23:32:02] [warning] phone-bridge: no events for 330s — forcing reconnect
[2026-05-30 23:32:02] [warning] phone-bridge: connection closed (code=1000 reason=)
[2026-05-30 23:32:02] [info] phone-bridge: reconnecting in 1s
[2026-05-30 23:32:04] [info] phone-bridge: connected, subscribing to user_registration,user_blf,user_status
[2026-05-30 23:37:34] [warning] phone-bridge: no events for 330s — forcing reconnect
[2026-05-30 23:37:34] [warning] phone-bridge: connection closed (code=1000 reason=)
[2026-05-30 23:37:34] [info] phone-bridge: reconnecting in 1s
[2026-05-30 23:37:35] [info] phone-bridge: connected, subscribing to user_registration,user_blf,user_status
[2026-05-30 23:43:05] [warning] phone-bridge: no events for 330s — forcing reconnect
[2026-05-30 23:43:05] [warning] phone-bridge: connection closed (code=1000 reason=)
[2026-05-30 23:43:05] [info] phone-bridge: reconnecting in 1s
[2026-05-30 23:43:07] [info] phone-bridge: connected, subscribing to user_registration,user_blf,user_status
[2026-05-30 23:48:37] [warning] phone-bridge: no events for 330s — forcing reconnect
[2026-05-30 23:48:37] [warning] phone-bridge: connection closed (code=1000 reason=)
[2026-05-30 23:48:37] [info] phone-bridge: reconnecting in 1s
[2026-05-30 23:48:38] [info] phone-bridge: connected, subscribing to user_registration,user_blf,user_status
[2026-05-30 23:54:08] [warning] phone-bridge: no events for 330s — forcing reconnect
[2026-05-30 23:54:08] [warning] phone-bridge: connection closed (code=1000 reason=)
[2026-05-30 23:54:08] [info] phone-bridge: reconnecting in 1s
[2026-05-30 23:54:10] [info] phone-bridge: connected, subscribing to user_registration,user_blf,user_status
[2026-05-30 23:59:40] [warning] phone-bridge: no events for 330s — forcing reconnect
[2026-05-30 23:59:40] [warning] phone-bridge: connection closed (code=1000 reason=)
[2026-05-30 23:59:40] [info] phone-bridge: reconnecting in 1s
[2026-05-30 23:59:41] [info] phone-bridge: connected, subscribing to user_registration,user_blf,user_status
[2026-05-31 00:05:12] [warning] phone-bridge: no events for 330s — forcing reconnect
[2026-05-31 00:05:12] [warning] phone-bridge: connection closed (code=1000 reason=)
[2026-05-31 00:05:12] [info] phone-bridge: reconnecting in 1s
[2026-05-31 00:05:13] [info] phone-bridge: connected, subscribing to user_registration,user_blf,user_status
[2026-05-31 00:10:43] [warning] phone-bridge: no events for 330s — forcing reconnect
[2026-05-31 00:10:43] [warning] phone-bridge: connection closed (code=1000 reason=)
[2026-05-31 00:10:43] [info] phone-bridge: reconnecting in 1s
[2026-05-31 00:10:45] [info] phone-bridge: connected, subscribing to user_registration,user_blf,user_status
[2026-05-31 00:16:15] [warning] phone-bridge: no events for 330s — forcing reconnect
[2026-05-31 00:16:15] [warning] phone-bridge: connection closed (code=1000 reason=)
[2026-05-31 00:16:15] [info] phone-bridge: reconnecting in 1s
[2026-05-31 00:16:16] [info] phone-bridge: connected, subscribing to user_registration,user_blf,user_status
[2026-05-31 00:21:46] [warning] phone-bridge: no events for 330s — forcing reconnect
[2026-05-31 00:21:46] [warning] phone-bridge: connection closed (code=1000 reason=)
[2026-05-31 00:21:46] [info] phone-bridge: reconnecting in 1s
[2026-05-31 00:21:48] [info] phone-bridge: connected, subscribing to user_registration,user_blf,user_status
[2026-05-31 00:27:18] [warning] phone-bridge: no events for 330s — forcing reconnect
[2026-05-31 00:27:18] [warning] phone-bridge: connection closed (code=1000 reason=)
[2026-05-31 00:27:18] [info] phone-bridge: reconnecting in 1s
[2026-05-31 00:27:19] [info] phone-bridge: connected, subscribing to user_registration,user_blf,user_status
[2026-05-31 00:32:49] [warning] phone-bridge: no events for 330s — forcing reconnect
[2026-05-31 00:32:49] [warning] phone-bridge: connection closed (code=1000 reason=)
[2026-05-31 00:32:49] [info] phone-bridge: reconnecting in 1s
[2026-05-31 00:32:51] [info] phone-bridge: connected, subscribing to user_registration,user_blf,user_status
[2026-05-31 00:38:21] [warning] phone-bridge: no events for 330s — forcing reconnect
[2026-05-31 00:38:21] [warning] phone-bridge: connection closed (code=1000 reason=)
[2026-05-31 00:38:21] [info] phone-bridge: reconnecting in 1s
[2026-05-31 00:38:22] [info] phone-bridge: connected, subscribing to user_registration,user_blf,user_status
[2026-05-31 00:43:52] [warning] phone-bridge: no events for 330s — forcing reconnect
[2026-05-31 00:43:52] [warning] phone-bridge: connection closed (code=1000 reason=)
[2026-05-31 00:43:52] [info] phone-bridge: reconnecting in 1s
[2026-05-31 00:43:54] [info] phone-bridge: connected, subscribing to user_registration,user_blf,user_status
[2026-05-31 00:49:24] [warning] phone-bridge: no events for 330s — forcing reconnect
[2026-05-31 00:49:24] [warning] phone-bridge: connection closed (code=1000 reason=)
[2026-05-31 00:49:24] [info] phone-bridge: reconnecting in 1s
[2026-05-31 00:49:25] [info] phone-bridge: connected, subscribing to user_registration,user_blf,user_status
[2026-05-31 00:54:55] [warning] phone-bridge: no events for 330s — forcing reconnect
[2026-05-31 00:54:55] [warning] phone-bridge: connection closed (code=1000 reason=)
[2026-05-31 00:54:55] [info] phone-bridge: reconnecting in 1s
[2026-05-31 00:54:57] [info] phone-bridge: connected, subscribing to user_registration,user_blf,user_status
[2026-05-31 01:00:27] [warning] phone-bridge: no events for 330s — forcing reconnect
[2026-05-31 01:00:27] [warning] phone-bridge: connection closed (code=1000 reason=)
[2026-05-31 01:00:27] [info] phone-bridge: reconnecting in 1s
[2026-05-31 01:00:28] [info] phone-bridge: connected, subscribing to user_registration,user_blf,user_status
[2026-05-31 01:05:58] [warning] phone-bridge: no events for 330s — forcing reconnect
[2026-05-31 01:05:58] [warning] phone-bridge: connection closed (code=1000 reason=)
[2026-05-31 01:05:58] [info] phone-bridge: reconnecting in 1s
[2026-05-31 01:06:00] [info] phone-bridge: connected, subscribing to user_registration,user_blf,user_status
[2026-05-31 01:11:30] [warning] phone-bridge: no events for 330s — forcing reconnect
[2026-05-31 01:11:30] [warning] phone-bridge: connection closed (code=1000 reason=)
[2026-05-31 01:11:30] [info] phone-bridge: reconnecting in 1s
[2026-05-31 01:11:31] [info] phone-bridge: connected, subscribing to user_registration,user_blf,user_status
[2026-05-31 01:17:02] [warning] phone-bridge: no events for 330s — forcing reconnect
[2026-05-31 01:17:02] [warning] phone-bridge: connection closed (code=1000 reason=)
[2026-05-31 01:17:02] [info] phone-bridge: reconnecting in 1s
[2026-05-31 01:17:03] [info] phone-bridge: connected, subscribing to user_registration,user_blf,user_status
[2026-05-31 01:22:33] [warning] phone-bridge: no events for 330s — forcing reconnect
[2026-05-31 01:22:33] [warning] phone-bridge: connection closed (code=1000 reason=)
[2026-05-31 01:22:33] [info] phone-bridge: reconnecting in 1s
[2026-05-31 01:22:35] [info] phone-bridge: connected, subscribing to user_registration,user_blf,user_status
[2026-05-31 01:28:05] [warning] phone-bridge: no events for 330s — forcing reconnect
[2026-05-31 01:28:05] [warning] phone-bridge: connection closed (code=1000 reason=)
[2026-05-31 01:28:05] [info] phone-bridge: reconnecting in 1s
[2026-05-31 01:28:06] [info] phone-bridge: connected, subscribing to user_registration,user_blf,user_status
[2026-05-31 01:33:36] [warning] phone-bridge: no events for 330s — forcing reconnect
[2026-05-31 01:33:36] [warning] phone-bridge: connection closed (code=1000 reason=)
[2026-05-31 01:33:36] [info] phone-bridge: reconnecting in 1s
[2026-05-31 01:33:38] [info] phone-bridge: connected, subscribing to user_registration,user_blf,user_status
[2026-05-31 01:39:08] [warning] phone-bridge: no events for 330s — forcing reconnect
[2026-05-31 01:39:08] [warning] phone-bridge: connection closed (code=1000 reason=)
[2026-05-31 01:39:08] [info] phone-bridge: reconnecting in 1s
[2026-05-31 01:39:09] [info] phone-bridge: connected, subscribing to user_registration,user_blf,user_status
[2026-05-31 01:44:39] [warning] phone-bridge: no events for 330s — forcing reconnect
[2026-05-31 01:44:39] [warning] phone-bridge: connection closed (code=1000 reason=)
[2026-05-31 01:44:39] [info] phone-bridge: reconnecting in 1s
[2026-05-31 01:44:41] [info] phone-bridge: connected, subscribing to user_registration,user_blf,user_status
[2026-05-31 01:50:11] [warning] phone-bridge: no events for 330s — forcing reconnect
[2026-05-31 01:50:11] [warning] phone-bridge: connection closed (code=1000 reason=)
[2026-05-31 01:50:11] [info] phone-bridge: reconnecting in 1s
[2026-05-31 01:50:12] [info] phone-bridge: connected, subscribing to user_registration,user_blf,user_status
[2026-05-31 01:55:42] [warning] phone-bridge: no events for 330s — forcing reconnect
[2026-05-31 01:55:42] [warning] phone-bridge: connection closed (code=1000 reason=)
[2026-05-31 01:55:42] [info] phone-bridge: reconnecting in 1s
[2026-05-31 01:55:44] [info] phone-bridge: connected, subscribing to user_registration,user_blf,user_status
[2026-05-31 02:01:14] [warning] phone-bridge: no events for 330s — forcing reconnect
[2026-05-31 02:01:14] [warning] phone-bridge: connection closed (code=1000 reason=)
[2026-05-31 02:01:14] [info] phone-bridge: reconnecting in 1s
[2026-05-31 02:01:15] [info] phone-bridge: connected, subscribing to user_registration,user_blf,user_status
[2026-05-31 02:06:45] [warning] phone-bridge: no events for 330s — forcing reconnect
[2026-05-31 02:06:45] [warning] phone-bridge: connection closed (code=1000 reason=)
[2026-05-31 02:06:45] [info] phone-bridge: reconnecting in 1s
[2026-05-31 02:06:47] [info] phone-bridge: connected, subscribing to user_registration,user_blf,user_status
[2026-05-31 02:12:17] [warning] phone-bridge: no events for 330s — forcing reconnect
[2026-05-31 02:12:17] [warning] phone-bridge: connection closed (code=1000 reason=)
[2026-05-31 02:12:17] [info] phone-bridge: reconnecting in 1s
[2026-05-31 02:12:18] [info] phone-bridge: connected, subscribing to user_registration,user_blf,user_status
[2026-05-31 02:17:48] [warning] phone-bridge: no events for 330s — forcing reconnect
[2026-05-31 02:17:48] [warning] phone-bridge: connection closed (code=1000 reason=)
[2026-05-31 02:17:48] [info] phone-bridge: reconnecting in 1s
[2026-05-31 02:17:50] [info] phone-bridge: connected, subscribing to user_registration,user_blf,user_status
[2026-05-31 02:23:20] [warning] phone-bridge: no events for 330s — forcing reconnect
[2026-05-31 02:23:20] [warning] phone-bridge: connection closed (code=1000 reason=)
[2026-05-31 02:23:20] [info] phone-bridge: reconnecting in 1s
[2026-05-31 02:23:21] [info] phone-bridge: connected, subscribing to user_registration,user_blf,user_status
[2026-05-31 02:28:51] [warning] phone-bridge: no events for 330s — forcing reconnect
[2026-05-31 02:28:51] [warning] phone-bridge: connection closed (code=1000 reason=)
[2026-05-31 02:28:51] [info] phone-bridge: reconnecting in 1s
[2026-05-31 02:28:53] [info] phone-bridge: connected, subscribing to user_registration,user_blf,user_status
[2026-05-31 02:34:23] [warning] phone-bridge: no events for 330s — forcing reconnect
[2026-05-31 02:34:23] [warning] phone-bridge: connection closed (code=1000 reason=)
[2026-05-31 02:34:23] [info] phone-bridge: reconnecting in 1s
[2026-05-31 02:34:24] [info] phone-bridge: connected, subscribing to user_registration,user_blf,user_status
[2026-05-31 02:39:54] [warning] phone-bridge: no events for 330s — forcing reconnect
[2026-05-31 02:39:54] [warning] phone-bridge: connection closed (code=1000 reason=)
[2026-05-31 02:39:54] [info] phone-bridge: reconnecting in 1s
[2026-05-31 02:39:56] [info] phone-bridge: connected, subscribing to user_registration,user_blf,user_status
[2026-05-31 02:45:26] [warning] phone-bridge: no events for 330s — forcing reconnect
[2026-05-31 02:45:26] [warning] phone-bridge: connection closed (code=1000 reason=)
[2026-05-31 02:45:26] [info] phone-bridge: reconnecting in 1s
[2026-05-31 02:45:28] [info] phone-bridge: connected, subscribing to user_registration,user_blf,user_status
[2026-05-31 02:50:58] [warning] phone-bridge: no events for 330s — forcing reconnect
[2026-05-31 02:50:58] [warning] phone-bridge: connection closed (code=1000 reason=)
[2026-05-31 02:50:58] [info] phone-bridge: reconnecting in 1s
[2026-05-31 02:50:59] [info] phone-bridge: connected, subscribing to user_registration,user_blf,user_status
[2026-05-31 02:56:29] [warning] phone-bridge: no events for 330s — forcing reconnect
[2026-05-31 02:56:29] [warning] phone-bridge: connection closed (code=1000 reason=)
[2026-05-31 02:56:29] [info] phone-bridge: reconnecting in 1s
[2026-05-31 02:56:31] [info] phone-bridge: connected, subscribing to user_registration,user_blf,user_status
[2026-05-31 03:02:01] [warning] phone-bridge: no events for 330s — forcing reconnect
[2026-05-31 03:02:01] [warning] phone-bridge: connection closed (code=1000 reason=)
[2026-05-31 03:02:01] [info] phone-bridge: reconnecting in 1s
[2026-05-31 03:02:02] [info] phone-bridge: connected, subscribing to user_registration,user_blf,user_status
[2026-05-31 03:07:32] [warning] phone-bridge: no events for 330s — forcing reconnect
[2026-05-31 03:07:32] [warning] phone-bridge: connection closed (code=1000 reason=)
[2026-05-31 03:07:32] [info] phone-bridge: reconnecting in 1s
[2026-05-31 03:07:34] [info] phone-bridge: connected, subscribing to user_registration,user_blf,user_status
[2026-05-31 03:13:04] [warning] phone-bridge: no events for 330s — forcing reconnect
[2026-05-31 03:13:04] [warning] phone-bridge: connection closed (code=1000 reason=)
[2026-05-31 03:13:04] [info] phone-bridge: reconnecting in 1s
[2026-05-31 03:13:05] [info] phone-bridge: connected, subscribing to user_registration,user_blf,user_status
[2026-05-31 03:18:35] [warning] phone-bridge: no events for 330s — forcing reconnect
[2026-05-31 03:18:35] [warning] phone-bridge: connection closed (code=1000 reason=)
[2026-05-31 03:18:35] [info] phone-bridge: reconnecting in 1s
[2026-05-31 03:18:37] [info] phone-bridge: connected, subscribing to user_registration,user_blf,user_status
[2026-05-31 03:24:07] [warning] phone-bridge: no events for 330s — forcing reconnect
[2026-05-31 03:24:07] [warning] phone-bridge: connection closed (code=1000 reason=)
[2026-05-31 03:24:07] [info] phone-bridge: reconnecting in 1s
[2026-05-31 03:24:08] [info] phone-bridge: connected, subscribing to user_registration,user_blf,user_status
[2026-05-31 03:29:39] [warning] phone-bridge: no events for 330s — forcing reconnect
[2026-05-31 03:29:39] [warning] phone-bridge: connection closed (code=1000 reason=)
[2026-05-31 03:29:39] [info] phone-bridge: reconnecting in 1s
[2026-05-31 03:29:40] [info] phone-bridge: connected, subscribing to user_registration,user_blf,user_status
[2026-05-31 03:35:10] [warning] phone-bridge: no events for 330s — forcing reconnect
[2026-05-31 03:35:10] [warning] phone-bridge: connection closed (code=1000 reason=)
[2026-05-31 03:35:10] [info] phone-bridge: reconnecting in 1s
[2026-05-31 03:35:12] [info] phone-bridge: connected, subscribing to user_registration,user_blf,user_status
[2026-05-31 03:40:42] [warning] phone-bridge: no events for 330s — forcing reconnect
[2026-05-31 03:40:42] [warning] phone-bridge: connection closed (code=1000 reason=)
[2026-05-31 03:40:42] [info] phone-bridge: reconnecting in 1s
[2026-05-31 03:40:43] [info] phone-bridge: connected, subscribing to user_registration,user_blf,user_status
[2026-05-31 03:46:13] [warning] phone-bridge: no events for 330s — forcing reconnect
[2026-05-31 03:46:13] [warning] phone-bridge: connection closed (code=1000 reason=)
[2026-05-31 03:46:13] [info] phone-bridge: reconnecting in 1s
[2026-05-31 03:46:15] [info] phone-bridge: connected, subscribing to user_registration,user_blf,user_status
[2026-05-31 03:51:45] [warning] phone-bridge: no events for 330s — forcing reconnect
[2026-05-31 03:51:45] [warning] phone-bridge: connection closed (code=1000 reason=)
[2026-05-31 03:51:45] [info] phone-bridge: reconnecting in 1s
[2026-05-31 03:51:46] [info] phone-bridge: connected, subscribing to user_registration,user_blf,user_status
[2026-05-31 03:57:16] [warning] phone-bridge: no events for 330s — forcing reconnect
[2026-05-31 03:57:16] [warning] phone-bridge: connection closed (code=1000 reason=)
[2026-05-31 03:57:16] [info] phone-bridge: reconnecting in 1s
[2026-05-31 03:57:18] [info] phone-bridge: connected, subscribing to user_registration,user_blf,user_status
[2026-05-31 04:02:48] [warning] phone-bridge: no events for 330s — forcing reconnect
[2026-05-31 04:02:48] [warning] phone-bridge: connection closed (code=1000 reason=)
[2026-05-31 04:02:48] [info] phone-bridge: reconnecting in 1s
[2026-05-31 04:02:49] [info] phone-bridge: connected, subscribing to user_registration,user_blf,user_status
[2026-05-31 04:08:19] [warning] phone-bridge: no events for 330s — forcing reconnect
[2026-05-31 04:08:19] [warning] phone-bridge: connection closed (code=1000 reason=)
[2026-05-31 04:08:19] [info] phone-bridge: reconnecting in 1s
[2026-05-31 04:08:21] [info] phone-bridge: connected, subscribing to user_registration,user_blf,user_status
[2026-05-31 04:13:51] [warning] phone-bridge: no events for 330s — forcing reconnect
[2026-05-31 04:13:51] [warning] phone-bridge: connection closed (code=1000 reason=)
[2026-05-31 04:13:51] [info] phone-bridge: reconnecting in 1s
[2026-05-31 04:13:52] [info] phone-bridge: connected, subscribing to user_registration,user_blf,user_status
[2026-05-31 04:19:22] [warning] phone-bridge: no events for 330s — forcing reconnect
[2026-05-31 04:19:22] [warning] phone-bridge: connection closed (code=1000 reason=)
[2026-05-31 04:19:22] [info] phone-bridge: reconnecting in 1s
[2026-05-31 04:19:24] [info] phone-bridge: connected, subscribing to user_registration,user_blf,user_status
[2026-05-31 04:24:54] [warning] phone-bridge: no events for 330s — forcing reconnect
[2026-05-31 04:24:54] [warning] phone-bridge: connection closed (code=1000 reason=)
[2026-05-31 04:24:54] [info] phone-bridge: reconnecting in 1s
[2026-05-31 04:24:55] [info] phone-bridge: connected, subscribing to user_registration,user_blf,user_status
[2026-05-31 04:30:25] [warning] phone-bridge: no events for 330s — forcing reconnect
[2026-05-31 04:30:25] [warning] phone-bridge: connection closed (code=1000 reason=)
[2026-05-31 04:30:25] [info] phone-bridge: reconnecting in 1s
[2026-05-31 04:30:27] [info] phone-bridge: connected, subscribing to user_registration,user_blf,user_status
[2026-05-31 04:35:57] [warning] phone-bridge: no events for 330s — forcing reconnect
[2026-05-31 04:35:57] [warning] phone-bridge: connection closed (code=1000 reason=)
[2026-05-31 04:35:57] [info] phone-bridge: reconnecting in 1s
[2026-05-31 04:35:58] [info] phone-bridge: connected, subscribing to user_registration,user_blf,user_status
[2026-05-31 04:41:28] [warning] phone-bridge: no events for 330s — forcing reconnect
[2026-05-31 04:41:28] [warning] phone-bridge: connection closed (code=1000 reason=)
[2026-05-31 04:41:28] [info] phone-bridge: reconnecting in 1s
[2026-05-31 04:41:30] [info] phone-bridge: connected, subscribing to user_registration,user_blf,user_status
[2026-05-31 04:47:00] [warning] phone-bridge: no events for 330s — forcing reconnect
[2026-05-31 04:47:00] [warning] phone-bridge: connection closed (code=1000 reason=)
[2026-05-31 04:47:00] [info] phone-bridge: reconnecting in 1s
[2026-05-31 04:47:02] [info] phone-bridge: connected, subscribing to user_registration,user_blf,user_status
[2026-05-31 04:52:32] [warning] phone-bridge: no events for 330s — forcing reconnect
[2026-05-31 04:52:32] [warning] phone-bridge: connection closed (code=1000 reason=)
[2026-05-31 04:52:32] [info] phone-bridge: reconnecting in 1s
[2026-05-31 04:52:33] [info] phone-bridge: connected, subscribing to user_registration,user_blf,user_status
[2026-05-31 04:58:03] [warning] phone-bridge: no events for 330s — forcing reconnect
[2026-05-31 04:58:03] [warning] phone-bridge: connection closed (code=1000 reason=)
[2026-05-31 04:58:03] [info] phone-bridge: reconnecting in 1s
[2026-05-31 04:58:05] [info] phone-bridge: connected, subscribing to user_registration,user_blf,user_status
[2026-05-31 05:03:35] [warning] phone-bridge: no events for 330s — forcing reconnect
[2026-05-31 05:03:35] [warning] phone-bridge: connection closed (code=1000 reason=)
[2026-05-31 05:03:35] [info] phone-bridge: reconnecting in 1s
[2026-05-31 05:03:36] [info] phone-bridge: connected, subscribing to user_registration,user_blf,user_status
[2026-05-31 05:09:06] [warning] phone-bridge: no events for 330s — forcing reconnect
[2026-05-31 05:09:06] [warning] phone-bridge: connection closed (code=1000 reason=)
[2026-05-31 05:09:06] [info] phone-bridge: reconnecting in 1s
[2026-05-31 05:09:08] [info] phone-bridge: connected, subscribing to user_registration,user_blf,user_status
[2026-05-31 05:14:38] [warning] phone-bridge: no events for 330s — forcing reconnect
[2026-05-31 05:14:38] [warning] phone-bridge: connection closed (code=1000 reason=)
[2026-05-31 05:14:38] [info] phone-bridge: reconnecting in 1s
[2026-05-31 05:14:39] [info] phone-bridge: connected, subscribing to user_registration,user_blf,user_status
[2026-05-31 05:20:09] [warning] phone-bridge: no events for 330s — forcing reconnect
[2026-05-31 05:20:09] [warning] phone-bridge: connection closed (code=1000 reason=)
[2026-05-31 05:20:09] [info] phone-bridge: reconnecting in 1s
[2026-05-31 05:20:11] [info] phone-bridge: connected, subscribing to user_registration,user_blf,user_status
[2026-05-31 05:25:41] [warning] phone-bridge: no events for 330s — forcing reconnect
[2026-05-31 05:25:41] [warning] phone-bridge: connection closed (code=1000 reason=)
[2026-05-31 05:25:41] [info] phone-bridge: reconnecting in 1s
[2026-05-31 05:25:42] [info] phone-bridge: connected, subscribing to user_registration,user_blf,user_status
[2026-05-31 05:31:12] [warning] phone-bridge: no events for 330s — forcing reconnect
[2026-05-31 05:31:12] [warning] phone-bridge: connection closed (code=1000 reason=)
[2026-05-31 05:31:12] [info] phone-bridge: reconnecting in 1s
[2026-05-31 05:31:14] [info] phone-bridge: connected, subscribing to user_registration,user_blf,user_status
[2026-05-31 05:36:44] [warning] phone-bridge: no events for 330s — forcing reconnect
[2026-05-31 05:36:44] [warning] phone-bridge: connection closed (code=1000 reason=)
[2026-05-31 05:36:44] [info] phone-bridge: reconnecting in 1s
[2026-05-31 05:36:45] [info] phone-bridge: connected, subscribing to user_registration,user_blf,user_status
[2026-05-31 05:42:16] [warning] phone-bridge: no events for 330s — forcing reconnect
[2026-05-31 05:42:16] [warning] phone-bridge: connection closed (code=1000 reason=)
[2026-05-31 05:42:16] [info] phone-bridge: reconnecting in 1s
[2026-05-31 05:42:17] [info] phone-bridge: connected, subscribing to user_registration,user_blf,user_status
[2026-05-31 05:47:47] [warning] phone-bridge: no events for 330s — forcing reconnect
[2026-05-31 05:47:47] [warning] phone-bridge: connection closed (code=1000 reason=)
[2026-05-31 05:47:47] [info] phone-bridge: reconnecting in 1s
[2026-05-31 05:47:49] [info] phone-bridge: connected, subscribing to user_registration,user_blf,user_status
[2026-05-31 05:53:19] [warning] phone-bridge: no events for 330s — forcing reconnect
[2026-05-31 05:53:19] [warning] phone-bridge: connection closed (code=1000 reason=)
[2026-05-31 05:53:19] [info] phone-bridge: reconnecting in 1s
[2026-05-31 05:53:20] [info] phone-bridge: connected, subscribing to user_registration,user_blf,user_status
[2026-05-31 05:58:50] [warning] phone-bridge: no events for 330s — forcing reconnect
[2026-05-31 05:58:50] [warning] phone-bridge: connection closed (code=1000 reason=)
[2026-05-31 05:58:50] [info] phone-bridge: reconnecting in 1s
[2026-05-31 05:58:52] [info] phone-bridge: connected, subscribing to user_registration,user_blf,user_status
[2026-05-31 06:04:22] [warning] phone-bridge: no events for 330s — forcing reconnect
[2026-05-31 06:04:22] [warning] phone-bridge: connection closed (code=1000 reason=)
[2026-05-31 06:04:22] [info] phone-bridge: reconnecting in 1s
[2026-05-31 06:04:23] [info] phone-bridge: connected, subscribing to user_registration,user_blf,user_status
[2026-05-31 06:09:53] [warning] phone-bridge: no events for 330s — forcing reconnect
[2026-05-31 06:09:53] [warning] phone-bridge: connection closed (code=1000 reason=)
[2026-05-31 06:09:53] [info] phone-bridge: reconnecting in 1s
[2026-05-31 06:09:55] [info] phone-bridge: connected, subscribing to user_registration,user_blf,user_status
[2026-05-31 06:15:25] [warning] phone-bridge: no events for 330s — forcing reconnect
[2026-05-31 06:15:25] [warning] phone-bridge: connection closed (code=1000 reason=)
[2026-05-31 06:15:25] [info] phone-bridge: reconnecting in 1s
[2026-05-31 06:15:26] [info] phone-bridge: connected, subscribing to user_registration,user_blf,user_status
[2026-05-31 06:20:56] [warning] phone-bridge: no events for 330s — forcing reconnect
[2026-05-31 06:20:56] [warning] phone-bridge: connection closed (code=1000 reason=)
[2026-05-31 06:20:56] [info] phone-bridge: reconnecting in 1s
[2026-05-31 06:20:58] [info] phone-bridge: connected, subscribing to user_registration,user_blf,user_status
[2026-05-31 06:26:28] [warning] phone-bridge: no events for 330s — forcing reconnect
[2026-05-31 06:26:28] [warning] phone-bridge: connection closed (code=1000 reason=)
[2026-05-31 06:26:28] [info] phone-bridge: reconnecting in 1s
[2026-05-31 06:26:29] [info] phone-bridge: connected, subscribing to user_registration,user_blf,user_status
[2026-05-31 06:30:04] [warning] phone-bridge: connection closed (code=1006 reason=Underlying connection closed)
[2026-05-31 06:30:04] [info] phone-bridge: reconnecting in 1s
[2026-05-31 06:30:05] [error] phone-bridge: reconnect failed: Connection to tls://pbx12127.onpbx.ru:3342 failed: Last error for IPv4: Connection to tcp://185.228.89.114:3342 failed: Connection refused (ECONNREFUSED). Previous error for IPv6: DNS query for pbx12127.onpbx.ru (AAAA) did not return a valid answer (NOERROR / NODATA)
[2026-05-31 06:30:05] [info] phone-bridge: reconnecting in 2s
[2026-05-31 06:30:08] [error] phone-bridge: reconnect failed: Connection to tls://pbx12127.onpbx.ru:3342 failed: Last error for IPv4: Connection to tcp://185.228.89.114:3342 failed: Connection refused (ECONNREFUSED). Previous error for IPv6: DNS query for pbx12127.onpbx.ru (AAAA) did not return a valid answer (NOERROR / NODATA)
[2026-05-31 06:30:08] [info] phone-bridge: reconnecting in 4s
[2026-05-31 06:30:12] [error] phone-bridge: reconnect failed: Connection to tls://pbx12127.onpbx.ru:3342 failed: Last error for IPv4: Connection to tcp://185.228.89.114:3342 failed: Connection refused (ECONNREFUSED). Previous error for IPv6: DNS query for pbx12127.onpbx.ru (AAAA) did not return a valid answer (NOERROR / NODATA)
[2026-05-31 06:30:12] [info] phone-bridge: reconnecting in 8s
[2026-05-31 06:30:20] [error] phone-bridge: reconnect failed: Connection to tls://pbx12127.onpbx.ru:3342 failed: Last error for IPv4: Connection to tcp://185.228.89.114:3342 failed: Connection refused (ECONNREFUSED). Previous error for IPv6: DNS query for pbx12127.onpbx.ru (AAAA) did not return a valid answer (NOERROR / NODATA)
[2026-05-31 06:30:20] [info] phone-bridge: reconnecting in 16s
[2026-05-31 06:30:36] [error] phone-bridge: reconnect failed: Connection to tls://pbx12127.onpbx.ru:3342 failed: Last error for IPv4: Connection to tcp://185.228.89.114:3342 failed: Connection refused (ECONNREFUSED). Previous error for IPv6: DNS query for pbx12127.onpbx.ru (AAAA) did not return a valid answer (NOERROR / NODATA)
[2026-05-31 06:30:36] [info] phone-bridge: reconnecting in 30s
[2026-05-31 06:31:06] [error] phone-bridge: reconnect failed: Connection to tls://pbx12127.onpbx.ru:3342 failed: Last error for IPv4: Connection to tcp://185.228.89.114:3342 failed: Connection refused (ECONNREFUSED). Previous error for IPv6: DNS query for pbx12127.onpbx.ru (AAAA) did not return a valid answer (NOERROR / NODATA)
[2026-05-31 06:31:06] [info] phone-bridge: reconnecting in 30s
[2026-05-31 06:31:36] [error] phone-bridge: reconnect failed: Connection to tls://pbx12127.onpbx.ru:3342 failed: Last error for IPv4: Connection to tcp://185.228.89.114:3342 failed: Connection refused (ECONNREFUSED). Previous error for IPv6: DNS query for pbx12127.onpbx.ru (AAAA) did not return a valid answer (NOERROR / NODATA)
[2026-05-31 06:31:36] [info] phone-bridge: reconnecting in 30s
[2026-05-31 06:33:06] [error] phone-bridge: reconnect failed: Connection to tls://pbx12127.onpbx.ru:3342 timed out after 60 seconds (ETIMEDOUT)
[2026-05-31 06:33:06] [info] phone-bridge: reconnecting in 30s
[2026-05-31 06:33:36] [error] phone-bridge: reconnect failed: Connection to tls://pbx12127.onpbx.ru:3342 failed: Last error for IPv4: Connection to tcp://185.228.89.114:3342 failed: Connection refused (ECONNREFUSED). Previous error for IPv6: DNS query for pbx12127.onpbx.ru (AAAA) did not return a valid answer (NOERROR / NODATA)
[2026-05-31 06:33:36] [info] phone-bridge: reconnecting in 30s
[2026-05-31 06:34:06] [error] phone-bridge: reconnect failed: Connection to tls://pbx12127.onpbx.ru:3342 failed: Last error for IPv4: Connection to tcp://185.228.89.114:3342 failed: Connection refused (ECONNREFUSED). Previous error for IPv6: DNS query for pbx12127.onpbx.ru (AAAA) did not return a valid answer (NOERROR / NODATA)
[2026-05-31 06:34:06] [info] phone-bridge: reconnecting in 30s
[2026-05-31 06:34:41] [info] phone-bridge: connected, subscribing to user_registration,user_blf,user_status
[2026-05-31 06:40:11] [warning] phone-bridge: no events for 330s — forcing reconnect
[2026-05-31 06:40:11] [warning] phone-bridge: connection closed (code=1000 reason=)
[2026-05-31 06:40:11] [info] phone-bridge: reconnecting in 1s
[2026-05-31 06:40:13] [info] phone-bridge: connected, subscribing to user_registration,user_blf,user_status
[2026-05-31 06:45:43] [warning] phone-bridge: no events for 330s — forcing reconnect
[2026-05-31 06:45:43] [warning] phone-bridge: connection closed (code=1000 reason=)
[2026-05-31 06:45:43] [info] phone-bridge: reconnecting in 1s
[2026-05-31 06:45:44] [info] phone-bridge: connected, subscribing to user_registration,user_blf,user_status
[2026-05-31 06:51:14] [warning] phone-bridge: no events for 330s — forcing reconnect
[2026-05-31 06:51:14] [warning] phone-bridge: connection closed (code=1000 reason=)
[2026-05-31 06:51:14] [info] phone-bridge: reconnecting in 1s
[2026-05-31 06:51:16] [info] phone-bridge: connected, subscribing to user_registration,user_blf,user_status
[2026-05-31 06:56:46] [warning] phone-bridge: no events for 330s — forcing reconnect
[2026-05-31 06:56:46] [warning] phone-bridge: connection closed (code=1000 reason=)
[2026-05-31 06:56:46] [info] phone-bridge: reconnecting in 1s
[2026-05-31 06:56:48] [info] phone-bridge: connected, subscribing to user_registration,user_blf,user_status
[2026-05-31 07:02:18] [warning] phone-bridge: no events for 330s — forcing reconnect
[2026-05-31 07:02:18] [warning] phone-bridge: connection closed (code=1000 reason=)
[2026-05-31 07:02:18] [info] phone-bridge: reconnecting in 1s
[2026-05-31 07:02:19] [info] phone-bridge: connected, subscribing to user_registration,user_blf,user_status
[2026-05-31 07:07:49] [warning] phone-bridge: no events for 330s — forcing reconnect
[2026-05-31 07:07:49] [warning] phone-bridge: connection closed (code=1000 reason=)
[2026-05-31 07:07:49] [info] phone-bridge: reconnecting in 1s
[2026-05-31 07:07:51] [info] phone-bridge: connected, subscribing to user_registration,user_blf,user_status
[2026-05-31 07:13:21] [warning] phone-bridge: no events for 330s — forcing reconnect
[2026-05-31 07:13:21] [warning] phone-bridge: connection closed (code=1000 reason=)
[2026-05-31 07:13:21] [info] phone-bridge: reconnecting in 1s
[2026-05-31 07:13:22] [info] phone-bridge: connected, subscribing to user_registration,user_blf,user_status
[2026-05-31 07:18:52] [warning] phone-bridge: no events for 330s — forcing reconnect
[2026-05-31 07:18:52] [warning] phone-bridge: connection closed (code=1000 reason=)
[2026-05-31 07:18:52] [info] phone-bridge: reconnecting in 1s
[2026-05-31 07:18:54] [info] phone-bridge: connected, subscribing to user_registration,user_blf,user_status
[2026-05-31 07:24:24] [warning] phone-bridge: no events for 330s — forcing reconnect
[2026-05-31 07:24:24] [warning] phone-bridge: connection closed (code=1000 reason=)
[2026-05-31 07:24:24] [info] phone-bridge: reconnecting in 1s
[2026-05-31 07:24:25] [info] phone-bridge: connected, subscribing to user_registration,user_blf,user_status
[2026-05-31 07:29:55] [warning] phone-bridge: no events for 330s — forcing reconnect
[2026-05-31 07:29:55] [warning] phone-bridge: connection closed (code=1000 reason=)
[2026-05-31 07:29:55] [info] phone-bridge: reconnecting in 1s
[2026-05-31 07:29:57] [info] phone-bridge: connected, subscribing to user_registration,user_blf,user_status
[2026-05-31 07:35:27] [warning] phone-bridge: no events for 330s — forcing reconnect
[2026-05-31 07:35:27] [warning] phone-bridge: connection closed (code=1000 reason=)
[2026-05-31 07:35:27] [info] phone-bridge: reconnecting in 1s
[2026-05-31 07:35:28] [info] phone-bridge: connected, subscribing to user_registration,user_blf,user_status
[2026-05-31 07:40:58] [warning] phone-bridge: no events for 330s — forcing reconnect
[2026-05-31 07:40:58] [warning] phone-bridge: connection closed (code=1000 reason=)
[2026-05-31 07:40:58] [info] phone-bridge: reconnecting in 1s
[2026-05-31 07:41:00] [info] phone-bridge: connected, subscribing to user_registration,user_blf,user_status
[2026-05-31 07:46:30] [warning] phone-bridge: no events for 330s — forcing reconnect
[2026-05-31 07:46:30] [warning] phone-bridge: connection closed (code=1000 reason=)
[2026-05-31 07:46:30] [info] phone-bridge: reconnecting in 1s
[2026-05-31 07:46:31] [info] phone-bridge: connected, subscribing to user_registration,user_blf,user_status
[2026-05-31 07:52:02] [warning] phone-bridge: no events for 330s — forcing reconnect
[2026-05-31 07:52:02] [warning] phone-bridge: connection closed (code=1000 reason=)
[2026-05-31 07:52:02] [info] phone-bridge: reconnecting in 1s
[2026-05-31 07:52:03] [info] phone-bridge: connected, subscribing to user_registration,user_blf,user_status
[2026-05-31 07:57:33] [warning] phone-bridge: no events for 330s — forcing reconnect
[2026-05-31 07:57:33] [warning] phone-bridge: connection closed (code=1000 reason=)
[2026-05-31 07:57:33] [info] phone-bridge: reconnecting in 1s
[2026-05-31 07:57:34] [info] phone-bridge: connected, subscribing to user_registration,user_blf,user_status
[2026-05-31 08:03:05] [warning] phone-bridge: no events for 330s — forcing reconnect
[2026-05-31 08:03:05] [warning] phone-bridge: connection closed (code=1000 reason=)
[2026-05-31 08:03:05] [info] phone-bridge: reconnecting in 1s
[2026-05-31 08:03:06] [info] phone-bridge: connected, subscribing to user_registration,user_blf,user_status
[2026-05-31 08:08:36] [warning] phone-bridge: no events for 330s — forcing reconnect
[2026-05-31 08:08:36] [warning] phone-bridge: connection closed (code=1000 reason=)
[2026-05-31 08:08:36] [info] phone-bridge: reconnecting in 1s
[2026-05-31 08:08:38] [info] phone-bridge: connected, subscribing to user_registration,user_blf,user_status
[2026-05-31 08:14:08] [warning] phone-bridge: no events for 330s — forcing reconnect
[2026-05-31 08:14:08] [warning] phone-bridge: connection closed (code=1000 reason=)
[2026-05-31 08:14:08] [info] phone-bridge: reconnecting in 1s
[2026-05-31 08:14:09] [info] phone-bridge: connected, subscribing to user_registration,user_blf,user_status
[2026-05-31 08:19:39] [warning] phone-bridge: no events for 330s — forcing reconnect
[2026-05-31 08:19:39] [warning] phone-bridge: connection closed (code=1000 reason=)
[2026-05-31 08:19:39] [info] phone-bridge: reconnecting in 1s
[2026-05-31 08:19:41] [info] phone-bridge: connected, subscribing to user_registration,user_blf,user_status
[2026-05-31 08:25:11] [warning] phone-bridge: no events for 330s — forcing reconnect
[2026-05-31 08:25:11] [warning] phone-bridge: connection closed (code=1000 reason=)
[2026-05-31 08:25:11] [info] phone-bridge: reconnecting in 1s
[2026-05-31 08:25:12] [info] phone-bridge: connected, subscribing to user_registration,user_blf,user_status
[2026-05-31 08:30:42] [warning] phone-bridge: no events for 330s — forcing reconnect
[2026-05-31 08:30:42] [warning] phone-bridge: connection closed (code=1000 reason=)
[2026-05-31 08:30:42] [info] phone-bridge: reconnecting in 1s
[2026-05-31 08:30:44] [info] phone-bridge: connected, subscribing to user_registration,user_blf,user_status
[2026-05-31 08:36:14] [warning] phone-bridge: no events for 330s — forcing reconnect
[2026-05-31 08:36:14] [warning] phone-bridge: connection closed (code=1000 reason=)
[2026-05-31 08:36:14] [info] phone-bridge: reconnecting in 1s
[2026-05-31 08:36:15] [info] phone-bridge: connected, subscribing to user_registration,user_blf,user_status
[2026-05-31 11:54:57] [info] phone-bridge: connecting to wss://pbx12127.onpbx.ru:3342/?key=OGV3MWNuVkw0VWJuZHc3c1lUeFViaWVJYnA5UXdGaXM
[2026-05-31 11:55:03] [info] phone-bridge: connected, subscribing to user_registration,user_blf,user_status
[2026-05-31 18:10:08] [warning] phone-bridge: no events for 328s — forcing reconnect
[2026-05-31 18:10:08] [warning] phone-bridge: connection closed (code=1000 reason=)
[2026-05-31 18:10:08] [info] phone-bridge: reconnecting in 1s
[2026-05-31 18:10:09] [info] phone-bridge: connected, subscribing to user_registration,user_blf,user_status
[2026-05-31 18:28:09] [warning] phone-bridge: no events for 329s — forcing reconnect
[2026-05-31 18:28:09] [warning] phone-bridge: connection closed (code=1000 reason=)
[2026-05-31 18:28:09] [info] phone-bridge: reconnecting in 1s
[2026-05-31 18:28:11] [info] phone-bridge: connected, subscribing to user_registration,user_blf,user_status
[2026-05-31 18:37:11] [warning] phone-bridge: no events for 330s — forcing reconnect
[2026-05-31 18:37:11] [warning] phone-bridge: connection closed (code=1000 reason=)
[2026-05-31 18:37:11] [info] phone-bridge: reconnecting in 1s
[2026-05-31 18:37:13] [info] phone-bridge: connected, subscribing to user_registration,user_blf,user_status
[2026-05-31 18:45:43] [warning] phone-bridge: no events for 302s — forcing reconnect
[2026-05-31 18:45:43] [warning] phone-bridge: connection closed (code=1000 reason=)
[2026-05-31 18:45:43] [info] phone-bridge: reconnecting in 1s
[2026-05-31 18:45:44] [info] phone-bridge: connected, subscribing to user_registration,user_blf,user_status
[2026-05-31 18:54:44] [warning] phone-bridge: no events for 303s — forcing reconnect
[2026-05-31 18:54:44] [warning] phone-bridge: connection closed (code=1000 reason=)
[2026-05-31 18:54:44] [info] phone-bridge: reconnecting in 1s
[2026-05-31 18:54:46] [info] phone-bridge: connected, subscribing to user_registration,user_blf,user_status
[2026-05-31 19:05:46] [warning] phone-bridge: no events for 325s — forcing reconnect
[2026-05-31 19:05:46] [warning] phone-bridge: connection closed (code=1000 reason=)
[2026-05-31 19:05:46] [info] phone-bridge: reconnecting in 1s
[2026-05-31 19:05:48] [info] phone-bridge: connected, subscribing to user_registration,user_blf,user_status
[2026-05-31 19:12:48] [warning] phone-bridge: no events for 307s — forcing reconnect
[2026-05-31 19:12:48] [warning] phone-bridge: connection closed (code=1000 reason=)
[2026-05-31 19:12:48] [info] phone-bridge: reconnecting in 1s
[2026-05-31 19:12:49] [info] phone-bridge: connected, subscribing to user_registration,user_blf,user_status
[2026-05-31 19:21:49] [warning] phone-bridge: no events for 308s — forcing reconnect
[2026-05-31 19:21:49] [warning] phone-bridge: connection closed (code=1000 reason=)
[2026-05-31 19:21:49] [info] phone-bridge: reconnecting in 1s
[2026-05-31 19:21:51] [info] phone-bridge: connected, subscribing to user_registration,user_blf,user_status
[2026-05-31 19:33:51] [warning] phone-bridge: no events for 301s — forcing reconnect
[2026-05-31 19:33:51] [warning] phone-bridge: connection closed (code=1000 reason=)
[2026-05-31 19:33:51] [info] phone-bridge: reconnecting in 1s
[2026-05-31 19:33:53] [info] phone-bridge: connected, subscribing to user_registration,user_blf,user_status
[2026-05-31 19:40:23] [warning] phone-bridge: no events for 303s — forcing reconnect
[2026-05-31 19:40:23] [warning] phone-bridge: connection closed (code=1000 reason=)
[2026-05-31 19:40:23] [info] phone-bridge: reconnecting in 1s
[2026-05-31 19:40:24] [info] phone-bridge: connected, subscribing to user_registration,user_blf,user_status
[2026-05-31 19:48:54] [warning] phone-bridge: no events for 319s — forcing reconnect
[2026-05-31 19:48:54] [warning] phone-bridge: connection closed (code=1000 reason=)
[2026-05-31 19:48:54] [info] phone-bridge: reconnecting in 1s
[2026-05-31 19:48:56] [info] phone-bridge: connected, subscribing to user_registration,user_blf,user_status
[2026-05-31 19:54:26] [warning] phone-bridge: no events for 330s — forcing reconnect
[2026-05-31 19:54:26] [warning] phone-bridge: connection closed (code=1000 reason=)
[2026-05-31 19:54:26] [info] phone-bridge: reconnecting in 1s
[2026-05-31 19:54:27] [info] phone-bridge: connected, subscribing to user_registration,user_blf,user_status
[2026-05-31 19:59:58] [warning] phone-bridge: no events for 330s — forcing reconnect
[2026-05-31 19:59:58] [warning] phone-bridge: connection closed (code=1000 reason=)
[2026-05-31 19:59:58] [info] phone-bridge: reconnecting in 1s
[2026-05-31 19:59:59] [info] phone-bridge: connected, subscribing to user_registration,user_blf,user_status
[2026-05-31 20:05:29] [warning] phone-bridge: no events for 330s — forcing reconnect
[2026-05-31 20:05:29] [warning] phone-bridge: connection closed (code=1000 reason=)
[2026-05-31 20:05:29] [info] phone-bridge: reconnecting in 1s
[2026-05-31 20:05:31] [info] phone-bridge: connected, subscribing to user_registration,user_blf,user_status
[2026-05-31 20:11:01] [warning] phone-bridge: no events for 330s — forcing reconnect
[2026-05-31 20:11:01] [warning] phone-bridge: connection closed (code=1000 reason=)
[2026-05-31 20:11:01] [info] phone-bridge: reconnecting in 1s
[2026-05-31 20:11:02] [info] phone-bridge: connected, subscribing to user_registration,user_blf,user_status
[2026-05-31 20:16:32] [warning] phone-bridge: no events for 330s — forcing reconnect
[2026-05-31 20:16:32] [warning] phone-bridge: connection closed (code=1000 reason=)
[2026-05-31 20:16:32] [info] phone-bridge: reconnecting in 1s
[2026-05-31 20:16:34] [info] phone-bridge: connected, subscribing to user_registration,user_blf,user_status
[2026-05-31 20:22:04] [warning] phone-bridge: no events for 330s — forcing reconnect
[2026-05-31 20:22:04] [warning] phone-bridge: connection closed (code=1000 reason=)
[2026-05-31 20:22:04] [info] phone-bridge: reconnecting in 1s
[2026-05-31 20:22:06] [info] phone-bridge: connected, subscribing to user_registration,user_blf,user_status
[2026-05-31 20:27:36] [warning] phone-bridge: no events for 330s — forcing reconnect
[2026-05-31 20:27:36] [warning] phone-bridge: connection closed (code=1000 reason=)
[2026-05-31 20:27:36] [info] phone-bridge: reconnecting in 1s
[2026-05-31 20:27:38] [info] phone-bridge: connected, subscribing to user_registration,user_blf,user_status
[2026-05-31 20:33:08] [warning] phone-bridge: no events for 330s — forcing reconnect
[2026-05-31 20:33:08] [warning] phone-bridge: connection closed (code=1000 reason=)
[2026-05-31 20:33:08] [info] phone-bridge: reconnecting in 1s
[2026-05-31 20:33:09] [info] phone-bridge: connected, subscribing to user_registration,user_blf,user_status
[2026-05-31 20:38:39] [warning] phone-bridge: no events for 330s — forcing reconnect
[2026-05-31 20:38:39] [warning] phone-bridge: connection closed (code=1000 reason=)
[2026-05-31 20:38:39] [info] phone-bridge: reconnecting in 1s
[2026-05-31 20:38:41] [info] phone-bridge: connected, subscribing to user_registration,user_blf,user_status
[2026-05-31 20:44:11] [warning] phone-bridge: no events for 330s — forcing reconnect
[2026-05-31 20:44:11] [warning] phone-bridge: connection closed (code=1000 reason=)
[2026-05-31 20:44:11] [info] phone-bridge: reconnecting in 1s
[2026-05-31 20:44:12] [info] phone-bridge: connected, subscribing to user_registration,user_blf,user_status
[2026-05-31 20:49:42] [warning] phone-bridge: no events for 330s — forcing reconnect
[2026-05-31 20:49:42] [warning] phone-bridge: connection closed (code=1000 reason=)
[2026-05-31 20:49:42] [info] phone-bridge: reconnecting in 1s
[2026-05-31 20:49:44] [info] phone-bridge: connected, subscribing to user_registration,user_blf,user_status
[2026-05-31 20:55:14] [warning] phone-bridge: no events for 330s — forcing reconnect
[2026-05-31 20:55:14] [warning] phone-bridge: connection closed (code=1000 reason=)
[2026-05-31 20:55:14] [info] phone-bridge: reconnecting in 1s
[2026-05-31 20:55:15] [info] phone-bridge: connected, subscribing to user_registration,user_blf,user_status
[2026-05-31 21:00:46] [warning] phone-bridge: no events for 330s — forcing reconnect
[2026-05-31 21:00:46] [warning] phone-bridge: connection closed (code=1000 reason=)
[2026-05-31 21:00:46] [info] phone-bridge: reconnecting in 1s
[2026-05-31 21:00:47] [info] phone-bridge: connected, subscribing to user_registration,user_blf,user_status
[2026-05-31 21:06:17] [warning] phone-bridge: no events for 330s — forcing reconnect
[2026-05-31 21:06:17] [warning] phone-bridge: connection closed (code=1000 reason=)
[2026-05-31 21:06:17] [info] phone-bridge: reconnecting in 1s
[2026-05-31 21:06:19] [info] phone-bridge: connected, subscribing to user_registration,user_blf,user_status
[2026-05-31 21:11:49] [warning] phone-bridge: no events for 330s — forcing reconnect
[2026-05-31 21:11:49] [warning] phone-bridge: connection closed (code=1000 reason=)
[2026-05-31 21:11:49] [info] phone-bridge: reconnecting in 1s
[2026-05-31 21:11:50] [info] phone-bridge: connected, subscribing to user_registration,user_blf,user_status
[2026-05-31 21:17:20] [warning] phone-bridge: no events for 330s — forcing reconnect
[2026-05-31 21:17:20] [warning] phone-bridge: connection closed (code=1000 reason=)
[2026-05-31 21:17:20] [info] phone-bridge: reconnecting in 1s
[2026-05-31 21:17:22] [info] phone-bridge: connected, subscribing to user_registration,user_blf,user_status
[2026-05-31 21:23:22] [warning] phone-bridge: no events for 306s — forcing reconnect
[2026-05-31 21:23:22] [warning] phone-bridge: connection closed (code=1000 reason=)
[2026-05-31 21:23:22] [info] phone-bridge: reconnecting in 1s
[2026-05-31 21:23:23] [info] phone-bridge: connected, subscribing to user_registration,user_blf,user_status
[2026-05-31 21:28:53] [warning] phone-bridge: no events for 330s — forcing reconnect
[2026-05-31 21:28:53] [warning] phone-bridge: connection closed (code=1000 reason=)
[2026-05-31 21:28:53] [info] phone-bridge: reconnecting in 1s
[2026-05-31 21:28:55] [info] phone-bridge: connected, subscribing to user_registration,user_blf,user_status
[2026-05-31 21:34:25] [warning] phone-bridge: no events for 330s — forcing reconnect
[2026-05-31 21:34:25] [warning] phone-bridge: connection closed (code=1000 reason=)
[2026-05-31 21:34:25] [info] phone-bridge: reconnecting in 1s
[2026-05-31 21:34:30] [info] phone-bridge: connected, subscribing to user_registration,user_blf,user_status
[2026-05-31 21:40:00] [warning] phone-bridge: no events for 330s — forcing reconnect
[2026-05-31 21:40:00] [warning] phone-bridge: connection closed (code=1000 reason=)
[2026-05-31 21:40:00] [info] phone-bridge: reconnecting in 1s
[2026-05-31 21:40:02] [info] phone-bridge: connected, subscribing to user_registration,user_blf,user_status
[2026-05-31 21:45:32] [warning] phone-bridge: no events for 330s — forcing reconnect
[2026-05-31 21:45:32] [warning] phone-bridge: connection closed (code=1000 reason=)
[2026-05-31 21:45:32] [info] phone-bridge: reconnecting in 1s
[2026-05-31 21:45:33] [info] phone-bridge: connected, subscribing to user_registration,user_blf,user_status
[2026-05-31 21:51:04] [warning] phone-bridge: no events for 330s — forcing reconnect
[2026-05-31 21:51:04] [warning] phone-bridge: connection closed (code=1000 reason=)
[2026-05-31 21:51:04] [info] phone-bridge: reconnecting in 1s
[2026-05-31 21:51:05] [info] phone-bridge: connected, subscribing to user_registration,user_blf,user_status
[2026-05-31 21:56:35] [warning] phone-bridge: no events for 330s — forcing reconnect
[2026-05-31 21:56:35] [warning] phone-bridge: connection closed (code=1000 reason=)
[2026-05-31 21:56:35] [info] phone-bridge: reconnecting in 1s
[2026-05-31 21:56:37] [info] phone-bridge: connected, subscribing to user_registration,user_blf,user_status
[2026-05-31 22:02:07] [warning] phone-bridge: no events for 330s — forcing reconnect
[2026-05-31 22:02:07] [warning] phone-bridge: connection closed (code=1000 reason=)
[2026-05-31 22:02:07] [info] phone-bridge: reconnecting in 1s
[2026-05-31 22:02:08] [info] phone-bridge: connected, subscribing to user_registration,user_blf,user_status
[2026-05-31 22:07:38] [warning] phone-bridge: no events for 330s — forcing reconnect
[2026-05-31 22:07:38] [warning] phone-bridge: connection closed (code=1000 reason=)
[2026-05-31 22:07:38] [info] phone-bridge: reconnecting in 1s
[2026-05-31 22:07:40] [info] phone-bridge: connected, subscribing to user_registration,user_blf,user_status
[2026-05-31 22:13:10] [warning] phone-bridge: no events for 330s — forcing reconnect
[2026-05-31 22:13:10] [warning] phone-bridge: connection closed (code=1000 reason=)
[2026-05-31 22:13:10] [info] phone-bridge: reconnecting in 1s
[2026-05-31 22:13:12] [info] phone-bridge: connected, subscribing to user_registration,user_blf,user_status
[2026-05-31 22:18:42] [warning] phone-bridge: no events for 330s — forcing reconnect
[2026-05-31 22:18:42] [warning] phone-bridge: connection closed (code=1000 reason=)
[2026-05-31 22:18:42] [info] phone-bridge: reconnecting in 1s
[2026-05-31 22:18:43] [info] phone-bridge: connected, subscribing to user_registration,user_blf,user_status
[2026-05-31 22:24:14] [warning] phone-bridge: no events for 330s — forcing reconnect
[2026-05-31 22:24:14] [warning] phone-bridge: connection closed (code=1000 reason=)
[2026-05-31 22:24:14] [info] phone-bridge: reconnecting in 1s
[2026-05-31 22:24:15] [info] phone-bridge: connected, subscribing to user_registration,user_blf,user_status
[2026-05-31 22:29:45] [warning] phone-bridge: no events for 330s — forcing reconnect
[2026-05-31 22:29:45] [warning] phone-bridge: connection closed (code=1000 reason=)
[2026-05-31 22:29:45] [info] phone-bridge: reconnecting in 1s
[2026-05-31 22:29:47] [info] phone-bridge: connected, subscribing to user_registration,user_blf,user_status
[2026-05-31 22:35:17] [warning] phone-bridge: no events for 330s — forcing reconnect
[2026-05-31 22:35:17] [warning] phone-bridge: connection closed (code=1000 reason=)
[2026-05-31 22:35:17] [info] phone-bridge: reconnecting in 1s
[2026-05-31 22:35:19] [info] phone-bridge: connected, subscribing to user_registration,user_blf,user_status
[2026-05-31 22:40:49] [warning] phone-bridge: no events for 330s — forcing reconnect
[2026-05-31 22:40:49] [warning] phone-bridge: connection closed (code=1000 reason=)
[2026-05-31 22:40:49] [info] phone-bridge: reconnecting in 1s
[2026-05-31 22:40:50] [info] phone-bridge: connected, subscribing to user_registration,user_blf,user_status
[2026-05-31 22:46:20] [warning] phone-bridge: no events for 330s — forcing reconnect
[2026-05-31 22:46:20] [warning] phone-bridge: connection closed (code=1000 reason=)
[2026-05-31 22:46:20] [info] phone-bridge: reconnecting in 1s
[2026-05-31 22:46:22] [info] phone-bridge: connected, subscribing to user_registration,user_blf,user_status
[2026-05-31 22:51:52] [warning] phone-bridge: no events for 330s — forcing reconnect
[2026-05-31 22:51:52] [warning] phone-bridge: connection closed (code=1000 reason=)
[2026-05-31 22:51:52] [info] phone-bridge: reconnecting in 1s
[2026-05-31 22:51:54] [info] phone-bridge: connected, subscribing to user_registration,user_blf,user_status
[2026-05-31 22:57:24] [warning] phone-bridge: no events for 330s — forcing reconnect
[2026-05-31 22:57:24] [warning] phone-bridge: connection closed (code=1000 reason=)
[2026-05-31 22:57:24] [info] phone-bridge: reconnecting in 1s
[2026-05-31 22:57:25] [info] phone-bridge: connected, subscribing to user_registration,user_blf,user_status
[2026-05-31 23:02:55] [warning] phone-bridge: no events for 330s — forcing reconnect
[2026-05-31 23:02:55] [warning] phone-bridge: connection closed (code=1000 reason=)
[2026-05-31 23:02:55] [info] phone-bridge: reconnecting in 1s
[2026-05-31 23:02:57] [info] phone-bridge: connected, subscribing to user_registration,user_blf,user_status
[2026-05-31 23:08:27] [warning] phone-bridge: no events for 330s — forcing reconnect
[2026-05-31 23:08:27] [warning] phone-bridge: connection closed (code=1000 reason=)
[2026-05-31 23:08:27] [info] phone-bridge: reconnecting in 1s
[2026-05-31 23:08:28] [info] phone-bridge: connected, subscribing to user_registration,user_blf,user_status
[2026-05-31 23:13:58] [warning] phone-bridge: no events for 330s — forcing reconnect
[2026-05-31 23:13:58] [warning] phone-bridge: connection closed (code=1000 reason=)
[2026-05-31 23:13:58] [info] phone-bridge: reconnecting in 1s
[2026-05-31 23:14:00] [info] phone-bridge: connected, subscribing to user_registration,user_blf,user_status
[2026-05-31 23:19:30] [warning] phone-bridge: no events for 330s — forcing reconnect
[2026-05-31 23:19:30] [warning] phone-bridge: connection closed (code=1000 reason=)
[2026-05-31 23:19:30] [info] phone-bridge: reconnecting in 1s
[2026-05-31 23:19:31] [info] phone-bridge: connected, subscribing to user_registration,user_blf,user_status
[2026-05-31 23:24:32] [warning] phone-bridge: no events for 301s — forcing reconnect
[2026-05-31 23:24:32] [warning] phone-bridge: connection closed (code=1000 reason=)
[2026-05-31 23:24:32] [info] phone-bridge: reconnecting in 1s
[2026-05-31 23:24:33] [info] phone-bridge: connected, subscribing to user_registration,user_blf,user_status
[2026-05-31 23:30:03] [warning] phone-bridge: no events for 330s — forcing reconnect
[2026-05-31 23:30:03] [warning] phone-bridge: connection closed (code=1000 reason=)
[2026-05-31 23:30:03] [info] phone-bridge: reconnecting in 1s
[2026-05-31 23:30:05] [info] phone-bridge: connected, subscribing to user_registration,user_blf,user_status
[2026-05-31 23:35:35] [warning] phone-bridge: no events for 330s — forcing reconnect
[2026-05-31 23:35:35] [warning] phone-bridge: connection closed (code=1000 reason=)
[2026-05-31 23:35:35] [info] phone-bridge: reconnecting in 1s
[2026-05-31 23:35:36] [info] phone-bridge: connected, subscribing to user_registration,user_blf,user_status
[2026-05-31 23:41:06] [warning] phone-bridge: no events for 330s — forcing reconnect
[2026-05-31 23:41:06] [warning] phone-bridge: connection closed (code=1000 reason=)
[2026-05-31 23:41:06] [info] phone-bridge: reconnecting in 1s
[2026-05-31 23:41:08] [info] phone-bridge: connected, subscribing to user_registration,user_blf,user_status
[2026-05-31 23:46:38] [warning] phone-bridge: no events for 330s — forcing reconnect
[2026-05-31 23:46:38] [warning] phone-bridge: connection closed (code=1000 reason=)
[2026-05-31 23:46:38] [info] phone-bridge: reconnecting in 1s
[2026-05-31 23:46:39] [info] phone-bridge: connected, subscribing to user_registration,user_blf,user_status
[2026-05-31 23:52:09] [warning] phone-bridge: no events for 330s — forcing reconnect
[2026-05-31 23:52:09] [warning] phone-bridge: connection closed (code=1000 reason=)
[2026-05-31 23:52:09] [info] phone-bridge: reconnecting in 1s
[2026-05-31 23:52:11] [info] phone-bridge: connected, subscribing to user_registration,user_blf,user_status
[2026-05-31 23:57:41] [warning] phone-bridge: no events for 330s — forcing reconnect
[2026-05-31 23:57:41] [warning] phone-bridge: connection closed (code=1000 reason=)
[2026-05-31 23:57:41] [info] phone-bridge: reconnecting in 1s
[2026-05-31 23:57:42] [info] phone-bridge: connected, subscribing to user_registration,user_blf,user_status
[2026-06-01 00:03:12] [warning] phone-bridge: no events for 330s — forcing reconnect
[2026-06-01 00:03:12] [warning] phone-bridge: connection closed (code=1000 reason=)
[2026-06-01 00:03:12] [info] phone-bridge: reconnecting in 1s
[2026-06-01 00:03:14] [info] phone-bridge: connected, subscribing to user_registration,user_blf,user_status
[2026-06-01 00:08:44] [warning] phone-bridge: no events for 330s — forcing reconnect
[2026-06-01 00:08:44] [warning] phone-bridge: connection closed (code=1000 reason=)
[2026-06-01 00:08:44] [info] phone-bridge: reconnecting in 1s
[2026-06-01 00:08:45] [info] phone-bridge: connected, subscribing to user_registration,user_blf,user_status
[2026-06-01 00:14:15] [warning] phone-bridge: no events for 330s — forcing reconnect
[2026-06-01 00:14:15] [warning] phone-bridge: connection closed (code=1000 reason=)
[2026-06-01 00:14:15] [info] phone-bridge: reconnecting in 1s
[2026-06-01 00:14:17] [info] phone-bridge: connected, subscribing to user_registration,user_blf,user_status
[2026-06-01 00:19:47] [warning] phone-bridge: no events for 330s — forcing reconnect
[2026-06-01 00:19:47] [warning] phone-bridge: connection closed (code=1000 reason=)
[2026-06-01 00:19:47] [info] phone-bridge: reconnecting in 1s
[2026-06-01 00:19:48] [info] phone-bridge: connected, subscribing to user_registration,user_blf,user_status
[2026-06-01 00:25:18] [warning] phone-bridge: no events for 330s — forcing reconnect
[2026-06-01 00:25:18] [warning] phone-bridge: connection closed (code=1000 reason=)
[2026-06-01 00:25:18] [info] phone-bridge: reconnecting in 1s
[2026-06-01 00:25:20] [info] phone-bridge: connected, subscribing to user_registration,user_blf,user_status
[2026-06-01 00:30:50] [warning] phone-bridge: no events for 330s — forcing reconnect
[2026-06-01 00:30:50] [warning] phone-bridge: connection closed (code=1000 reason=)
[2026-06-01 00:30:50] [info] phone-bridge: reconnecting in 1s
[2026-06-01 00:30:51] [info] phone-bridge: connected, subscribing to user_registration,user_blf,user_status
[2026-06-01 00:36:21] [warning] phone-bridge: no events for 330s — forcing reconnect
[2026-06-01 00:36:21] [warning] phone-bridge: connection closed (code=1000 reason=)
[2026-06-01 00:36:21] [info] phone-bridge: reconnecting in 1s
[2026-06-01 00:36:23] [info] phone-bridge: connected, subscribing to user_registration,user_blf,user_status
[2026-06-01 00:41:53] [warning] phone-bridge: no events for 330s — forcing reconnect
[2026-06-01 00:41:53] [warning] phone-bridge: connection closed (code=1000 reason=)
[2026-06-01 00:41:53] [info] phone-bridge: reconnecting in 1s
[2026-06-01 00:41:54] [info] phone-bridge: connected, subscribing to user_registration,user_blf,user_status
[2026-06-01 00:47:24] [warning] phone-bridge: no events for 330s — forcing reconnect
[2026-06-01 00:47:24] [warning] phone-bridge: connection closed (code=1000 reason=)
[2026-06-01 00:47:24] [info] phone-bridge: reconnecting in 1s
[2026-06-01 00:47:26] [info] phone-bridge: connected, subscribing to user_registration,user_blf,user_status
[2026-06-01 00:52:56] [warning] phone-bridge: no events for 330s — forcing reconnect
[2026-06-01 00:52:56] [warning] phone-bridge: connection closed (code=1000 reason=)
[2026-06-01 00:52:56] [info] phone-bridge: reconnecting in 1s
[2026-06-01 00:52:57] [info] phone-bridge: connected, subscribing to user_registration,user_blf,user_status
[2026-06-01 00:58:27] [warning] phone-bridge: no events for 330s — forcing reconnect
[2026-06-01 00:58:27] [warning] phone-bridge: connection closed (code=1000 reason=)
[2026-06-01 00:58:27] [info] phone-bridge: reconnecting in 1s
[2026-06-01 00:58:29] [info] phone-bridge: connected, subscribing to user_registration,user_blf,user_status
[2026-06-01 01:03:59] [warning] phone-bridge: no events for 330s — forcing reconnect
[2026-06-01 01:03:59] [warning] phone-bridge: connection closed (code=1000 reason=)
[2026-06-01 01:03:59] [info] phone-bridge: reconnecting in 1s
[2026-06-01 01:04:00] [info] phone-bridge: connected, subscribing to user_registration,user_blf,user_status
[2026-06-01 01:09:30] [warning] phone-bridge: no events for 330s — forcing reconnect
[2026-06-01 01:09:30] [warning] phone-bridge: connection closed (code=1000 reason=)
[2026-06-01 01:09:30] [info] phone-bridge: reconnecting in 1s
[2026-06-01 01:09:32] [info] phone-bridge: connected, subscribing to user_registration,user_blf,user_status
[2026-06-01 01:15:02] [warning] phone-bridge: no events for 330s — forcing reconnect
[2026-06-01 01:15:02] [warning] phone-bridge: connection closed (code=1000 reason=)
[2026-06-01 01:15:02] [info] phone-bridge: reconnecting in 1s
[2026-06-01 01:15:03] [info] phone-bridge: connected, subscribing to user_registration,user_blf,user_status
[2026-06-01 01:20:33] [warning] phone-bridge: no events for 330s — forcing reconnect
[2026-06-01 01:20:33] [warning] phone-bridge: connection closed (code=1000 reason=)
[2026-06-01 01:20:33] [info] phone-bridge: reconnecting in 1s
[2026-06-01 01:20:35] [info] phone-bridge: connected, subscribing to user_registration,user_blf,user_status
[2026-06-01 01:26:05] [warning] phone-bridge: no events for 330s — forcing reconnect
[2026-06-01 01:26:05] [warning] phone-bridge: connection closed (code=1000 reason=)
[2026-06-01 01:26:05] [info] phone-bridge: reconnecting in 1s
[2026-06-01 01:26:06] [info] phone-bridge: connected, subscribing to user_registration,user_blf,user_status
[2026-06-01 01:31:36] [warning] phone-bridge: no events for 330s — forcing reconnect
[2026-06-01 01:31:36] [warning] phone-bridge: connection closed (code=1000 reason=)
[2026-06-01 01:31:36] [info] phone-bridge: reconnecting in 1s
[2026-06-01 01:31:38] [info] phone-bridge: connected, subscribing to user_registration,user_blf,user_status
[2026-06-01 01:37:08] [warning] phone-bridge: no events for 330s — forcing reconnect
[2026-06-01 01:37:08] [warning] phone-bridge: connection closed (code=1000 reason=)
[2026-06-01 01:37:08] [info] phone-bridge: reconnecting in 1s
[2026-06-01 01:37:09] [info] phone-bridge: connected, subscribing to user_registration,user_blf,user_status
[2026-06-01 01:42:39] [warning] phone-bridge: no events for 330s — forcing reconnect
[2026-06-01 01:42:39] [warning] phone-bridge: connection closed (code=1000 reason=)
[2026-06-01 01:42:39] [info] phone-bridge: reconnecting in 1s
[2026-06-01 01:42:41] [info] phone-bridge: connected, subscribing to user_registration,user_blf,user_status
[2026-06-01 01:48:11] [warning] phone-bridge: no events for 330s — forcing reconnect
[2026-06-01 01:48:11] [warning] phone-bridge: connection closed (code=1000 reason=)
[2026-06-01 01:48:11] [info] phone-bridge: reconnecting in 1s
[2026-06-01 01:48:12] [info] phone-bridge: connected, subscribing to user_registration,user_blf,user_status
[2026-06-01 01:53:42] [warning] phone-bridge: no events for 330s — forcing reconnect
[2026-06-01 01:53:42] [warning] phone-bridge: connection closed (code=1000 reason=)
[2026-06-01 01:53:42] [info] phone-bridge: reconnecting in 1s
[2026-06-01 01:53:44] [info] phone-bridge: connected, subscribing to user_registration,user_blf,user_status
[2026-06-01 01:59:14] [warning] phone-bridge: no events for 330s — forcing reconnect
[2026-06-01 01:59:14] [warning] phone-bridge: connection closed (code=1000 reason=)
[2026-06-01 01:59:14] [info] phone-bridge: reconnecting in 1s
[2026-06-01 01:59:15] [info] phone-bridge: connected, subscribing to user_registration,user_blf,user_status
[2026-06-01 02:04:45] [warning] phone-bridge: no events for 330s — forcing reconnect
[2026-06-01 02:04:45] [warning] phone-bridge: connection closed (code=1000 reason=)
[2026-06-01 02:04:45] [info] phone-bridge: reconnecting in 1s
[2026-06-01 02:04:47] [info] phone-bridge: connected, subscribing to user_registration,user_blf,user_status
[2026-06-01 02:10:17] [warning] phone-bridge: no events for 330s — forcing reconnect
[2026-06-01 02:10:17] [warning] phone-bridge: connection closed (code=1000 reason=)
[2026-06-01 02:10:17] [info] phone-bridge: reconnecting in 1s
[2026-06-01 02:10:18] [info] phone-bridge: connected, subscribing to user_registration,user_blf,user_status
[2026-06-01 02:15:48] [warning] phone-bridge: no events for 330s — forcing reconnect
[2026-06-01 02:15:48] [warning] phone-bridge: connection closed (code=1000 reason=)
[2026-06-01 02:15:48] [info] phone-bridge: reconnecting in 1s
[2026-06-01 02:15:50] [info] phone-bridge: connected, subscribing to user_registration,user_blf,user_status
[2026-06-01 02:21:20] [warning] phone-bridge: no events for 330s — forcing reconnect
[2026-06-01 02:21:20] [warning] phone-bridge: connection closed (code=1000 reason=)
[2026-06-01 02:21:20] [info] phone-bridge: reconnecting in 1s
[2026-06-01 02:21:21] [info] phone-bridge: connected, subscribing to user_registration,user_blf,user_status
[2026-06-01 02:26:51] [warning] phone-bridge: no events for 330s — forcing reconnect
[2026-06-01 02:26:51] [warning] phone-bridge: connection closed (code=1000 reason=)
[2026-06-01 02:26:51] [info] phone-bridge: reconnecting in 1s
[2026-06-01 02:26:53] [info] phone-bridge: connected, subscribing to user_registration,user_blf,user_status
[2026-06-01 02:32:23] [warning] phone-bridge: no events for 330s — forcing reconnect
[2026-06-01 02:32:23] [warning] phone-bridge: connection closed (code=1000 reason=)
[2026-06-01 02:32:23] [info] phone-bridge: reconnecting in 1s
[2026-06-01 02:32:24] [info] phone-bridge: connected, subscribing to user_registration,user_blf,user_status
[2026-06-01 02:37:54] [warning] phone-bridge: no events for 330s — forcing reconnect
[2026-06-01 02:37:54] [warning] phone-bridge: connection closed (code=1000 reason=)
[2026-06-01 02:37:54] [info] phone-bridge: reconnecting in 1s
[2026-06-01 02:37:56] [info] phone-bridge: connected, subscribing to user_registration,user_blf,user_status
[2026-06-01 02:43:26] [warning] phone-bridge: no events for 330s — forcing reconnect
[2026-06-01 02:43:26] [warning] phone-bridge: connection closed (code=1000 reason=)
[2026-06-01 02:43:26] [info] phone-bridge: reconnecting in 1s
[2026-06-01 02:43:27] [info] phone-bridge: connected, subscribing to user_registration,user_blf,user_status
[2026-06-01 02:48:57] [warning] phone-bridge: no events for 330s — forcing reconnect
[2026-06-01 02:48:57] [warning] phone-bridge: connection closed (code=1000 reason=)
[2026-06-01 02:48:57] [info] phone-bridge: reconnecting in 1s
[2026-06-01 02:48:59] [info] phone-bridge: connected, subscribing to user_registration,user_blf,user_status
[2026-06-01 02:54:29] [warning] phone-bridge: no events for 330s — forcing reconnect
[2026-06-01 02:54:29] [warning] phone-bridge: connection closed (code=1000 reason=)
[2026-06-01 02:54:29] [info] phone-bridge: reconnecting in 1s
[2026-06-01 02:54:30] [info] phone-bridge: connected, subscribing to user_registration,user_blf,user_status
[2026-06-01 03:00:00] [warning] phone-bridge: no events for 330s — forcing reconnect
[2026-06-01 03:00:00] [warning] phone-bridge: connection closed (code=1000 reason=)
[2026-06-01 03:00:00] [info] phone-bridge: reconnecting in 1s
[2026-06-01 03:00:02] [info] phone-bridge: connected, subscribing to user_registration,user_blf,user_status
[2026-06-01 03:05:32] [warning] phone-bridge: no events for 330s — forcing reconnect
[2026-06-01 03:05:32] [warning] phone-bridge: connection closed (code=1000 reason=)
[2026-06-01 03:05:32] [info] phone-bridge: reconnecting in 1s
[2026-06-01 03:05:33] [info] phone-bridge: connected, subscribing to user_registration,user_blf,user_status
[2026-06-01 03:11:03] [warning] phone-bridge: no events for 330s — forcing reconnect
[2026-06-01 03:11:03] [warning] phone-bridge: connection closed (code=1000 reason=)
[2026-06-01 03:11:03] [info] phone-bridge: reconnecting in 1s
[2026-06-01 03:11:05] [info] phone-bridge: connected, subscribing to user_registration,user_blf,user_status
[2026-06-01 03:16:35] [warning] phone-bridge: no events for 330s — forcing reconnect
[2026-06-01 03:16:35] [warning] phone-bridge: connection closed (code=1000 reason=)
[2026-06-01 03:16:35] [info] phone-bridge: reconnecting in 1s
[2026-06-01 03:16:36] [info] phone-bridge: connected, subscribing to user_registration,user_blf,user_status
[2026-06-01 03:22:06] [warning] phone-bridge: no events for 330s — forcing reconnect
[2026-06-01 03:22:06] [warning] phone-bridge: connection closed (code=1000 reason=)
[2026-06-01 03:22:06] [info] phone-bridge: reconnecting in 1s
[2026-06-01 03:22:08] [info] phone-bridge: connected, subscribing to user_registration,user_blf,user_status
[2026-06-01 03:27:38] [warning] phone-bridge: no events for 330s — forcing reconnect
[2026-06-01 03:27:38] [warning] phone-bridge: connection closed (code=1000 reason=)
[2026-06-01 03:27:38] [info] phone-bridge: reconnecting in 1s
[2026-06-01 03:27:39] [info] phone-bridge: connected, subscribing to user_registration,user_blf,user_status
[2026-06-01 03:33:09] [warning] phone-bridge: no events for 330s — forcing reconnect
[2026-06-01 03:33:09] [warning] phone-bridge: connection closed (code=1000 reason=)
[2026-06-01 03:33:09] [info] phone-bridge: reconnecting in 1s
[2026-06-01 03:33:11] [info] phone-bridge: connected, subscribing to user_registration,user_blf,user_status
[2026-06-01 03:38:41] [warning] phone-bridge: no events for 330s — forcing reconnect
[2026-06-01 03:38:41] [warning] phone-bridge: connection closed (code=1000 reason=)
[2026-06-01 03:38:41] [info] phone-bridge: reconnecting in 1s
[2026-06-01 03:38:42] [info] phone-bridge: connected, subscribing to user_registration,user_blf,user_status
[2026-06-01 03:44:13] [warning] phone-bridge: no events for 330s — forcing reconnect
[2026-06-01 03:44:13] [warning] phone-bridge: connection closed (code=1000 reason=)
[2026-06-01 03:44:13] [info] phone-bridge: reconnecting in 1s
[2026-06-01 03:44:14] [info] phone-bridge: connected, subscribing to user_registration,user_blf,user_status
[2026-06-01 03:49:44] [warning] phone-bridge: no events for 330s — forcing reconnect
[2026-06-01 03:49:44] [warning] phone-bridge: connection closed (code=1000 reason=)
[2026-06-01 03:49:44] [info] phone-bridge: reconnecting in 1s
[2026-06-01 03:49:45] [info] phone-bridge: connected, subscribing to user_registration,user_blf,user_status
[2026-06-01 03:55:16] [warning] phone-bridge: no events for 330s — forcing reconnect
[2026-06-01 03:55:16] [warning] phone-bridge: connection closed (code=1000 reason=)
[2026-06-01 03:55:16] [info] phone-bridge: reconnecting in 1s
[2026-06-01 03:55:17] [info] phone-bridge: connected, subscribing to user_registration,user_blf,user_status
[2026-06-01 04:00:47] [warning] phone-bridge: no events for 330s — forcing reconnect
[2026-06-01 04:00:47] [warning] phone-bridge: connection closed (code=1000 reason=)
[2026-06-01 04:00:47] [info] phone-bridge: reconnecting in 1s
[2026-06-01 04:00:48] [info] phone-bridge: connected, subscribing to user_registration,user_blf,user_status
[2026-06-01 04:06:18] [warning] phone-bridge: no events for 330s — forcing reconnect
[2026-06-01 04:06:18] [warning] phone-bridge: connection closed (code=1000 reason=)
[2026-06-01 04:06:18] [info] phone-bridge: reconnecting in 1s
[2026-06-01 04:06:20] [info] phone-bridge: connected, subscribing to user_registration,user_blf,user_status
[2026-06-01 04:11:50] [warning] phone-bridge: no events for 330s — forcing reconnect
[2026-06-01 04:11:50] [warning] phone-bridge: connection closed (code=1000 reason=)
[2026-06-01 04:11:50] [info] phone-bridge: reconnecting in 1s
[2026-06-01 04:11:51] [info] phone-bridge: connected, subscribing to user_registration,user_blf,user_status
[2026-06-01 04:17:22] [warning] phone-bridge: no events for 330s — forcing reconnect
[2026-06-01 04:17:22] [warning] phone-bridge: connection closed (code=1000 reason=)
[2026-06-01 04:17:22] [info] phone-bridge: reconnecting in 1s
[2026-06-01 04:17:23] [info] phone-bridge: connected, subscribing to user_registration,user_blf,user_status
[2026-06-01 04:22:53] [warning] phone-bridge: no events for 330s — forcing reconnect
[2026-06-01 04:22:53] [warning] phone-bridge: connection closed (code=1000 reason=)
[2026-06-01 04:22:53] [info] phone-bridge: reconnecting in 1s
[2026-06-01 04:22:55] [info] phone-bridge: connected, subscribing to user_registration,user_blf,user_status
[2026-06-01 04:28:25] [warning] phone-bridge: no events for 330s — forcing reconnect
[2026-06-01 04:28:25] [warning] phone-bridge: connection closed (code=1000 reason=)
[2026-06-01 04:28:25] [info] phone-bridge: reconnecting in 1s
[2026-06-01 04:28:26] [info] phone-bridge: connected, subscribing to user_registration,user_blf,user_status
[2026-06-01 04:33:56] [warning] phone-bridge: no events for 330s — forcing reconnect
[2026-06-01 04:33:56] [warning] phone-bridge: connection closed (code=1000 reason=)
[2026-06-01 04:33:56] [info] phone-bridge: reconnecting in 1s
[2026-06-01 04:33:58] [info] phone-bridge: connected, subscribing to user_registration,user_blf,user_status
[2026-06-01 04:39:28] [warning] phone-bridge: no events for 330s — forcing reconnect
[2026-06-01 04:39:28] [warning] phone-bridge: connection closed (code=1000 reason=)
[2026-06-01 04:39:28] [info] phone-bridge: reconnecting in 1s
[2026-06-01 04:39:29] [info] phone-bridge: connected, subscribing to user_registration,user_blf,user_status
[2026-06-01 04:44:59] [warning] phone-bridge: no events for 330s — forcing reconnect
[2026-06-01 04:44:59] [warning] phone-bridge: connection closed (code=1000 reason=)
[2026-06-01 04:44:59] [info] phone-bridge: reconnecting in 1s
[2026-06-01 04:45:01] [info] phone-bridge: connected, subscribing to user_registration,user_blf,user_status
[2026-06-01 04:50:31] [warning] phone-bridge: no events for 330s — forcing reconnect
[2026-06-01 04:50:31] [warning] phone-bridge: connection closed (code=1000 reason=)
[2026-06-01 04:50:31] [info] phone-bridge: reconnecting in 1s
[2026-06-01 04:50:32] [info] phone-bridge: connected, subscribing to user_registration,user_blf,user_status
[2026-06-01 04:56:02] [warning] phone-bridge: no events for 330s — forcing reconnect
[2026-06-01 04:56:02] [warning] phone-bridge: connection closed (code=1000 reason=)
[2026-06-01 04:56:02] [info] phone-bridge: reconnecting in 1s
[2026-06-01 04:56:03] [info] phone-bridge: connected, subscribing to user_registration,user_blf,user_status
[2026-06-01 05:01:33] [warning] phone-bridge: no events for 330s — forcing reconnect
[2026-06-01 05:01:33] [warning] phone-bridge: connection closed (code=1000 reason=)
[2026-06-01 05:01:33] [info] phone-bridge: reconnecting in 1s
[2026-06-01 05:01:35] [info] phone-bridge: connected, subscribing to user_registration,user_blf,user_status
[2026-06-01 05:07:05] [warning] phone-bridge: no events for 330s — forcing reconnect
[2026-06-01 05:07:05] [warning] phone-bridge: connection closed (code=1000 reason=)
[2026-06-01 05:07:05] [info] phone-bridge: reconnecting in 1s
[2026-06-01 05:07:06] [info] phone-bridge: connected, subscribing to user_registration,user_blf,user_status
[2026-06-01 05:12:36] [warning] phone-bridge: no events for 330s — forcing reconnect
[2026-06-01 05:12:36] [warning] phone-bridge: connection closed (code=1000 reason=)
[2026-06-01 05:12:36] [info] phone-bridge: reconnecting in 1s
[2026-06-01 05:12:38] [info] phone-bridge: connected, subscribing to user_registration,user_blf,user_status
[2026-06-01 05:18:08] [warning] phone-bridge: no events for 330s — forcing reconnect
[2026-06-01 05:18:08] [warning] phone-bridge: connection closed (code=1000 reason=)
[2026-06-01 05:18:08] [info] phone-bridge: reconnecting in 1s
[2026-06-01 05:18:09] [info] phone-bridge: connected, subscribing to user_registration,user_blf,user_status
[2026-06-01 05:23:39] [warning] phone-bridge: no events for 330s — forcing reconnect
[2026-06-01 05:23:39] [warning] phone-bridge: connection closed (code=1000 reason=)
[2026-06-01 05:23:39] [info] phone-bridge: reconnecting in 1s
[2026-06-01 05:23:41] [info] phone-bridge: connected, subscribing to user_registration,user_blf,user_status
[2026-06-01 05:29:11] [warning] phone-bridge: no events for 330s — forcing reconnect
[2026-06-01 05:29:11] [warning] phone-bridge: connection closed (code=1000 reason=)
[2026-06-01 05:29:11] [info] phone-bridge: reconnecting in 1s
[2026-06-01 05:29:14] [info] phone-bridge: connected, subscribing to user_registration,user_blf,user_status
[2026-06-01 05:34:44] [warning] phone-bridge: no events for 330s — forcing reconnect
[2026-06-01 05:34:44] [warning] phone-bridge: connection closed (code=1000 reason=)
[2026-06-01 05:34:44] [info] phone-bridge: reconnecting in 1s
[2026-06-01 05:34:45] [info] phone-bridge: connected, subscribing to user_registration,user_blf,user_status
[2026-06-01 05:40:15] [warning] phone-bridge: no events for 329s — forcing reconnect
[2026-06-01 05:40:15] [warning] phone-bridge: connection closed (code=1000 reason=)
[2026-06-01 05:40:15] [info] phone-bridge: reconnecting in 1s
[2026-06-01 05:40:17] [info] phone-bridge: connected, subscribing to user_registration,user_blf,user_status
[2026-06-01 05:45:47] [warning] phone-bridge: no events for 330s — forcing reconnect
[2026-06-01 05:45:47] [warning] phone-bridge: connection closed (code=1000 reason=)
[2026-06-01 05:45:47] [info] phone-bridge: reconnecting in 1s
[2026-06-01 05:45:49] [info] phone-bridge: connected, subscribing to user_registration,user_blf,user_status
[2026-06-01 05:51:19] [warning] phone-bridge: no events for 330s — forcing reconnect
[2026-06-01 05:51:19] [warning] phone-bridge: connection closed (code=1000 reason=)
[2026-06-01 05:51:19] [info] phone-bridge: reconnecting in 1s
[2026-06-01 05:51:20] [info] phone-bridge: connected, subscribing to user_registration,user_blf,user_status
[2026-06-01 05:56:50] [warning] phone-bridge: no events for 330s — forcing reconnect
[2026-06-01 05:56:50] [warning] phone-bridge: connection closed (code=1000 reason=)
[2026-06-01 05:56:50] [info] phone-bridge: reconnecting in 1s
[2026-06-01 05:56:52] [info] phone-bridge: connected, subscribing to user_registration,user_blf,user_status
[2026-06-01 06:02:22] [warning] phone-bridge: no events for 330s — forcing reconnect
[2026-06-01 06:02:22] [warning] phone-bridge: connection closed (code=1000 reason=)
[2026-06-01 06:02:22] [info] phone-bridge: reconnecting in 1s
[2026-06-01 06:02:23] [info] phone-bridge: connected, subscribing to user_registration,user_blf,user_status
[2026-06-01 06:07:53] [warning] phone-bridge: no events for 330s — forcing reconnect
[2026-06-01 06:07:53] [warning] phone-bridge: connection closed (code=1000 reason=)
[2026-06-01 06:07:53] [info] phone-bridge: reconnecting in 1s
[2026-06-01 06:07:55] [info] phone-bridge: connected, subscribing to user_registration,user_blf,user_status
[2026-06-01 06:13:25] [warning] phone-bridge: no events for 330s — forcing reconnect
[2026-06-01 06:13:25] [warning] phone-bridge: connection closed (code=1000 reason=)
[2026-06-01 06:13:25] [info] phone-bridge: reconnecting in 1s
[2026-06-01 06:13:26] [info] phone-bridge: connected, subscribing to user_registration,user_blf,user_status
[2026-06-01 06:18:56] [warning] phone-bridge: no events for 330s — forcing reconnect
[2026-06-01 06:18:56] [warning] phone-bridge: connection closed (code=1000 reason=)
[2026-06-01 06:18:56] [info] phone-bridge: reconnecting in 1s
[2026-06-01 06:18:58] [info] phone-bridge: connected, subscribing to user_registration,user_blf,user_status
[2026-06-01 06:24:28] [warning] phone-bridge: no events for 330s — forcing reconnect
[2026-06-01 06:24:28] [warning] phone-bridge: connection closed (code=1000 reason=)
[2026-06-01 06:24:28] [info] phone-bridge: reconnecting in 1s
[2026-06-01 06:24:29] [info] phone-bridge: connected, subscribing to user_registration,user_blf,user_status
[2026-06-01 06:29:59] [warning] phone-bridge: no events for 330s — forcing reconnect
[2026-06-01 06:29:59] [warning] phone-bridge: connection closed (code=1000 reason=)
[2026-06-01 06:29:59] [info] phone-bridge: reconnecting in 1s
[2026-06-01 06:30:01] [info] phone-bridge: connected, subscribing to user_registration,user_blf,user_status
[2026-06-01 06:35:31] [warning] phone-bridge: no events for 330s — forcing reconnect
[2026-06-01 06:35:31] [warning] phone-bridge: connection closed (code=1000 reason=)
[2026-06-01 06:35:31] [info] phone-bridge: reconnecting in 1s
[2026-06-01 06:35:32] [info] phone-bridge: connected, subscribing to user_registration,user_blf,user_status
[2026-06-01 06:41:02] [warning] phone-bridge: no events for 330s — forcing reconnect
[2026-06-01 06:41:02] [warning] phone-bridge: connection closed (code=1000 reason=)
[2026-06-01 06:41:02] [info] phone-bridge: reconnecting in 1s
[2026-06-01 06:41:04] [info] phone-bridge: connected, subscribing to user_registration,user_blf,user_status
[2026-06-01 06:46:34] [warning] phone-bridge: no events for 330s — forcing reconnect
[2026-06-01 06:46:34] [warning] phone-bridge: connection closed (code=1000 reason=)
[2026-06-01 06:46:34] [info] phone-bridge: reconnecting in 1s
[2026-06-01 06:46:35] [info] phone-bridge: connected, subscribing to user_registration,user_blf,user_status
[2026-06-01 06:52:05] [warning] phone-bridge: no events for 330s — forcing reconnect
[2026-06-01 06:52:05] [warning] phone-bridge: connection closed (code=1000 reason=)
[2026-06-01 06:52:05] [info] phone-bridge: reconnecting in 1s
[2026-06-01 06:52:07] [info] phone-bridge: connected, subscribing to user_registration,user_blf,user_status
[2026-06-01 06:57:37] [warning] phone-bridge: no events for 330s — forcing reconnect
[2026-06-01 06:57:37] [warning] phone-bridge: connection closed (code=1000 reason=)
[2026-06-01 06:57:37] [info] phone-bridge: reconnecting in 1s
[2026-06-01 06:57:38] [info] phone-bridge: connected, subscribing to user_registration,user_blf,user_status
[2026-06-01 07:03:08] [warning] phone-bridge: no events for 330s — forcing reconnect
[2026-06-01 07:03:08] [warning] phone-bridge: connection closed (code=1000 reason=)
[2026-06-01 07:03:08] [info] phone-bridge: reconnecting in 1s
[2026-06-01 07:03:10] [info] phone-bridge: connected, subscribing to user_registration,user_blf,user_status
[2026-06-01 07:08:40] [warning] phone-bridge: no events for 330s — forcing reconnect
[2026-06-01 07:08:40] [warning] phone-bridge: connection closed (code=1000 reason=)
[2026-06-01 07:08:40] [info] phone-bridge: reconnecting in 1s
[2026-06-01 07:08:41] [info] phone-bridge: connected, subscribing to user_registration,user_blf,user_status
[2026-06-01 07:14:11] [warning] phone-bridge: no events for 330s — forcing reconnect
[2026-06-01 07:14:11] [warning] phone-bridge: connection closed (code=1000 reason=)
[2026-06-01 07:14:11] [info] phone-bridge: reconnecting in 1s
[2026-06-01 07:14:13] [info] phone-bridge: connected, subscribing to user_registration,user_blf,user_status
[2026-06-01 07:19:43] [warning] phone-bridge: no events for 330s — forcing reconnect
[2026-06-01 07:19:43] [warning] phone-bridge: connection closed (code=1000 reason=)
[2026-06-01 07:19:43] [info] phone-bridge: reconnecting in 1s
[2026-06-01 07:19:44] [info] phone-bridge: connected, subscribing to user_registration,user_blf,user_status
[2026-06-01 07:25:14] [warning] phone-bridge: no events for 330s — forcing reconnect
[2026-06-01 07:25:14] [warning] phone-bridge: connection closed (code=1000 reason=)
[2026-06-01 07:25:14] [info] phone-bridge: reconnecting in 1s
[2026-06-01 07:25:16] [info] phone-bridge: connected, subscribing to user_registration,user_blf,user_status
[2026-06-01 07:30:46] [warning] phone-bridge: no events for 330s — forcing reconnect
[2026-06-01 07:30:46] [warning] phone-bridge: connection closed (code=1000 reason=)
[2026-06-01 07:30:46] [info] phone-bridge: reconnecting in 1s
[2026-06-01 07:30:47] [info] phone-bridge: connected, subscribing to user_registration,user_blf,user_status
[2026-06-01 07:36:17] [warning] phone-bridge: no events for 330s — forcing reconnect
[2026-06-01 07:36:17] [warning] phone-bridge: connection closed (code=1000 reason=)
[2026-06-01 07:36:17] [info] phone-bridge: reconnecting in 1s
[2026-06-01 07:36:19] [info] phone-bridge: connected, subscribing to user_registration,user_blf,user_status
[2026-06-01 22:30:24] [warning] phone-bridge: no events for 306s — forcing reconnect
[2026-06-01 22:30:24] [warning] phone-bridge: connection closed (code=1000 reason=)
[2026-06-01 22:30:24] [info] phone-bridge: reconnecting in 1s
[2026-06-01 22:30:25] [info] phone-bridge: connected, subscribing to user_registration,user_blf,user_status
[2026-06-01 22:35:55] [warning] phone-bridge: no events for 330s — forcing reconnect
[2026-06-01 22:35:55] [warning] phone-bridge: connection closed (code=1000 reason=)
[2026-06-01 22:35:55] [info] phone-bridge: reconnecting in 1s
[2026-06-01 22:35:57] [info] phone-bridge: connected, subscribing to user_registration,user_blf,user_status
[2026-06-01 22:41:27] [warning] phone-bridge: no events for 330s — forcing reconnect
[2026-06-01 22:41:27] [warning] phone-bridge: connection closed (code=1000 reason=)
[2026-06-01 22:41:27] [info] phone-bridge: reconnecting in 1s
[2026-06-01 22:41:28] [info] phone-bridge: connected, subscribing to user_registration,user_blf,user_status
[2026-06-01 22:46:58] [warning] phone-bridge: no events for 330s — forcing reconnect
[2026-06-01 22:46:58] [warning] phone-bridge: connection closed (code=1000 reason=)
[2026-06-01 22:46:58] [info] phone-bridge: reconnecting in 1s
[2026-06-01 22:47:00] [info] phone-bridge: connected, subscribing to user_registration,user_blf,user_status
[2026-06-01 22:52:30] [warning] phone-bridge: no events for 330s — forcing reconnect
[2026-06-01 22:52:30] [warning] phone-bridge: connection closed (code=1000 reason=)
[2026-06-01 22:52:30] [info] phone-bridge: reconnecting in 1s
[2026-06-01 22:52:31] [info] phone-bridge: connected, subscribing to user_registration,user_blf,user_status
[2026-06-01 22:58:01] [warning] phone-bridge: no events for 330s — forcing reconnect
[2026-06-01 22:58:01] [warning] phone-bridge: connection closed (code=1000 reason=)
[2026-06-01 22:58:01] [info] phone-bridge: reconnecting in 1s
[2026-06-01 22:58:03] [info] phone-bridge: connected, subscribing to user_registration,user_blf,user_status
[2026-06-01 23:03:33] [warning] phone-bridge: no events for 330s — forcing reconnect
[2026-06-01 23:03:33] [warning] phone-bridge: connection closed (code=1000 reason=)
[2026-06-01 23:03:33] [info] phone-bridge: reconnecting in 1s
[2026-06-01 23:03:34] [info] phone-bridge: connected, subscribing to user_registration,user_blf,user_status
[2026-06-01 23:09:04] [warning] phone-bridge: no events for 330s — forcing reconnect
[2026-06-01 23:09:04] [warning] phone-bridge: connection closed (code=1000 reason=)
[2026-06-01 23:09:04] [info] phone-bridge: reconnecting in 1s
[2026-06-01 23:09:06] [info] phone-bridge: connected, subscribing to user_registration,user_blf,user_status
[2026-06-01 23:14:36] [warning] phone-bridge: no events for 330s — forcing reconnect
[2026-06-01 23:14:36] [warning] phone-bridge: connection closed (code=1000 reason=)
[2026-06-01 23:14:36] [info] phone-bridge: reconnecting in 1s
[2026-06-01 23:14:37] [info] phone-bridge: connected, subscribing to user_registration,user_blf,user_status
[2026-06-01 23:20:07] [warning] phone-bridge: no events for 330s — forcing reconnect
[2026-06-01 23:20:07] [warning] phone-bridge: connection closed (code=1000 reason=)
[2026-06-01 23:20:07] [info] phone-bridge: reconnecting in 1s
[2026-06-01 23:20:09] [info] phone-bridge: connected, subscribing to user_registration,user_blf,user_status
[2026-06-01 23:25:39] [warning] phone-bridge: no events for 330s — forcing reconnect
[2026-06-01 23:25:39] [warning] phone-bridge: connection closed (code=1000 reason=)
[2026-06-01 23:25:39] [info] phone-bridge: reconnecting in 1s
[2026-06-01 23:25:41] [info] phone-bridge: connected, subscribing to user_registration,user_blf,user_status
[2026-06-01 23:31:11] [warning] phone-bridge: no events for 330s — forcing reconnect
[2026-06-01 23:31:11] [warning] phone-bridge: connection closed (code=1000 reason=)
[2026-06-01 23:31:11] [info] phone-bridge: reconnecting in 1s
[2026-06-01 23:31:12] [info] phone-bridge: connected, subscribing to user_registration,user_blf,user_status
[2026-06-01 23:36:42] [warning] phone-bridge: no events for 330s — forcing reconnect
[2026-06-01 23:36:42] [warning] phone-bridge: connection closed (code=1000 reason=)
[2026-06-01 23:36:42] [info] phone-bridge: reconnecting in 1s
[2026-06-01 23:36:44] [info] phone-bridge: connected, subscribing to user_registration,user_blf,user_status
[2026-06-01 23:42:14] [warning] phone-bridge: no events for 330s — forcing reconnect
[2026-06-01 23:42:14] [warning] phone-bridge: connection closed (code=1000 reason=)
[2026-06-01 23:42:14] [info] phone-bridge: reconnecting in 1s
[2026-06-01 23:42:15] [info] phone-bridge: connected, subscribing to user_registration,user_blf,user_status
[2026-06-01 23:47:45] [warning] phone-bridge: no events for 330s — forcing reconnect
[2026-06-01 23:47:45] [warning] phone-bridge: connection closed (code=1000 reason=)
[2026-06-01 23:47:45] [info] phone-bridge: reconnecting in 1s
[2026-06-01 23:47:47] [info] phone-bridge: connected, subscribing to user_registration,user_blf,user_status
[2026-06-01 23:53:17] [warning] phone-bridge: no events for 330s — forcing reconnect
[2026-06-01 23:53:17] [warning] phone-bridge: connection closed (code=1000 reason=)
[2026-06-01 23:53:17] [info] phone-bridge: reconnecting in 1s
[2026-06-01 23:53:18] [info] phone-bridge: connected, subscribing to user_registration,user_blf,user_status
[2026-06-01 23:58:48] [warning] phone-bridge: no events for 330s — forcing reconnect
[2026-06-01 23:58:48] [warning] phone-bridge: connection closed (code=1000 reason=)
[2026-06-01 23:58:48] [info] phone-bridge: reconnecting in 1s
[2026-06-01 23:58:50] [info] phone-bridge: connected, subscribing to user_registration,user_blf,user_status
[2026-06-02 00:04:20] [warning] phone-bridge: no events for 330s — forcing reconnect
[2026-06-02 00:04:20] [warning] phone-bridge: connection closed (code=1000 reason=)
[2026-06-02 00:04:20] [info] phone-bridge: reconnecting in 1s
[2026-06-02 00:04:21] [info] phone-bridge: connected, subscribing to user_registration,user_blf,user_status
[2026-06-02 00:09:51] [warning] phone-bridge: no events for 330s — forcing reconnect
[2026-06-02 00:09:51] [warning] phone-bridge: connection closed (code=1000 reason=)
[2026-06-02 00:09:51] [info] phone-bridge: reconnecting in 1s
[2026-06-02 00:09:52] [info] phone-bridge: connected, subscribing to user_registration,user_blf,user_status
[2026-06-02 00:15:22] [warning] phone-bridge: no events for 330s — forcing reconnect
[2026-06-02 00:15:22] [warning] phone-bridge: connection closed (code=1000 reason=)
[2026-06-02 00:15:22] [info] phone-bridge: reconnecting in 1s
[2026-06-02 00:15:24] [info] phone-bridge: connected, subscribing to user_registration,user_blf,user_status
[2026-06-02 00:22:54] [warning] phone-bridge: no events for 307s — forcing reconnect
[2026-06-02 00:22:54] [warning] phone-bridge: connection closed (code=1000 reason=)
[2026-06-02 00:22:54] [info] phone-bridge: reconnecting in 1s
[2026-06-02 00:22:55] [info] phone-bridge: connected, subscribing to user_registration,user_blf,user_status
[2026-06-02 00:28:25] [warning] phone-bridge: no events for 330s — forcing reconnect
[2026-06-02 00:28:25] [warning] phone-bridge: connection closed (code=1000 reason=)
[2026-06-02 00:28:25] [info] phone-bridge: reconnecting in 1s
[2026-06-02 00:28:27] [info] phone-bridge: connected, subscribing to user_registration,user_blf,user_status
[2026-06-02 00:33:57] [warning] phone-bridge: no events for 330s — forcing reconnect
[2026-06-02 00:33:57] [warning] phone-bridge: connection closed (code=1000 reason=)
[2026-06-02 00:33:57] [info] phone-bridge: reconnecting in 1s
[2026-06-02 00:33:58] [info] phone-bridge: connected, subscribing to user_registration,user_blf,user_status
[2026-06-02 00:39:28] [warning] phone-bridge: no events for 330s — forcing reconnect
[2026-06-02 00:39:28] [warning] phone-bridge: connection closed (code=1000 reason=)
[2026-06-02 00:39:28] [info] phone-bridge: reconnecting in 1s
[2026-06-02 00:39:30] [info] phone-bridge: connected, subscribing to user_registration,user_blf,user_status
[2026-06-02 00:45:00] [warning] phone-bridge: no events for 330s — forcing reconnect
[2026-06-02 00:45:00] [warning] phone-bridge: connection closed (code=1000 reason=)
[2026-06-02 00:45:00] [info] phone-bridge: reconnecting in 1s
[2026-06-02 00:45:02] [info] phone-bridge: connected, subscribing to user_registration,user_blf,user_status
[2026-06-02 00:50:32] [warning] phone-bridge: no events for 330s — forcing reconnect
[2026-06-02 00:50:32] [warning] phone-bridge: connection closed (code=1000 reason=)
[2026-06-02 00:50:32] [info] phone-bridge: reconnecting in 1s
[2026-06-02 00:50:33] [info] phone-bridge: connected, subscribing to user_registration,user_blf,user_status
[2026-06-02 00:56:03] [warning] phone-bridge: no events for 330s — forcing reconnect
[2026-06-02 00:56:03] [warning] phone-bridge: connection closed (code=1000 reason=)
[2026-06-02 00:56:03] [info] phone-bridge: reconnecting in 1s
[2026-06-02 00:56:05] [info] phone-bridge: connected, subscribing to user_registration,user_blf,user_status
[2026-06-02 01:01:35] [warning] phone-bridge: no events for 330s — forcing reconnect
[2026-06-02 01:01:35] [warning] phone-bridge: connection closed (code=1000 reason=)
[2026-06-02 01:01:35] [info] phone-bridge: reconnecting in 1s
[2026-06-02 01:01:36] [info] phone-bridge: connected, subscribing to user_registration,user_blf,user_status
[2026-06-02 01:07:06] [warning] phone-bridge: no events for 330s — forcing reconnect
[2026-06-02 01:07:06] [warning] phone-bridge: connection closed (code=1000 reason=)
[2026-06-02 01:07:06] [info] phone-bridge: reconnecting in 1s
[2026-06-02 01:07:08] [info] phone-bridge: connected, subscribing to user_registration,user_blf,user_status
[2026-06-02 01:12:38] [warning] phone-bridge: no events for 330s — forcing reconnect
[2026-06-02 01:12:38] [warning] phone-bridge: connection closed (code=1000 reason=)
[2026-06-02 01:12:38] [info] phone-bridge: reconnecting in 1s
[2026-06-02 01:12:39] [info] phone-bridge: connected, subscribing to user_registration,user_blf,user_status
[2026-06-02 01:18:09] [warning] phone-bridge: no events for 330s — forcing reconnect
[2026-06-02 01:18:09] [warning] phone-bridge: connection closed (code=1000 reason=)
[2026-06-02 01:18:09] [info] phone-bridge: reconnecting in 1s
[2026-06-02 01:18:11] [info] phone-bridge: connected, subscribing to user_registration,user_blf,user_status
[2026-06-02 01:23:41] [warning] phone-bridge: no events for 330s — forcing reconnect
[2026-06-02 01:23:41] [warning] phone-bridge: connection closed (code=1000 reason=)
[2026-06-02 01:23:41] [info] phone-bridge: reconnecting in 1s
[2026-06-02 01:23:42] [info] phone-bridge: connected, subscribing to user_registration,user_blf,user_status
[2026-06-02 01:29:12] [warning] phone-bridge: no events for 330s — forcing reconnect
[2026-06-02 01:29:12] [warning] phone-bridge: connection closed (code=1000 reason=)
[2026-06-02 01:29:12] [info] phone-bridge: reconnecting in 1s
[2026-06-02 01:29:14] [info] phone-bridge: connected, subscribing to user_registration,user_blf,user_status
[2026-06-02 01:34:44] [warning] phone-bridge: no events for 330s — forcing reconnect
[2026-06-02 01:34:44] [warning] phone-bridge: connection closed (code=1000 reason=)
[2026-06-02 01:34:44] [info] phone-bridge: reconnecting in 1s
[2026-06-02 01:34:45] [info] phone-bridge: connected, subscribing to user_registration,user_blf,user_status
[2026-06-02 01:40:15] [warning] phone-bridge: no events for 330s — forcing reconnect
[2026-06-02 01:40:15] [warning] phone-bridge: connection closed (code=1000 reason=)
[2026-06-02 01:40:15] [info] phone-bridge: reconnecting in 1s
[2026-06-02 01:40:17] [info] phone-bridge: connected, subscribing to user_registration,user_blf,user_status
[2026-06-02 01:45:47] [warning] phone-bridge: no events for 330s — forcing reconnect
[2026-06-02 01:45:47] [warning] phone-bridge: connection closed (code=1000 reason=)
[2026-06-02 01:45:47] [info] phone-bridge: reconnecting in 1s
[2026-06-02 01:45:48] [info] phone-bridge: connected, subscribing to user_registration,user_blf,user_status
[2026-06-02 01:51:18] [warning] phone-bridge: no events for 330s — forcing reconnect
[2026-06-02 01:51:18] [warning] phone-bridge: connection closed (code=1000 reason=)
[2026-06-02 01:51:18] [info] phone-bridge: reconnecting in 1s
[2026-06-02 01:51:20] [info] phone-bridge: connected, subscribing to user_registration,user_blf,user_status
[2026-06-02 01:56:50] [warning] phone-bridge: no events for 330s — forcing reconnect
[2026-06-02 01:56:50] [warning] phone-bridge: connection closed (code=1000 reason=)
[2026-06-02 01:56:50] [info] phone-bridge: reconnecting in 1s
[2026-06-02 01:56:51] [info] phone-bridge: connected, subscribing to user_registration,user_blf,user_status
[2026-06-02 02:02:21] [warning] phone-bridge: no events for 330s — forcing reconnect
[2026-06-02 02:02:21] [warning] phone-bridge: connection closed (code=1000 reason=)
[2026-06-02 02:02:21] [info] phone-bridge: reconnecting in 1s
[2026-06-02 02:02:23] [info] phone-bridge: connected, subscribing to user_registration,user_blf,user_status
[2026-06-02 02:07:53] [warning] phone-bridge: no events for 330s — forcing reconnect
[2026-06-02 02:07:53] [warning] phone-bridge: connection closed (code=1000 reason=)
[2026-06-02 02:07:53] [info] phone-bridge: reconnecting in 1s
[2026-06-02 02:07:54] [info] phone-bridge: connected, subscribing to user_registration,user_blf,user_status
[2026-06-02 02:13:24] [warning] phone-bridge: no events for 330s — forcing reconnect
[2026-06-02 02:13:24] [warning] phone-bridge: connection closed (code=1000 reason=)
[2026-06-02 02:13:24] [info] phone-bridge: reconnecting in 1s
[2026-06-02 02:13:26] [info] phone-bridge: connected, subscribing to user_registration,user_blf,user_status
[2026-06-02 02:18:56] [warning] phone-bridge: no events for 330s — forcing reconnect
[2026-06-02 02:18:56] [warning] phone-bridge: connection closed (code=1000 reason=)
[2026-06-02 02:18:56] [info] phone-bridge: reconnecting in 1s
[2026-06-02 02:18:57] [info] phone-bridge: connected, subscribing to user_registration,user_blf,user_status
[2026-06-02 02:24:27] [warning] phone-bridge: no events for 330s — forcing reconnect
[2026-06-02 02:24:27] [warning] phone-bridge: connection closed (code=1000 reason=)
[2026-06-02 02:24:27] [info] phone-bridge: reconnecting in 1s
[2026-06-02 02:24:29] [info] phone-bridge: connected, subscribing to user_registration,user_blf,user_status
[2026-06-02 02:29:59] [warning] phone-bridge: no events for 330s — forcing reconnect
[2026-06-02 02:29:59] [warning] phone-bridge: connection closed (code=1000 reason=)
[2026-06-02 02:29:59] [info] phone-bridge: reconnecting in 1s
[2026-06-02 02:30:00] [info] phone-bridge: connected, subscribing to user_registration,user_blf,user_status
[2026-06-02 02:35:30] [warning] phone-bridge: no events for 329s — forcing reconnect
[2026-06-02 02:35:30] [warning] phone-bridge: connection closed (code=1000 reason=)
[2026-06-02 02:35:30] [info] phone-bridge: reconnecting in 1s
[2026-06-02 02:35:32] [info] phone-bridge: connected, subscribing to user_registration,user_blf,user_status
[2026-06-02 02:41:02] [warning] phone-bridge: no events for 330s — forcing reconnect
[2026-06-02 02:41:02] [warning] phone-bridge: connection closed (code=1000 reason=)
[2026-06-02 02:41:02] [info] phone-bridge: reconnecting in 1s
[2026-06-02 02:41:03] [info] phone-bridge: connected, subscribing to user_registration,user_blf,user_status
[2026-06-02 02:46:33] [warning] phone-bridge: no events for 330s — forcing reconnect
[2026-06-02 02:46:33] [warning] phone-bridge: connection closed (code=1000 reason=)
[2026-06-02 02:46:33] [info] phone-bridge: reconnecting in 1s
[2026-06-02 02:46:35] [info] phone-bridge: connected, subscribing to user_registration,user_blf,user_status
[2026-06-02 02:52:05] [warning] phone-bridge: no events for 330s — forcing reconnect
[2026-06-02 02:52:05] [warning] phone-bridge: connection closed (code=1000 reason=)
[2026-06-02 02:52:05] [info] phone-bridge: reconnecting in 1s
[2026-06-02 02:52:06] [info] phone-bridge: connected, subscribing to user_registration,user_blf,user_status
[2026-06-02 02:57:36] [warning] phone-bridge: no events for 330s — forcing reconnect
[2026-06-02 02:57:36] [warning] phone-bridge: connection closed (code=1000 reason=)
[2026-06-02 02:57:36] [info] phone-bridge: reconnecting in 1s
[2026-06-02 02:57:38] [info] phone-bridge: connected, subscribing to user_registration,user_blf,user_status
[2026-06-02 03:03:08] [warning] phone-bridge: no events for 330s — forcing reconnect
[2026-06-02 03:03:08] [warning] phone-bridge: connection closed (code=1000 reason=)
[2026-06-02 03:03:08] [info] phone-bridge: reconnecting in 1s
[2026-06-02 03:03:09] [info] phone-bridge: connected, subscribing to user_registration,user_blf,user_status
[2026-06-02 03:08:39] [warning] phone-bridge: no events for 330s — forcing reconnect
[2026-06-02 03:08:39] [warning] phone-bridge: connection closed (code=1000 reason=)
[2026-06-02 03:08:39] [info] phone-bridge: reconnecting in 1s
[2026-06-02 03:08:41] [info] phone-bridge: connected, subscribing to user_registration,user_blf,user_status
[2026-06-02 03:14:11] [warning] phone-bridge: no events for 330s — forcing reconnect
[2026-06-02 03:14:11] [warning] phone-bridge: connection closed (code=1000 reason=)
[2026-06-02 03:14:11] [info] phone-bridge: reconnecting in 1s
[2026-06-02 03:14:12] [info] phone-bridge: connected, subscribing to user_registration,user_blf,user_status
[2026-06-02 03:19:42] [warning] phone-bridge: no events for 330s — forcing reconnect
[2026-06-02 03:19:42] [warning] phone-bridge: connection closed (code=1000 reason=)
[2026-06-02 03:19:42] [info] phone-bridge: reconnecting in 1s
[2026-06-02 03:19:44] [info] phone-bridge: connected, subscribing to user_registration,user_blf,user_status
[2026-06-02 03:25:14] [warning] phone-bridge: no events for 330s — forcing reconnect
[2026-06-02 03:25:14] [warning] phone-bridge: connection closed (code=1000 reason=)
[2026-06-02 03:25:14] [info] phone-bridge: reconnecting in 1s
[2026-06-02 03:25:15] [info] phone-bridge: connected, subscribing to user_registration,user_blf,user_status
[2026-06-02 03:30:45] [warning] phone-bridge: no events for 330s — forcing reconnect
[2026-06-02 03:30:45] [warning] phone-bridge: connection closed (code=1000 reason=)
[2026-06-02 03:30:45] [info] phone-bridge: reconnecting in 1s
[2026-06-02 03:30:47] [info] phone-bridge: connected, subscribing to user_registration,user_blf,user_status
[2026-06-02 03:36:17] [warning] phone-bridge: no events for 330s — forcing reconnect
[2026-06-02 03:36:17] [warning] phone-bridge: connection closed (code=1000 reason=)
[2026-06-02 03:36:17] [info] phone-bridge: reconnecting in 1s
[2026-06-02 03:36:18] [info] phone-bridge: connected, subscribing to user_registration,user_blf,user_status
[2026-06-02 03:41:48] [warning] phone-bridge: no events for 330s — forcing reconnect
[2026-06-02 03:41:48] [warning] phone-bridge: connection closed (code=1000 reason=)
[2026-06-02 03:41:48] [info] phone-bridge: reconnecting in 1s
[2026-06-02 03:41:50] [info] phone-bridge: connected, subscribing to user_registration,user_blf,user_status
[2026-06-02 03:47:20] [warning] phone-bridge: no events for 330s — forcing reconnect
[2026-06-02 03:47:20] [warning] phone-bridge: connection closed (code=1000 reason=)
[2026-06-02 03:47:20] [info] phone-bridge: reconnecting in 1s
[2026-06-02 03:47:21] [info] phone-bridge: connected, subscribing to user_registration,user_blf,user_status
[2026-06-02 03:52:51] [warning] phone-bridge: no events for 330s — forcing reconnect
[2026-06-02 03:52:51] [warning] phone-bridge: connection closed (code=1000 reason=)
[2026-06-02 03:52:51] [info] phone-bridge: reconnecting in 1s
[2026-06-02 03:52:53] [info] phone-bridge: connected, subscribing to user_registration,user_blf,user_status
[2026-06-02 03:58:23] [warning] phone-bridge: no events for 330s — forcing reconnect
[2026-06-02 03:58:23] [warning] phone-bridge: connection closed (code=1000 reason=)
[2026-06-02 03:58:23] [info] phone-bridge: reconnecting in 1s
[2026-06-02 03:58:24] [info] phone-bridge: connected, subscribing to user_registration,user_blf,user_status
[2026-06-02 04:03:54] [warning] phone-bridge: no events for 330s — forcing reconnect
[2026-06-02 04:03:54] [warning] phone-bridge: connection closed (code=1000 reason=)
[2026-06-02 04:03:54] [info] phone-bridge: reconnecting in 1s
[2026-06-02 04:03:56] [info] phone-bridge: connected, subscribing to user_registration,user_blf,user_status
[2026-06-02 04:09:26] [warning] phone-bridge: no events for 330s — forcing reconnect
[2026-06-02 04:09:26] [warning] phone-bridge: connection closed (code=1000 reason=)
[2026-06-02 04:09:26] [info] phone-bridge: reconnecting in 1s
[2026-06-02 04:09:27] [info] phone-bridge: connected, subscribing to user_registration,user_blf,user_status
[2026-06-02 04:14:57] [warning] phone-bridge: no events for 330s — forcing reconnect
[2026-06-02 04:14:57] [warning] phone-bridge: connection closed (code=1000 reason=)
[2026-06-02 04:14:57] [info] phone-bridge: reconnecting in 1s
[2026-06-02 04:14:59] [info] phone-bridge: connected, subscribing to user_registration,user_blf,user_status
[2026-06-02 04:20:29] [warning] phone-bridge: no events for 330s — forcing reconnect
[2026-06-02 04:20:29] [warning] phone-bridge: connection closed (code=1000 reason=)
[2026-06-02 04:20:29] [info] phone-bridge: reconnecting in 1s
[2026-06-02 04:20:30] [info] phone-bridge: connected, subscribing to user_registration,user_blf,user_status
[2026-06-02 04:26:00] [warning] phone-bridge: no events for 330s — forcing reconnect
[2026-06-02 04:26:00] [warning] phone-bridge: connection closed (code=1000 reason=)
[2026-06-02 04:26:00] [info] phone-bridge: reconnecting in 1s
[2026-06-02 04:26:02] [info] phone-bridge: connected, subscribing to user_registration,user_blf,user_status
[2026-06-02 04:31:32] [warning] phone-bridge: no events for 330s — forcing reconnect
[2026-06-02 04:31:32] [warning] phone-bridge: connection closed (code=1000 reason=)
[2026-06-02 04:31:32] [info] phone-bridge: reconnecting in 1s
[2026-06-02 04:31:33] [info] phone-bridge: connected, subscribing to user_registration,user_blf,user_status
[2026-06-02 04:37:03] [warning] phone-bridge: no events for 329s — forcing reconnect
[2026-06-02 04:37:03] [warning] phone-bridge: connection closed (code=1000 reason=)
[2026-06-02 04:37:03] [info] phone-bridge: reconnecting in 1s
[2026-06-02 04:37:05] [info] phone-bridge: connected, subscribing to user_registration,user_blf,user_status
[2026-06-02 04:42:35] [warning] phone-bridge: no events for 330s — forcing reconnect
[2026-06-02 04:42:35] [warning] phone-bridge: connection closed (code=1000 reason=)
[2026-06-02 04:42:35] [info] phone-bridge: reconnecting in 1s
[2026-06-02 04:42:36] [info] phone-bridge: connected, subscribing to user_registration,user_blf,user_status
[2026-06-02 04:48:07] [warning] phone-bridge: no events for 330s — forcing reconnect
[2026-06-02 04:48:07] [warning] phone-bridge: connection closed (code=1000 reason=)
[2026-06-02 04:48:07] [info] phone-bridge: reconnecting in 1s
[2026-06-02 04:48:08] [info] phone-bridge: connected, subscribing to user_registration,user_blf,user_status
[2026-06-02 04:53:38] [warning] phone-bridge: no events for 330s — forcing reconnect
[2026-06-02 04:53:38] [warning] phone-bridge: connection closed (code=1000 reason=)
[2026-06-02 04:53:38] [info] phone-bridge: reconnecting in 1s
[2026-06-02 04:53:39] [info] phone-bridge: connected, subscribing to user_registration,user_blf,user_status
[2026-06-02 04:59:09] [warning] phone-bridge: no events for 330s — forcing reconnect
[2026-06-02 04:59:09] [warning] phone-bridge: connection closed (code=1000 reason=)
[2026-06-02 04:59:09] [info] phone-bridge: reconnecting in 1s
[2026-06-02 04:59:11] [info] phone-bridge: connected, subscribing to user_registration,user_blf,user_status
[2026-06-02 05:04:41] [warning] phone-bridge: no events for 330s — forcing reconnect
[2026-06-02 05:04:41] [warning] phone-bridge: connection closed (code=1000 reason=)
[2026-06-02 05:04:41] [info] phone-bridge: reconnecting in 1s
[2026-06-02 05:04:42] [info] phone-bridge: connected, subscribing to user_registration,user_blf,user_status
[2026-06-02 05:10:12] [warning] phone-bridge: no events for 330s — forcing reconnect
[2026-06-02 05:10:12] [warning] phone-bridge: connection closed (code=1000 reason=)
[2026-06-02 05:10:12] [info] phone-bridge: reconnecting in 1s
[2026-06-02 05:10:14] [info] phone-bridge: connected, subscribing to user_registration,user_blf,user_status
[2026-06-02 05:15:44] [warning] phone-bridge: no events for 330s — forcing reconnect
[2026-06-02 05:15:44] [warning] phone-bridge: connection closed (code=1000 reason=)
[2026-06-02 05:15:44] [info] phone-bridge: reconnecting in 1s
[2026-06-02 05:15:45] [info] phone-bridge: connected, subscribing to user_registration,user_blf,user_status
[2026-06-02 05:21:15] [warning] phone-bridge: no events for 330s — forcing reconnect
[2026-06-02 05:21:15] [warning] phone-bridge: connection closed (code=1000 reason=)
[2026-06-02 05:21:15] [info] phone-bridge: reconnecting in 1s
[2026-06-02 05:21:17] [info] phone-bridge: connected, subscribing to user_registration,user_blf,user_status
[2026-06-02 05:26:47] [warning] phone-bridge: no events for 330s — forcing reconnect
[2026-06-02 05:26:47] [warning] phone-bridge: connection closed (code=1000 reason=)
[2026-06-02 05:26:47] [info] phone-bridge: reconnecting in 1s
[2026-06-02 05:26:49] [info] phone-bridge: connected, subscribing to user_registration,user_blf,user_status
[2026-06-02 05:32:19] [warning] phone-bridge: no events for 330s — forcing reconnect
[2026-06-02 05:32:19] [warning] phone-bridge: connection closed (code=1000 reason=)
[2026-06-02 05:32:19] [info] phone-bridge: reconnecting in 1s
[2026-06-02 05:32:20] [info] phone-bridge: connected, subscribing to user_registration,user_blf,user_status
[2026-06-02 05:37:50] [warning] phone-bridge: no events for 330s — forcing reconnect
[2026-06-02 05:37:50] [warning] phone-bridge: connection closed (code=1000 reason=)
[2026-06-02 05:37:50] [info] phone-bridge: reconnecting in 1s
[2026-06-02 05:37:52] [info] phone-bridge: connected, subscribing to user_registration,user_blf,user_status
[2026-06-02 05:43:22] [warning] phone-bridge: no events for 330s — forcing reconnect
[2026-06-02 05:43:22] [warning] phone-bridge: connection closed (code=1000 reason=)
[2026-06-02 05:43:22] [info] phone-bridge: reconnecting in 1s
[2026-06-02 05:43:23] [info] phone-bridge: connected, subscribing to user_registration,user_blf,user_status
[2026-06-02 20:56:28] [warning] phone-bridge: no events for 314s — forcing reconnect
[2026-06-02 20:56:28] [warning] phone-bridge: connection closed (code=1000 reason=)
[2026-06-02 20:56:28] [info] phone-bridge: reconnecting in 1s
[2026-06-02 20:56:30] [info] phone-bridge: connected, subscribing to user_registration,user_blf,user_status
[2026-06-03 01:19:02] [warning] phone-bridge: no events for 308s — forcing reconnect
[2026-06-03 01:19:02] [warning] phone-bridge: connection closed (code=1000 reason=)
[2026-06-03 01:19:02] [info] phone-bridge: reconnecting in 1s
[2026-06-03 01:19:03] [info] phone-bridge: connected, subscribing to user_registration,user_blf,user_status
[2026-06-03 01:28:03] [warning] phone-bridge: no events for 307s — forcing reconnect
[2026-06-03 01:28:03] [warning] phone-bridge: connection closed (code=1000 reason=)
[2026-06-03 01:28:03] [info] phone-bridge: reconnecting in 1s
[2026-06-03 01:28:05] [info] phone-bridge: connected, subscribing to user_registration,user_blf,user_status
[2026-06-03 01:37:05] [warning] phone-bridge: no events for 308s — forcing reconnect
[2026-06-03 01:37:05] [warning] phone-bridge: connection closed (code=1000 reason=)
[2026-06-03 01:37:05] [info] phone-bridge: reconnecting in 1s
[2026-06-03 01:37:06] [info] phone-bridge: connected, subscribing to user_registration,user_blf,user_status
[2026-06-03 01:46:06] [warning] phone-bridge: no events for 309s — forcing reconnect
[2026-06-03 01:46:06] [warning] phone-bridge: connection closed (code=1000 reason=)
[2026-06-03 01:46:06] [info] phone-bridge: reconnecting in 1s
[2026-06-03 01:46:08] [info] phone-bridge: connected, subscribing to user_registration,user_blf,user_status
[2026-06-03 01:55:08] [warning] phone-bridge: no events for 309s — forcing reconnect
[2026-06-03 01:55:08] [warning] phone-bridge: connection closed (code=1000 reason=)
[2026-06-03 01:55:08] [info] phone-bridge: reconnecting in 1s
[2026-06-03 01:55:10] [info] phone-bridge: connected, subscribing to user_registration,user_blf,user_status
[2026-06-03 02:04:10] [warning] phone-bridge: no events for 306s — forcing reconnect
[2026-06-03 02:04:10] [warning] phone-bridge: connection closed (code=1000 reason=)
[2026-06-03 02:04:10] [info] phone-bridge: reconnecting in 1s
[2026-06-03 02:04:11] [info] phone-bridge: connected, subscribing to user_registration,user_blf,user_status
[2026-06-03 02:13:11] [warning] phone-bridge: no events for 306s — forcing reconnect
[2026-06-03 02:13:11] [warning] phone-bridge: connection closed (code=1000 reason=)
[2026-06-03 02:13:11] [info] phone-bridge: reconnecting in 1s
[2026-06-03 02:13:13] [info] phone-bridge: connected, subscribing to user_registration,user_blf,user_status
[2026-06-03 02:22:13] [warning] phone-bridge: no events for 304s — forcing reconnect
[2026-06-03 02:22:13] [warning] phone-bridge: connection closed (code=1000 reason=)
[2026-06-03 02:22:13] [info] phone-bridge: reconnecting in 1s
[2026-06-03 02:22:14] [info] phone-bridge: connected, subscribing to user_registration,user_blf,user_status
[2026-06-03 02:31:14] [warning] phone-bridge: no events for 301s — forcing reconnect
[2026-06-03 02:31:14] [warning] phone-bridge: connection closed (code=1000 reason=)
[2026-06-03 02:31:14] [info] phone-bridge: reconnecting in 1s
[2026-06-03 02:31:16] [info] phone-bridge: connected, subscribing to user_registration,user_blf,user_status
[2026-06-03 02:40:16] [warning] phone-bridge: no events for 303s — forcing reconnect
[2026-06-03 02:40:16] [warning] phone-bridge: connection closed (code=1000 reason=)
[2026-06-03 02:40:16] [info] phone-bridge: reconnecting in 1s
[2026-06-03 02:40:17] [info] phone-bridge: connected, subscribing to user_registration,user_blf,user_status
[2026-06-03 02:49:47] [warning] phone-bridge: no events for 321s — forcing reconnect
[2026-06-03 02:49:47] [warning] phone-bridge: connection closed (code=1000 reason=)
[2026-06-03 02:49:47] [info] phone-bridge: reconnecting in 1s
[2026-06-03 02:49:49] [info] phone-bridge: connected, subscribing to user_registration,user_blf,user_status
[2026-06-03 02:58:49] [warning] phone-bridge: no events for 315s — forcing reconnect
[2026-06-03 02:58:49] [warning] phone-bridge: connection closed (code=1000 reason=)
[2026-06-03 02:58:49] [info] phone-bridge: reconnecting in 1s
[2026-06-03 02:58:50] [info] phone-bridge: connected, subscribing to user_registration,user_blf,user_status
[2026-06-03 03:10:50] [warning] phone-bridge: no events for 318s — forcing reconnect
[2026-06-03 03:10:50] [warning] phone-bridge: connection closed (code=1000 reason=)
[2026-06-03 03:10:50] [info] phone-bridge: reconnecting in 1s
[2026-06-03 03:10:52] [info] phone-bridge: connected, subscribing to user_registration,user_blf,user_status
[2026-06-03 03:19:52] [warning] phone-bridge: no events for 313s — forcing reconnect
[2026-06-03 03:19:52] [warning] phone-bridge: connection closed (code=1000 reason=)
[2026-06-03 03:19:52] [info] phone-bridge: reconnecting in 1s
[2026-06-03 03:19:53] [info] phone-bridge: connected, subscribing to user_registration,user_blf,user_status
[2026-06-03 03:27:24] [warning] phone-bridge: no events for 312s — forcing reconnect
[2026-06-03 03:27:24] [warning] phone-bridge: connection closed (code=1000 reason=)
[2026-06-03 03:27:24] [info] phone-bridge: reconnecting in 1s
[2026-06-03 03:27:25] [info] phone-bridge: connected, subscribing to user_registration,user_blf,user_status
[2026-06-03 03:32:55] [warning] phone-bridge: no events for 330s — forcing reconnect
[2026-06-03 03:32:55] [warning] phone-bridge: connection closed (code=1000 reason=)
[2026-06-03 03:32:55] [info] phone-bridge: reconnecting in 1s
[2026-06-03 03:32:57] [info] phone-bridge: connected, subscribing to user_registration,user_blf,user_status
[2026-06-03 03:38:27] [warning] phone-bridge: no events for 330s — forcing reconnect
[2026-06-03 03:38:27] [warning] phone-bridge: connection closed (code=1000 reason=)
[2026-06-03 03:38:27] [info] phone-bridge: reconnecting in 1s
[2026-06-03 03:38:28] [info] phone-bridge: connected, subscribing to user_registration,user_blf,user_status
[2026-06-03 03:43:58] [warning] phone-bridge: no events for 330s — forcing reconnect
[2026-06-03 03:43:58] [warning] phone-bridge: connection closed (code=1000 reason=)
[2026-06-03 03:43:58] [info] phone-bridge: reconnecting in 1s
[2026-06-03 03:44:00] [info] phone-bridge: connected, subscribing to user_registration,user_blf,user_status
[2026-06-03 03:49:30] [warning] phone-bridge: no events for 330s — forcing reconnect
[2026-06-03 03:49:30] [warning] phone-bridge: connection closed (code=1000 reason=)
[2026-06-03 03:49:30] [info] phone-bridge: reconnecting in 1s
[2026-06-03 03:49:31] [info] phone-bridge: connected, subscribing to user_registration,user_blf,user_status
[2026-06-03 03:55:01] [warning] phone-bridge: no events for 330s — forcing reconnect
[2026-06-03 03:55:01] [warning] phone-bridge: connection closed (code=1000 reason=)
[2026-06-03 03:55:01] [info] phone-bridge: reconnecting in 1s
[2026-06-03 03:55:03] [info] phone-bridge: connected, subscribing to user_registration,user_blf,user_status
[2026-06-03 04:00:33] [warning] phone-bridge: no events for 330s — forcing reconnect
[2026-06-03 04:00:33] [warning] phone-bridge: connection closed (code=1000 reason=)
[2026-06-03 04:00:33] [info] phone-bridge: reconnecting in 1s
[2026-06-03 04:00:34] [info] phone-bridge: connected, subscribing to user_registration,user_blf,user_status
[2026-06-03 04:06:04] [warning] phone-bridge: no events for 330s — forcing reconnect
[2026-06-03 04:06:04] [warning] phone-bridge: connection closed (code=1000 reason=)
[2026-06-03 04:06:04] [info] phone-bridge: reconnecting in 1s
[2026-06-03 04:06:06] [info] phone-bridge: connected, subscribing to user_registration,user_blf,user_status
[2026-06-03 04:11:36] [warning] phone-bridge: no events for 330s — forcing reconnect
[2026-06-03 04:11:36] [warning] phone-bridge: connection closed (code=1000 reason=)
[2026-06-03 04:11:36] [info] phone-bridge: reconnecting in 1s
[2026-06-03 04:11:37] [info] phone-bridge: connected, subscribing to user_registration,user_blf,user_status
[2026-06-03 04:17:07] [warning] phone-bridge: no events for 330s — forcing reconnect
[2026-06-03 04:17:07] [warning] phone-bridge: connection closed (code=1000 reason=)
[2026-06-03 04:17:07] [info] phone-bridge: reconnecting in 1s
[2026-06-03 04:17:09] [info] phone-bridge: connected, subscribing to user_registration,user_blf,user_status
[2026-06-03 04:22:39] [warning] phone-bridge: no events for 330s — forcing reconnect
[2026-06-03 04:22:39] [warning] phone-bridge: connection closed (code=1000 reason=)
[2026-06-03 04:22:39] [info] phone-bridge: reconnecting in 1s
[2026-06-03 04:22:40] [info] phone-bridge: connected, subscribing to user_registration,user_blf,user_status
[2026-06-03 04:28:10] [warning] phone-bridge: no events for 330s — forcing reconnect
[2026-06-03 04:28:10] [warning] phone-bridge: connection closed (code=1000 reason=)
[2026-06-03 04:28:10] [info] phone-bridge: reconnecting in 1s
[2026-06-03 04:28:12] [info] phone-bridge: connected, subscribing to user_registration,user_blf,user_status
[2026-06-03 04:33:42] [warning] phone-bridge: no events for 330s — forcing reconnect
[2026-06-03 04:33:42] [warning] phone-bridge: connection closed (code=1000 reason=)
[2026-06-03 04:33:42] [info] phone-bridge: reconnecting in 1s
[2026-06-03 04:33:48] [info] phone-bridge: connected, subscribing to user_registration,user_blf,user_status
[2026-06-03 04:44:48] [warning] phone-bridge: no events for 309s — forcing reconnect
[2026-06-03 04:44:48] [warning] phone-bridge: connection closed (code=1000 reason=)
[2026-06-03 04:44:48] [info] phone-bridge: reconnecting in 1s
[2026-06-03 04:44:50] [info] phone-bridge: connected, subscribing to user_registration,user_blf,user_status
[2026-06-03 04:50:20] [warning] phone-bridge: no events for 330s — forcing reconnect
[2026-06-03 04:50:20] [warning] phone-bridge: connection closed (code=1000 reason=)
[2026-06-03 04:50:20] [info] phone-bridge: reconnecting in 1s
[2026-06-03 04:51:21] [error] phone-bridge: reconnect failed: Connection to tls://pbx12127.onpbx.ru:3342 timed out after 60 seconds (ETIMEDOUT)
[2026-06-03 04:51:21] [info] phone-bridge: reconnecting in 2s
[2026-06-03 04:52:23] [error] phone-bridge: reconnect failed: Connection to tls://pbx12127.onpbx.ru:3342 timed out after 60 seconds (ETIMEDOUT)
[2026-06-03 04:52:23] [info] phone-bridge: reconnecting in 4s
[2026-06-03 04:53:05] [info] phone-bridge: connected, subscribing to user_registration,user_blf,user_status
[2026-06-03 04:58:35] [warning] phone-bridge: no events for 306s — forcing reconnect
[2026-06-03 04:58:35] [warning] phone-bridge: connection closed (code=1000 reason=)
[2026-06-03 04:58:35] [info] phone-bridge: reconnecting in 1s
[2026-06-03 04:58:36] [info] phone-bridge: connected, subscribing to user_registration,user_blf,user_status
[2026-06-03 05:04:06] [warning] phone-bridge: no events for 330s — forcing reconnect
[2026-06-03 05:04:06] [warning] phone-bridge: connection closed (code=1000 reason=)
[2026-06-03 05:04:06] [info] phone-bridge: reconnecting in 1s
[2026-06-03 05:05:07] [error] phone-bridge: reconnect failed: Connection to tls://pbx12127.onpbx.ru:3342 timed out after 60 seconds (ETIMEDOUT)
[2026-06-03 05:05:07] [info] phone-bridge: reconnecting in 2s
[2026-06-03 05:06:10] [error] phone-bridge: reconnect failed: Connection to tls://pbx12127.onpbx.ru:3342 timed out after 60 seconds (ETIMEDOUT)
[2026-06-03 05:06:10] [info] phone-bridge: reconnecting in 4s
[2026-06-03 05:07:14] [error] phone-bridge: reconnect failed: Connection to tls://pbx12127.onpbx.ru:3342 timed out after 60 seconds (ETIMEDOUT)
[2026-06-03 05:07:14] [info] phone-bridge: reconnecting in 8s
[2026-06-03 05:07:22] [info] phone-bridge: connected, subscribing to user_registration,user_blf,user_status
[2026-06-03 05:12:52] [warning] phone-bridge: no events for 330s — forcing reconnect
[2026-06-03 05:12:52] [warning] phone-bridge: connection closed (code=1000 reason=)
[2026-06-03 05:12:52] [info] phone-bridge: reconnecting in 1s
[2026-06-03 05:12:54] [info] phone-bridge: connected, subscribing to user_registration,user_blf,user_status
[2026-06-03 05:18:24] [warning] phone-bridge: no events for 330s — forcing reconnect
[2026-06-03 05:18:24] [warning] phone-bridge: connection closed (code=1000 reason=)
[2026-06-03 05:18:24] [info] phone-bridge: reconnecting in 1s
[2026-06-03 05:18:25] [info] phone-bridge: connected, subscribing to user_registration,user_blf,user_status
[2026-06-03 05:23:55] [warning] phone-bridge: no events for 330s — forcing reconnect
[2026-06-03 05:23:55] [warning] phone-bridge: connection closed (code=1000 reason=)
[2026-06-03 05:23:55] [info] phone-bridge: reconnecting in 1s
[2026-06-03 05:24:56] [error] phone-bridge: reconnect failed: Connection to tls://pbx12127.onpbx.ru:3342 timed out after 60 seconds (ETIMEDOUT)
[2026-06-03 05:24:56] [info] phone-bridge: reconnecting in 2s
[2026-06-03 05:25:35] [info] phone-bridge: connected, subscribing to user_registration,user_blf,user_status
[2026-06-03 05:31:05] [warning] phone-bridge: no events for 330s — forcing reconnect
[2026-06-03 05:31:05] [warning] phone-bridge: connection closed (code=1000 reason=)
[2026-06-03 05:31:05] [info] phone-bridge: reconnecting in 1s
[2026-06-03 05:31:07] [info] phone-bridge: connected, subscribing to user_registration,user_blf,user_status
[2026-06-03 05:36:37] [warning] phone-bridge: no events for 330s — forcing reconnect
[2026-06-03 05:36:37] [warning] phone-bridge: connection closed (code=1000 reason=)
[2026-06-03 05:36:37] [info] phone-bridge: reconnecting in 1s
[2026-06-03 05:36:38] [info] phone-bridge: connected, subscribing to user_registration,user_blf,user_status
[2026-06-03 05:42:08] [warning] phone-bridge: no events for 330s — forcing reconnect
[2026-06-03 05:42:08] [warning] phone-bridge: connection closed (code=1000 reason=)
[2026-06-03 05:42:08] [info] phone-bridge: reconnecting in 1s
[2026-06-03 05:42:10] [info] phone-bridge: connected, subscribing to user_registration,user_blf,user_status
[2026-06-03 05:47:40] [warning] phone-bridge: no events for 330s — forcing reconnect
[2026-06-03 05:47:40] [warning] phone-bridge: connection closed (code=1000 reason=)
[2026-06-03 05:47:40] [info] phone-bridge: reconnecting in 1s
[2026-06-03 05:47:41] [info] phone-bridge: connected, subscribing to user_registration,user_blf,user_status
[2026-06-03 05:53:11] [warning] phone-bridge: no events for 330s — forcing reconnect
[2026-06-03 05:53:11] [warning] phone-bridge: connection closed (code=1000 reason=)
[2026-06-03 05:53:11] [info] phone-bridge: reconnecting in 1s
[2026-06-03 05:53:13] [info] phone-bridge: connected, subscribing to user_registration,user_blf,user_status
[2026-06-03 05:58:43] [warning] phone-bridge: no events for 330s — forcing reconnect
[2026-06-03 05:58:43] [warning] phone-bridge: connection closed (code=1000 reason=)
[2026-06-03 05:58:43] [info] phone-bridge: reconnecting in 1s
[2026-06-03 05:58:44] [info] phone-bridge: connected, subscribing to user_registration,user_blf,user_status
[2026-06-03 06:04:14] [warning] phone-bridge: no events for 330s — forcing reconnect
[2026-06-03 06:04:14] [warning] phone-bridge: connection closed (code=1000 reason=)
[2026-06-03 06:04:14] [info] phone-bridge: reconnecting in 1s
[2026-06-03 06:04:16] [info] phone-bridge: connected, subscribing to user_registration,user_blf,user_status
[2026-06-03 06:09:46] [warning] phone-bridge: no events for 330s — forcing reconnect
[2026-06-03 06:09:46] [warning] phone-bridge: connection closed (code=1000 reason=)
[2026-06-03 06:09:46] [info] phone-bridge: reconnecting in 1s
[2026-06-03 06:09:47] [info] phone-bridge: connected, subscribing to user_registration,user_blf,user_status
[2026-06-03 06:15:17] [warning] phone-bridge: no events for 330s — forcing reconnect
[2026-06-03 06:15:17] [warning] phone-bridge: connection closed (code=1000 reason=)
[2026-06-03 06:15:17] [info] phone-bridge: reconnecting in 1s
[2026-06-03 06:15:19] [info] phone-bridge: connected, subscribing to user_registration,user_blf,user_status
[2026-06-03 06:20:49] [warning] phone-bridge: no events for 330s — forcing reconnect
[2026-06-03 06:20:49] [warning] phone-bridge: connection closed (code=1000 reason=)
[2026-06-03 06:20:49] [info] phone-bridge: reconnecting in 1s
[2026-06-03 06:20:50] [info] phone-bridge: connected, subscribing to user_registration,user_blf,user_status
[2026-06-03 06:26:20] [warning] phone-bridge: no events for 330s — forcing reconnect
[2026-06-03 06:26:20] [warning] phone-bridge: connection closed (code=1000 reason=)
[2026-06-03 06:26:20] [info] phone-bridge: reconnecting in 1s
[2026-06-03 06:26:22] [info] phone-bridge: connected, subscribing to user_registration,user_blf,user_status
[2026-06-03 08:58:21] [warning] phone-bridge: connection closed (code=1006 reason=Underlying connection closed)
[2026-06-03 08:58:21] [info] phone-bridge: reconnecting in 1s
[2026-06-03 08:58:23] [error] phone-bridge: reconnect failed: Connection to tls://pbx12127.onpbx.ru:3342 failed: Last error for IPv4: Connection to tcp://185.228.89.114:3342 failed: Connection refused (ECONNREFUSED). Previous error for IPv6: DNS query for pbx12127.onpbx.ru (AAAA) did not return a valid answer (NOERROR / NODATA)
[2026-06-03 08:58:23] [info] phone-bridge: reconnecting in 2s
[2026-06-03 08:58:25] [error] phone-bridge: reconnect failed: Connection to tls://pbx12127.onpbx.ru:3342 failed: Last error for IPv4: Connection to tcp://185.228.89.114:3342 failed: Connection refused (ECONNREFUSED). Previous error for IPv6: DNS query for pbx12127.onpbx.ru (AAAA) did not return a valid answer (NOERROR / NODATA)
[2026-06-03 08:58:25] [info] phone-bridge: reconnecting in 4s
[2026-06-03 08:58:29] [error] phone-bridge: reconnect failed: Connection to tls://pbx12127.onpbx.ru:3342 failed: Last error for IPv4: Connection to tcp://185.228.89.114:3342 failed: Connection refused (ECONNREFUSED). Previous error for IPv6: DNS query for pbx12127.onpbx.ru (AAAA) did not return a valid answer (NOERROR / NODATA)
[2026-06-03 08:58:29] [info] phone-bridge: reconnecting in 8s
[2026-06-03 08:58:37] [error] phone-bridge: reconnect failed: Connection to tls://pbx12127.onpbx.ru:3342 failed: Last error for IPv4: Connection to tcp://185.228.89.114:3342 failed: Connection refused (ECONNREFUSED). Previous error for IPv6: DNS query for pbx12127.onpbx.ru (AAAA) did not return a valid answer (NOERROR / NODATA)
[2026-06-03 08:58:37] [info] phone-bridge: reconnecting in 16s
[2026-06-03 08:58:54] [info] phone-bridge: connected, subscribing to user_registration,user_blf,user_status
[2026-06-03 20:47:58] [warning] phone-bridge: no events for 312s — forcing reconnect
[2026-06-03 20:47:58] [warning] phone-bridge: connection closed (code=1000 reason=)
[2026-06-03 20:47:58] [info] phone-bridge: reconnecting in 1s
[2026-06-03 20:48:00] [info] phone-bridge: connected, subscribing to user_registration,user_blf,user_status
[2026-06-03 21:03:00] [warning] phone-bridge: no events for 322s — forcing reconnect
[2026-06-03 21:03:00] [warning] phone-bridge: connection closed (code=1000 reason=)
[2026-06-03 21:03:00] [info] phone-bridge: reconnecting in 1s
[2026-06-03 21:03:02] [info] phone-bridge: connected, subscribing to user_registration,user_blf,user_status
[2026-06-03 21:08:32] [warning] phone-bridge: no events for 330s — forcing reconnect
[2026-06-03 21:08:32] [warning] phone-bridge: connection closed (code=1000 reason=)
[2026-06-03 21:08:32] [info] phone-bridge: reconnecting in 1s
[2026-06-03 21:08:33] [info] phone-bridge: connected, subscribing to user_registration,user_blf,user_status
[2026-06-03 21:14:03] [warning] phone-bridge: no events for 330s — forcing reconnect
[2026-06-03 21:14:03] [warning] phone-bridge: connection closed (code=1000 reason=)
[2026-06-03 21:14:03] [info] phone-bridge: reconnecting in 1s
[2026-06-03 21:14:06] [info] phone-bridge: connected, subscribing to user_registration,user_blf,user_status
[2026-06-03 21:19:36] [warning] phone-bridge: no events for 330s — forcing reconnect
[2026-06-03 21:19:36] [warning] phone-bridge: connection closed (code=1000 reason=)
[2026-06-03 21:19:36] [info] phone-bridge: reconnecting in 1s
[2026-06-03 21:19:37] [info] phone-bridge: connected, subscribing to user_registration,user_blf,user_status
[2026-06-03 21:25:07] [warning] phone-bridge: no events for 330s — forcing reconnect
[2026-06-03 21:25:07] [warning] phone-bridge: connection closed (code=1000 reason=)
[2026-06-03 21:25:07] [info] phone-bridge: reconnecting in 1s
[2026-06-03 21:25:09] [info] phone-bridge: connected, subscribing to user_registration,user_blf,user_status
[2026-06-03 21:30:39] [warning] phone-bridge: no events for 330s — forcing reconnect
[2026-06-03 21:30:39] [warning] phone-bridge: connection closed (code=1000 reason=)
[2026-06-03 21:30:39] [info] phone-bridge: reconnecting in 1s
[2026-06-03 21:30:40] [info] phone-bridge: connected, subscribing to user_registration,user_blf,user_status
[2026-06-03 21:36:10] [warning] phone-bridge: no events for 330s — forcing reconnect
[2026-06-03 21:36:10] [warning] phone-bridge: connection closed (code=1000 reason=)
[2026-06-03 21:36:10] [info] phone-bridge: reconnecting in 1s
[2026-06-03 21:36:12] [info] phone-bridge: connected, subscribing to user_registration,user_blf,user_status
[2026-06-03 21:41:42] [warning] phone-bridge: no events for 330s — forcing reconnect
[2026-06-03 21:41:42] [warning] phone-bridge: connection closed (code=1000 reason=)
[2026-06-03 21:41:42] [info] phone-bridge: reconnecting in 1s
[2026-06-03 21:41:43] [info] phone-bridge: connected, subscribing to user_registration,user_blf,user_status
[2026-06-03 21:50:43] [warning] phone-bridge: no events for 323s — forcing reconnect
[2026-06-03 21:50:43] [warning] phone-bridge: connection closed (code=1000 reason=)
[2026-06-03 21:50:43] [info] phone-bridge: reconnecting in 1s
[2026-06-03 21:50:45] [info] phone-bridge: connected, subscribing to user_registration,user_blf,user_status
[2026-06-03 22:07:15] [warning] phone-bridge: no events for 325s — forcing reconnect
[2026-06-03 22:07:15] [warning] phone-bridge: connection closed (code=1000 reason=)
[2026-06-03 22:07:15] [info] phone-bridge: reconnecting in 1s
[2026-06-03 22:07:16] [info] phone-bridge: connected, subscribing to user_registration,user_blf,user_status
[2026-06-03 22:16:16] [warning] phone-bridge: no events for 326s — forcing reconnect
[2026-06-03 22:16:16] [warning] phone-bridge: connection closed (code=1000 reason=)
[2026-06-03 22:16:16] [info] phone-bridge: reconnecting in 1s
[2026-06-03 22:16:18] [info] phone-bridge: connected, subscribing to user_registration,user_blf,user_status
[2026-06-03 22:25:18] [warning] phone-bridge: no events for 328s — forcing reconnect
[2026-06-03 22:25:18] [warning] phone-bridge: connection closed (code=1000 reason=)
[2026-06-03 22:25:18] [info] phone-bridge: reconnecting in 1s
[2026-06-03 22:25:20] [info] phone-bridge: connected, subscribing to user_registration,user_blf,user_status
[2026-06-03 22:37:50] [warning] phone-bridge: no events for 317s — forcing reconnect
[2026-06-03 22:37:50] [warning] phone-bridge: connection closed (code=1000 reason=)
[2026-06-03 22:37:50] [info] phone-bridge: reconnecting in 1s
[2026-06-03 22:37:51] [info] phone-bridge: connected, subscribing to user_registration,user_blf,user_status
[2026-06-03 22:43:21] [warning] phone-bridge: no events for 330s — forcing reconnect
[2026-06-03 22:43:21] [warning] phone-bridge: connection closed (code=1000 reason=)
[2026-06-03 22:43:21] [info] phone-bridge: reconnecting in 1s
[2026-06-03 22:43:23] [info] phone-bridge: connected, subscribing to user_registration,user_blf,user_status
[2026-06-03 22:52:23] [warning] phone-bridge: no events for 310s — forcing reconnect
[2026-06-03 22:52:23] [warning] phone-bridge: connection closed (code=1000 reason=)
[2026-06-03 22:52:23] [info] phone-bridge: reconnecting in 1s
[2026-06-03 22:52:24] [info] phone-bridge: connected, subscribing to user_registration,user_blf,user_status
[2026-06-03 23:01:24] [warning] phone-bridge: no events for 310s — forcing reconnect
[2026-06-03 23:01:24] [warning] phone-bridge: connection closed (code=1000 reason=)
[2026-06-03 23:01:24] [info] phone-bridge: reconnecting in 1s
[2026-06-03 23:01:26] [info] phone-bridge: connected, subscribing to user_registration,user_blf,user_status
[2026-06-03 23:10:26] [warning] phone-bridge: no events for 307s — forcing reconnect
[2026-06-03 23:10:26] [warning] phone-bridge: connection closed (code=1000 reason=)
[2026-06-03 23:10:26] [info] phone-bridge: reconnecting in 1s
[2026-06-03 23:10:27] [info] phone-bridge: connected, subscribing to user_registration,user_blf,user_status
[2026-06-03 23:19:27] [warning] phone-bridge: no events for 307s — forcing reconnect
[2026-06-03 23:19:27] [warning] phone-bridge: connection closed (code=1000 reason=)
[2026-06-03 23:19:27] [info] phone-bridge: reconnecting in 1s
[2026-06-03 23:19:29] [info] phone-bridge: connected, subscribing to user_registration,user_blf,user_status
[2026-06-03 23:29:59] [warning] phone-bridge: no events for 322s — forcing reconnect
[2026-06-03 23:29:59] [warning] phone-bridge: connection closed (code=1000 reason=)
[2026-06-03 23:29:59] [info] phone-bridge: reconnecting in 1s
[2026-06-03 23:30:00] [info] phone-bridge: connected, subscribing to user_registration,user_blf,user_status
[2026-06-03 23:39:00] [warning] phone-bridge: no events for 322s — forcing reconnect
[2026-06-03 23:39:00] [warning] phone-bridge: connection closed (code=1000 reason=)
[2026-06-03 23:39:00] [info] phone-bridge: reconnecting in 1s
[2026-06-03 23:39:02] [info] phone-bridge: connected, subscribing to user_registration,user_blf,user_status
[2026-06-03 23:48:02] [warning] phone-bridge: no events for 317s — forcing reconnect
[2026-06-03 23:48:02] [warning] phone-bridge: connection closed (code=1000 reason=)
[2026-06-03 23:48:02] [info] phone-bridge: reconnecting in 1s
[2026-06-03 23:48:03] [info] phone-bridge: connected, subscribing to user_registration,user_blf,user_status
[2026-06-03 23:57:04] [warning] phone-bridge: no events for 319s — forcing reconnect
[2026-06-03 23:57:04] [warning] phone-bridge: connection closed (code=1000 reason=)
[2026-06-03 23:57:04] [info] phone-bridge: reconnecting in 1s
[2026-06-03 23:57:05] [info] phone-bridge: connected, subscribing to user_registration,user_blf,user_status
[2026-06-04 00:06:05] [warning] phone-bridge: no events for 319s — forcing reconnect
[2026-06-04 00:06:05] [warning] phone-bridge: connection closed (code=1000 reason=)
[2026-06-04 00:06:05] [info] phone-bridge: reconnecting in 1s
[2026-06-04 00:06:07] [info] phone-bridge: connected, subscribing to user_registration,user_blf,user_status
[2026-06-04 00:15:07] [warning] phone-bridge: no events for 320s — forcing reconnect
[2026-06-04 00:15:07] [warning] phone-bridge: connection closed (code=1000 reason=)
[2026-06-04 00:15:07] [info] phone-bridge: reconnecting in 1s
[2026-06-04 00:15:08] [info] phone-bridge: connected, subscribing to user_registration,user_blf,user_status
[2026-06-04 00:22:08] [warning] phone-bridge: no events for 328s — forcing reconnect
[2026-06-04 00:22:08] [warning] phone-bridge: connection closed (code=1000 reason=)
[2026-06-04 00:22:08] [info] phone-bridge: reconnecting in 1s
[2026-06-04 00:22:10] [info] phone-bridge: connected, subscribing to user_registration,user_blf,user_status
[2026-06-04 00:32:10] [warning] phone-bridge: no events for 310s — forcing reconnect
[2026-06-04 00:32:10] [warning] phone-bridge: connection closed (code=1000 reason=)
[2026-06-04 00:32:10] [info] phone-bridge: reconnecting in 1s
[2026-06-04 00:32:11] [info] phone-bridge: connected, subscribing to user_registration,user_blf,user_status
[2026-06-04 00:41:11] [warning] phone-bridge: no events for 310s — forcing reconnect
[2026-06-04 00:41:11] [warning] phone-bridge: connection closed (code=1000 reason=)
[2026-06-04 00:41:11] [info] phone-bridge: reconnecting in 1s
[2026-06-04 00:41:13] [info] phone-bridge: connected, subscribing to user_registration,user_blf,user_status
[2026-06-04 00:50:13] [warning] phone-bridge: no events for 312s — forcing reconnect
[2026-06-04 00:50:13] [warning] phone-bridge: connection closed (code=1000 reason=)
[2026-06-04 00:50:13] [info] phone-bridge: reconnecting in 1s
[2026-06-04 00:50:14] [info] phone-bridge: connected, subscribing to user_registration,user_blf,user_status
[2026-06-04 00:59:14] [warning] phone-bridge: no events for 313s — forcing reconnect
[2026-06-04 00:59:14] [warning] phone-bridge: connection closed (code=1000 reason=)
[2026-06-04 00:59:14] [info] phone-bridge: reconnecting in 1s
[2026-06-04 00:59:16] [info] phone-bridge: connected, subscribing to user_registration,user_blf,user_status
[2026-06-04 01:08:16] [warning] phone-bridge: no events for 314s — forcing reconnect
[2026-06-04 01:08:16] [warning] phone-bridge: connection closed (code=1000 reason=)
[2026-06-04 01:08:16] [info] phone-bridge: reconnecting in 1s
[2026-06-04 01:08:17] [info] phone-bridge: connected, subscribing to user_registration,user_blf,user_status
[2026-06-04 01:17:17] [warning] phone-bridge: no events for 315s — forcing reconnect
[2026-06-04 01:17:17] [warning] phone-bridge: connection closed (code=1000 reason=)
[2026-06-04 01:17:17] [info] phone-bridge: reconnecting in 1s
[2026-06-04 01:17:19] [info] phone-bridge: connected, subscribing to user_registration,user_blf,user_status
[2026-06-04 01:26:19] [warning] phone-bridge: no events for 316s — forcing reconnect
[2026-06-04 01:26:19] [warning] phone-bridge: connection closed (code=1000 reason=)
[2026-06-04 01:26:19] [info] phone-bridge: reconnecting in 1s
[2026-06-04 01:26:20] [info] phone-bridge: connected, subscribing to user_registration,user_blf,user_status
[2026-06-04 01:35:21] [warning] phone-bridge: no events for 317s — forcing reconnect
[2026-06-04 01:35:21] [warning] phone-bridge: connection closed (code=1000 reason=)
[2026-06-04 01:35:21] [info] phone-bridge: reconnecting in 1s
[2026-06-04 01:35:22] [info] phone-bridge: connected, subscribing to user_registration,user_blf,user_status
[2026-06-04 01:44:22] [warning] phone-bridge: no events for 318s — forcing reconnect
[2026-06-04 01:44:22] [warning] phone-bridge: connection closed (code=1000 reason=)
[2026-06-04 01:44:22] [info] phone-bridge: reconnecting in 1s
[2026-06-04 01:44:23] [info] phone-bridge: connected, subscribing to user_registration,user_blf,user_status
[2026-06-04 01:53:23] [warning] phone-bridge: no events for 319s — forcing reconnect
[2026-06-04 01:53:23] [warning] phone-bridge: connection closed (code=1000 reason=)
[2026-06-04 01:53:23] [info] phone-bridge: reconnecting in 1s
[2026-06-04 01:53:25] [info] phone-bridge: connected, subscribing to user_registration,user_blf,user_status
[2026-06-04 02:02:25] [warning] phone-bridge: no events for 320s — forcing reconnect
[2026-06-04 02:02:25] [warning] phone-bridge: connection closed (code=1000 reason=)
[2026-06-04 02:02:25] [info] phone-bridge: reconnecting in 1s
[2026-06-04 02:02:26] [info] phone-bridge: connected, subscribing to user_registration,user_blf,user_status
[2026-06-04 02:11:27] [warning] phone-bridge: no events for 322s — forcing reconnect
[2026-06-04 02:11:27] [warning] phone-bridge: connection closed (code=1000 reason=)
[2026-06-04 02:11:27] [info] phone-bridge: reconnecting in 1s
[2026-06-04 02:11:28] [info] phone-bridge: connected, subscribing to user_registration,user_blf,user_status
[2026-06-04 02:20:28] [warning] phone-bridge: no events for 322s — forcing reconnect
[2026-06-04 02:20:28] [warning] phone-bridge: connection closed (code=1000 reason=)
[2026-06-04 02:20:28] [info] phone-bridge: reconnecting in 1s
[2026-06-04 02:20:30] [info] phone-bridge: connected, subscribing to user_registration,user_blf,user_status
[2026-06-04 02:29:30] [warning] phone-bridge: no events for 324s — forcing reconnect
[2026-06-04 02:29:30] [warning] phone-bridge: connection closed (code=1000 reason=)
[2026-06-04 02:29:30] [info] phone-bridge: reconnecting in 1s
[2026-06-04 02:29:31] [info] phone-bridge: connected, subscribing to user_registration,user_blf,user_status
[2026-06-04 02:38:31] [warning] phone-bridge: no events for 324s — forcing reconnect
[2026-06-04 02:38:31] [warning] phone-bridge: connection closed (code=1000 reason=)
[2026-06-04 02:38:31] [info] phone-bridge: reconnecting in 1s
[2026-06-04 02:38:33] [info] phone-bridge: connected, subscribing to user_registration,user_blf,user_status
[2026-06-04 02:47:33] [warning] phone-bridge: no events for 326s — forcing reconnect
[2026-06-04 02:47:33] [warning] phone-bridge: connection closed (code=1000 reason=)
[2026-06-04 02:47:33] [info] phone-bridge: reconnecting in 1s
[2026-06-04 02:47:34] [info] phone-bridge: connected, subscribing to user_registration,user_blf,user_status
[2026-06-04 02:56:34] [warning] phone-bridge: no events for 321s — forcing reconnect
[2026-06-04 02:56:34] [warning] phone-bridge: connection closed (code=1000 reason=)
[2026-06-04 02:56:34] [info] phone-bridge: reconnecting in 1s
[2026-06-04 02:56:36] [info] phone-bridge: connected, subscribing to user_registration,user_blf,user_status
[2026-06-04 03:05:36] [warning] phone-bridge: no events for 322s — forcing reconnect
[2026-06-04 03:05:36] [warning] phone-bridge: connection closed (code=1000 reason=)
[2026-06-04 03:05:36] [info] phone-bridge: reconnecting in 1s
[2026-06-04 03:05:37] [info] phone-bridge: connected, subscribing to user_registration,user_blf,user_status
[2026-06-04 03:12:37] [warning] phone-bridge: no events for 311s — forcing reconnect
[2026-06-04 03:12:37] [warning] phone-bridge: connection closed (code=1000 reason=)
[2026-06-04 03:12:37] [info] phone-bridge: reconnecting in 1s
[2026-06-04 03:12:39] [info] phone-bridge: connected, subscribing to user_registration,user_blf,user_status
[2026-06-04 03:21:39] [warning] phone-bridge: no events for 313s — forcing reconnect
[2026-06-04 03:21:39] [warning] phone-bridge: connection closed (code=1000 reason=)
[2026-06-04 03:21:39] [info] phone-bridge: reconnecting in 1s
[2026-06-04 03:21:40] [info] phone-bridge: connected, subscribing to user_registration,user_blf,user_status
[2026-06-04 03:30:40] [warning] phone-bridge: no events for 313s — forcing reconnect
[2026-06-04 03:30:40] [warning] phone-bridge: connection closed (code=1000 reason=)
[2026-06-04 03:30:40] [info] phone-bridge: reconnecting in 1s
[2026-06-04 03:30:42] [info] phone-bridge: connected, subscribing to user_registration,user_blf,user_status
[2026-06-04 03:39:42] [warning] phone-bridge: no events for 314s — forcing reconnect
[2026-06-04 03:39:42] [warning] phone-bridge: connection closed (code=1000 reason=)
[2026-06-04 03:39:42] [info] phone-bridge: reconnecting in 1s
[2026-06-04 03:39:43] [info] phone-bridge: connected, subscribing to user_registration,user_blf,user_status
[2026-06-04 03:48:43] [warning] phone-bridge: no events for 315s — forcing reconnect
[2026-06-04 03:48:43] [warning] phone-bridge: connection closed (code=1000 reason=)
[2026-06-04 03:48:43] [info] phone-bridge: reconnecting in 1s
[2026-06-04 03:48:45] [info] phone-bridge: connected, subscribing to user_registration,user_blf,user_status
[2026-06-04 03:57:45] [warning] phone-bridge: no events for 316s — forcing reconnect
[2026-06-04 03:57:45] [warning] phone-bridge: connection closed (code=1000 reason=)
[2026-06-04 03:57:45] [info] phone-bridge: reconnecting in 1s
[2026-06-04 03:57:46] [info] phone-bridge: connected, subscribing to user_registration,user_blf,user_status
[2026-06-04 04:06:47] [warning] phone-bridge: no events for 318s — forcing reconnect
[2026-06-04 04:06:47] [warning] phone-bridge: connection closed (code=1000 reason=)
[2026-06-04 04:06:47] [info] phone-bridge: reconnecting in 1s
[2026-06-04 04:06:48] [info] phone-bridge: connected, subscribing to user_registration,user_blf,user_status
[2026-06-04 04:15:48] [warning] phone-bridge: no events for 318s — forcing reconnect
[2026-06-04 04:15:48] [warning] phone-bridge: connection closed (code=1000 reason=)
[2026-06-04 04:15:48] [info] phone-bridge: reconnecting in 1s
[2026-06-04 04:15:49] [info] phone-bridge: connected, subscribing to user_registration,user_blf,user_status
[2026-06-04 04:24:50] [warning] phone-bridge: no events for 320s — forcing reconnect
[2026-06-04 04:24:50] [warning] phone-bridge: connection closed (code=1000 reason=)
[2026-06-04 04:24:50] [info] phone-bridge: reconnecting in 1s
[2026-06-04 04:24:51] [info] phone-bridge: connected, subscribing to user_registration,user_blf,user_status
[2026-06-04 04:33:51] [warning] phone-bridge: no events for 320s — forcing reconnect
[2026-06-04 04:33:51] [warning] phone-bridge: connection closed (code=1000 reason=)
[2026-06-04 04:33:51] [info] phone-bridge: reconnecting in 1s
[2026-06-04 04:33:53] [info] phone-bridge: connected, subscribing to user_registration,user_blf,user_status
[2026-06-04 04:42:53] [warning] phone-bridge: no events for 321s — forcing reconnect
[2026-06-04 04:42:53] [warning] phone-bridge: connection closed (code=1000 reason=)
[2026-06-04 04:42:53] [info] phone-bridge: reconnecting in 1s
[2026-06-04 04:42:54] [info] phone-bridge: connected, subscribing to user_registration,user_blf,user_status
[2026-06-04 04:51:54] [warning] phone-bridge: no events for 322s — forcing reconnect
[2026-06-04 04:51:54] [warning] phone-bridge: connection closed (code=1000 reason=)
[2026-06-04 04:51:54] [info] phone-bridge: reconnecting in 1s
[2026-06-04 04:51:56] [info] phone-bridge: connected, subscribing to user_registration,user_blf,user_status
[2026-06-04 05:00:56] [warning] phone-bridge: no events for 323s — forcing reconnect
[2026-06-04 05:00:56] [warning] phone-bridge: connection closed (code=1000 reason=)
[2026-06-04 05:00:56] [info] phone-bridge: reconnecting in 1s
[2026-06-04 05:00:57] [info] phone-bridge: connected, subscribing to user_registration,user_blf,user_status
[2026-06-04 05:09:57] [warning] phone-bridge: no events for 324s — forcing reconnect
[2026-06-04 05:09:57] [warning] phone-bridge: connection closed (code=1000 reason=)
[2026-06-04 05:09:57] [info] phone-bridge: reconnecting in 1s
[2026-06-04 05:09:59] [info] phone-bridge: connected, subscribing to user_registration,user_blf,user_status
[2026-06-04 05:18:59] [warning] phone-bridge: no events for 326s — forcing reconnect
[2026-06-04 05:18:59] [warning] phone-bridge: connection closed (code=1000 reason=)
[2026-06-04 05:18:59] [info] phone-bridge: reconnecting in 1s
[2026-06-04 05:19:00] [info] phone-bridge: connected, subscribing to user_registration,user_blf,user_status
[2026-06-04 05:28:00] [warning] phone-bridge: no events for 326s — forcing reconnect
[2026-06-04 05:28:00] [warning] phone-bridge: connection closed (code=1000 reason=)
[2026-06-04 05:28:00] [info] phone-bridge: reconnecting in 1s
[2026-06-04 05:28:02] [info] phone-bridge: connected, subscribing to user_registration,user_blf,user_status
[2026-06-04 05:37:02] [warning] phone-bridge: no events for 328s — forcing reconnect
[2026-06-04 05:37:02] [warning] phone-bridge: connection closed (code=1000 reason=)
[2026-06-04 05:37:02] [info] phone-bridge: reconnecting in 1s
[2026-06-04 05:37:03] [info] phone-bridge: connected, subscribing to user_registration,user_blf,user_status
[2026-06-04 05:46:03] [warning] phone-bridge: no events for 328s — forcing reconnect
[2026-06-04 05:46:03] [warning] phone-bridge: connection closed (code=1000 reason=)
[2026-06-04 05:46:03] [info] phone-bridge: reconnecting in 1s
[2026-06-04 05:46:05] [info] phone-bridge: connected, subscribing to user_registration,user_blf,user_status
[2026-06-04 05:55:05] [warning] phone-bridge: no events for 330s — forcing reconnect
[2026-06-04 05:55:05] [warning] phone-bridge: connection closed (code=1000 reason=)
[2026-06-04 05:55:05] [info] phone-bridge: reconnecting in 1s
[2026-06-04 05:55:06] [info] phone-bridge: connected, subscribing to user_registration,user_blf,user_status
[2026-06-04 06:04:06] [warning] phone-bridge: no events for 330s — forcing reconnect
[2026-06-04 06:04:06] [warning] phone-bridge: connection closed (code=1000 reason=)
[2026-06-04 06:04:06] [info] phone-bridge: reconnecting in 1s
[2026-06-04 06:04:08] [info] phone-bridge: connected, subscribing to user_registration,user_blf,user_status
[2026-06-04 06:12:38] [warning] phone-bridge: no events for 302s — forcing reconnect
[2026-06-04 06:12:38] [warning] phone-bridge: connection closed (code=1000 reason=)
[2026-06-04 06:12:38] [info] phone-bridge: reconnecting in 1s
[2026-06-04 06:12:39] [info] phone-bridge: connected, subscribing to user_registration,user_blf,user_status
[2026-06-04 06:21:39] [warning] phone-bridge: no events for 302s — forcing reconnect
[2026-06-04 06:21:39] [warning] phone-bridge: connection closed (code=1000 reason=)
[2026-06-04 06:21:39] [info] phone-bridge: reconnecting in 1s
[2026-06-04 06:21:41] [info] phone-bridge: connected, subscribing to user_registration,user_blf,user_status
[2026-06-04 06:30:41] [warning] phone-bridge: no events for 304s — forcing reconnect
[2026-06-04 06:30:41] [warning] phone-bridge: connection closed (code=1000 reason=)
[2026-06-04 06:30:41] [info] phone-bridge: reconnecting in 1s
[2026-06-04 06:30:42] [info] phone-bridge: connected, subscribing to user_registration,user_blf,user_status
[2026-06-04 06:39:42] [warning] phone-bridge: no events for 304s — forcing reconnect
[2026-06-04 06:39:42] [warning] phone-bridge: connection closed (code=1000 reason=)
[2026-06-04 06:39:42] [info] phone-bridge: reconnecting in 1s
[2026-06-04 06:39:44] [info] phone-bridge: connected, subscribing to user_registration,user_blf,user_status
[2026-06-04 06:48:44] [warning] phone-bridge: no events for 306s — forcing reconnect
[2026-06-04 06:48:44] [warning] phone-bridge: connection closed (code=1000 reason=)
[2026-06-04 06:48:44] [info] phone-bridge: reconnecting in 1s
[2026-06-04 06:48:45] [info] phone-bridge: connected, subscribing to user_registration,user_blf,user_status
[2026-06-04 11:38:50] [info] phone-bridge: connecting to wss://pbx12127.onpbx.ru:3342/?key=OGV3MWNuVkw0VWJuZHc3c1lUeFViaWVJYnA5UXdGaXM
[2026-06-04 11:38:55] [info] phone-bridge: connected, subscribing to user_registration,user_blf,user_status
